image_path,filename,relative_path,predicted_types,pred1,prob1,pred2,prob2,pred3,prob3,prob_bug,prob_electric,prob_fire,prob_flying,prob_grass,prob_ground,prob_normal,prob_poison,prob_psychic,prob_water
sample/renders/0816 Sobble.png,0816 Sobble.png,renders/0816 Sobble.png,water,water,0.5656157,poison,0.21291497,flying,0.09563345,0.024224676,0.021903127,0.00062356505,0.09563345,0.026970766,0.026104268,0.0009814703,0.21291497,0.036907565,0.5656157
sample/renders/0804 Naganadel.png,0804 Naganadel.png,renders/0804 Naganadel.png,"flying,poison",poison,0.8416923,flying,0.60828716,bug,0.17558138,0.17558138,0.0011204344,0.00014597543,0.60828716,0.004745116,0.017442703,0.014437536,0.8416923,0.042928353,0.05025636
sample/renders/0064 Kadabra.png,0064 Kadabra.png,renders/0064 Kadabra.png,psychic,psychic,0.839804,electric,0.09697288,ground,0.07559911,0.03014592,0.09697288,0.00089133263,0.033712085,0.0005717881,0.07559911,0.015516609,0.012179843,0.839804,0.010371156
sample/renders/0890 Eternatus.png,0890 Eternatus.png,renders/0890 Eternatus.png,electric,electric,0.43181345,poison,0.16306227,fire,0.086505026,0.0045657493,0.43181345,0.086505026,0.02591565,0.068312004,4.426354e-05,0.018969059,0.16306227,0.0003592356,0.0014146873
sample/renders/0908 Meowscarada.png,0908 Meowscarada.png,renders/0908 Meowscarada.png,bug,bug,0.46172163,flying,0.32985443,psychic,0.18856,0.46172163,0.037932154,0.00027302132,0.32985443,0.1501963,0.033825934,0.008597684,0.109481715,0.18856,0.13416937
sample/renders/0632 Durant.png,0632 Durant.png,renders/0632 Durant.png,ground,ground,0.6718779,electric,0.23724231,water,0.16869946,0.013394858,0.23724231,0.00041932482,0.020096434,0.00089245744,0.6718779,0.002495651,0.011392625,0.021959022,0.16869946
sample/renders/1022 Iron Boulder.png,1022 Iron Boulder.png,renders/1022 Iron Boulder.png,electric,electric,0.20001274,ground,0.181025,flying,0.0952624,0.030820046,0.20001274,0.073183134,0.0952624,0.000879343,0.181025,0.07442037,0.09506579,0.015026557,0.0133114
sample/renders/0149 Dragonite.png,0149 Dragonite.png,renders/0149 Dragonite.png,flying,flying,0.5067201,normal,0.4713087,fire,0.2321939,0.0047087097,0.0146804955,0.2321939,0.5067201,0.001503736,0.05499711,0.4713087,0.003910676,0.001368686,0.024170086
sample/renders/0654 Braixen.png,0654 Braixen.png,renders/0654 Braixen.png,fire,fire,0.21307953,flying,0.21292654,electric,0.1493546,0.06128602,0.1493546,0.21307953,0.21292654,0.00040467555,0.074711576,0.098016106,0.014662538,0.03955997,0.022095146
sample/renders/0761 Bounsweet.png,0761 Bounsweet.png,renders/0761 Bounsweet.png,grass,grass,0.6254778,poison,0.40030277,psychic,0.20487048,0.110952035,0.0014780225,0.0018062273,0.009805157,0.6254778,0.0026568582,0.053390503,0.40030277,0.20487048,0.027828539
sample/renders/0932 Nacli.png,0932 Nacli.png,renders/0932 Nacli.png,normal,normal,0.3074028,grass,0.1903995,ground,0.10549736,0.052984115,0.0020597258,0.026570676,0.020294672,0.1903995,0.10549736,0.3074028,0.0023826577,0.06125353,0.010932176
sample/renders/0194 Wooper Paldea.png,0194 Wooper Paldea.png,renders/0194 Wooper Paldea.png,normal,normal,0.187422,psychic,0.16993639,bug,0.15359087,0.15359087,0.0019615164,0.0005987954,0.029196989,0.011995504,0.07995259,0.187422,0.041195698,0.16993639,0.050219126
sample/renders/0540 Sewaddle.png,0540 Sewaddle.png,renders/0540 Sewaddle.png,flying,flying,0.36515024,bug,0.27071622,psychic,0.24982311,0.27071622,0.16503033,0.0044120057,0.36515024,0.055428367,0.041605815,0.11680571,0.21612114,0.24982311,0.033000346
sample/renders/0530 Excadrill.png,0530 Excadrill.png,renders/0530 Excadrill.png,ground,ground,0.2918965,psychic,0.28393072,water,0.14115906,0.112953976,0.0019294075,0.0015616807,0.041709542,0.013337007,0.2918965,0.06963799,0.042009458,0.28393072,0.14115906
sample/renders/0892 Urshifu Gigantamax Rapid Strike.png,0892 Urshifu Gigantamax Rapid Strike.png,renders/0892 Urshifu Gigantamax Rapid Strike.png,flying,flying,0.47207466,poison,0.36001325,grass,0.3242634,0.0056277052,0.0026569858,0.0077979597,0.47207466,0.3242634,0.0005987298,0.06292658,0.36001325,0.026246421,0.054940987
sample/renders/0101 Electrode Hisui.png,0101 Electrode Hisui.png,renders/0101 Electrode Hisui.png,fire,fire,0.72633827,ground,0.2510404,normal,0.20808613,0.008239587,0.015732046,0.72633827,0.10489212,0.0009069134,0.2510404,0.20808613,0.002827464,0.0022356682,0.0037707535
sample/renders/0043 Oddish.png,0043 Oddish.png,renders/0043 Oddish.png,"grass,poison",poison,0.987049,grass,0.9690963,bug,0.03998357,0.03998357,0.00027451513,6.19106e-05,0.038625922,0.9690963,0.0019182209,0.0024754035,0.987049,0.004091432,0.009535374
sample/renders/0697 Tyrantrum.png,0697 Tyrantrum.png,renders/0697 Tyrantrum.png,psychic,psychic,0.48808664,water,0.233773,normal,0.23273212,0.1121016,0.01258938,0.027549021,0.21500401,0.07780892,0.04005442,0.23273212,0.039484717,0.48808664,0.233773
sample/renders/0235 Smeargle.png,0235 Smeargle.png,renders/0235 Smeargle.png,normal,normal,0.517173,flying,0.22795035,bug,0.06918478,0.06918478,0.0109250145,0.009227357,0.22795035,0.015184073,0.037774794,0.517173,0.0024351822,0.05083917,0.05627589
sample/renders/0702 Dedenne.png,0702 Dedenne.png,renders/0702 Dedenne.png,electric,electric,0.44539127,flying,0.20829149,normal,0.17360374,0.04172879,0.44539127,0.0036966885,0.20829149,5.9458805e-05,0.09240928,0.17360374,0.022200866,0.027562516,0.015072834
sample/renders/0889 Zamazenta.png,0889 Zamazenta.png,renders/0889 Zamazenta.png,"flying,normal",flying,0.62054,normal,0.57534856,water,0.17077889,0.0136188045,0.013708735,0.06367665,0.62054,0.0031115909,0.012195825,0.57534856,0.008910214,0.0099579925,0.17077889
sample/renders/0585 Deerling Spring.png,0585 Deerling Spring.png,renders/0585 Deerling Spring.png,normal,normal,0.7346642,flying,0.42394918,psychic,0.35469905,0.026650315,0.0022047746,0.0059946477,0.42394918,0.033908978,0.0058570644,0.7346642,0.0042539667,0.35469905,0.03778556
sample/renders/0866 Mr. Rime.png,0866 Mr. Rime.png,renders/0866 Mr. Rime.png,poison,poison,0.37996486,flying,0.33972088,water,0.21427323,0.09471277,0.0026228793,0.0003635798,0.33972088,0.004225424,0.026292585,0.0033882242,0.37996486,0.13679801,0.21427323
sample/renders/0366 Clamperl.png,0366 Clamperl.png,renders/0366 Clamperl.png,psychic,psychic,0.43193775,water,0.18639088,flying,0.16548787,0.07361409,0.0030644212,0.00040174683,0.16548787,0.003767448,0.011208719,0.13429324,0.035090458,0.43193775,0.18639088
sample/renders/0919 Nymble.png,0919 Nymble.png,renders/0919 Nymble.png,water,water,0.543689,poison,0.12669857,psychic,0.107356794,0.049557902,0.03349754,0.00079511513,0.02515809,0.0008965057,0.07490598,0.0016967248,0.12669857,0.107356794,0.543689
sample/renders/0883 Arctovish.png,0883 Arctovish.png,renders/0883 Arctovish.png,water,water,0.528209,flying,0.27694163,poison,0.16650711,0.035989635,0.0031838722,0.0009893945,0.27694163,0.014165691,0.04321351,0.0012801283,0.16650711,0.0067183133,0.528209
sample/renders/0650 Chespin.png,0650 Chespin.png,renders/0650 Chespin.png,"grass,psychic",psychic,0.83713216,grass,0.71320873,bug,0.18283848,0.18283848,0.002519796,0.009865667,0.179232,0.71320873,0.015333761,0.0970688,0.02437099,0.83713216,0.0040560463
sample/renders/0658 Greninja.png,0658 Greninja.png,renders/0658 Greninja.png,flying,flying,0.54255664,poison,0.27825406,water,0.2757615,0.030238582,0.009883932,0.0006358232,0.54255664,0.06525674,0.014179123,0.0034751215,0.27825406,0.014081523,0.2757615
sample/renders/0308 Medicham.png,0308 Medicham.png,renders/0308 Medicham.png,psychic,psychic,0.6504123,water,0.4635173,normal,0.35872388,0.020653043,0.006515675,0.003168532,0.05913999,0.022371488,0.0035239176,0.35872388,0.045285854,0.6504123,0.4635173
sample/renders/0479 Rotom Frost.png,0479 Rotom Frost.png,renders/0479 Rotom Frost.png,fire,fire,0.37218633,water,0.2273013,flying,0.16485378,0.107661776,0.015539195,0.37218633,0.16485378,0.087852456,0.07704667,0.0877396,0.059680402,0.091692984,0.2273013
sample/renders/0476 Probopass.png,0476 Probopass.png,renders/0476 Probopass.png,grass,grass,0.5334155,poison,0.4255365,water,0.114107646,0.022898775,0.007478245,0.07688267,0.06624437,0.5334155,0.07485587,0.10150265,0.4255365,0.06074311,0.114107646
sample/renders/0359 Absol Mega.png,0359 Absol Mega.png,renders/0359 Absol Mega.png,water,water,0.42042723,flying,0.41620502,bug,0.25730777,0.25730777,0.15677916,0.0007392621,0.41620502,0.0050429106,0.009495974,0.004300633,0.021733826,0.009487424,0.42042723
sample/renders/0729 Brionne.png,0729 Brionne.png,renders/0729 Brionne.png,"flying,water",water,0.54544985,flying,0.5013133,electric,0.051158573,0.032496687,0.051158573,0.0005713125,0.5013133,0.0030625402,0.009103697,0.0059360554,0.029815303,0.013916892,0.54544985
sample/renders/0642 Thundurus Therian.png,0642 Thundurus Therian.png,renders/0642 Thundurus Therian.png,water,water,0.3865193,flying,0.24066545,ground,0.06792996,0.037885554,0.01114645,5.938288e-05,0.24066545,0.0154936565,0.06792996,0.00017852538,0.049082875,0.0058473875,0.3865193
sample/renders/0690 Skrelp.png,0690 Skrelp.png,renders/0690 Skrelp.png,normal,normal,0.2504121,flying,0.21981886,psychic,0.20107983,0.19039029,0.004286999,0.00174791,0.21981886,0.0341282,0.054351404,0.2504121,0.16165362,0.20107983,0.1497968
sample/renders/0888 Zacian Hero.png,0888 Zacian Hero.png,renders/0888 Zacian Hero.png,flying,flying,0.7157754,water,0.40376583,poison,0.11442148,0.02759815,0.012064412,0.009743591,0.7157754,0.06522836,0.009740973,0.050766252,0.11442148,0.019172572,0.40376583
sample/renders/0730 Primarina.png,0730 Primarina.png,renders/0730 Primarina.png,water,water,0.69157404,flying,0.15125793,electric,0.06493939,0.035534084,0.06493939,0.00031451645,0.15125793,0.005122343,0.048217632,0.0037674194,0.03782895,0.026020218,0.69157404
sample/renders/0007 Squirtle.png,0007 Squirtle.png,renders/0007 Squirtle.png,water,water,0.96019953,flying,0.05640788,ground,0.034164913,0.0025316044,0.0009225796,0.0012417948,0.05640788,0.0034176118,0.034164913,0.03318016,0.016996672,0.0032435055,0.96019953
sample/renders/0978 Tatsugiri.png,0978 Tatsugiri.png,renders/0978 Tatsugiri.png,fire,fire,0.9363595,water,0.16637266,flying,0.06296706,0.0118699465,0.0010223959,0.9363595,0.06296706,0.007875405,0.004147504,0.013699723,0.0007936818,0.00048753983,0.16637266
sample/renders/0633 Deino.png,0633 Deino.png,renders/0633 Deino.png,ground,ground,0.6197287,poison,0.10784683,flying,0.07188902,0.031632025,0.028167589,0.0010884281,0.07188902,0.0025254304,0.6197287,0.028366402,0.10784683,0.056000575,0.06224427
sample/renders/0445 Garchomp.png,0445 Garchomp.png,renders/0445 Garchomp.png,water,water,0.47973427,poison,0.35844213,grass,0.08175252,0.037288472,0.023509445,0.0140172085,0.04930937,0.08175252,0.034123957,0.010766197,0.35844213,0.045700204,0.47973427
sample/renders/0619 Mienfoo.png,0619 Mienfoo.png,renders/0619 Mienfoo.png,psychic,psychic,0.49102488,normal,0.23649713,fire,0.21409212,0.04988498,0.005671671,0.21409212,0.18023294,0.050917145,0.018152671,0.23649713,0.026538473,0.49102488,0.090421766
sample/renders/0703 Carbink.png,0703 Carbink.png,renders/0703 Carbink.png,ground,ground,0.48473397,bug,0.15086909,electric,0.14561753,0.15086909,0.14561753,0.00071733876,0.10131522,0.0010628469,0.48473397,0.0023753005,0.028821222,0.017654518,0.1058513
sample/renders/0677 Espurr.png,0677 Espurr.png,renders/0677 Espurr.png,ground,ground,0.47995114,water,0.19280887,flying,0.13491674,0.112691686,0.034277044,0.00030705228,0.13491674,0.0024217314,0.47995114,0.0017637814,0.05487014,0.017165346,0.19280887
sample/renders/0421 Cherrim Sunny.png,0421 Cherrim Sunny.png,renders/0421 Cherrim Sunny.png,normal,normal,0.6181879,psychic,0.09772172,flying,0.09371201,0.028767636,0.005494115,0.057005525,0.09371201,0.017246092,0.012904408,0.6181879,0.004309909,0.09772172,0.06374104
sample/renders/0003 Venusaur Gigantamax.png,0003 Venusaur Gigantamax.png,renders/0003 Venusaur Gigantamax.png,"grass,poison",grass,0.8969432,poison,0.8819797,normal,0.19069272,0.0028848913,0.005159145,0.026289754,0.019759236,0.8969432,0.008519609,0.19069272,0.8819797,0.009500105,0.009794424
sample/renders/1024 Terapagos.png,1024 Terapagos.png,renders/1024 Terapagos.png,flying,flying,0.6852682,water,0.26446062,poison,0.16442226,0.040287703,0.0033463829,0.00095541065,0.6852682,0.021892987,0.013635109,0.002100618,0.16442226,0.009271916,0.26446062
sample/renders/0745 Lycanroc Dusk.png,0745 Lycanroc Dusk.png,renders/0745 Lycanroc Dusk.png,water,water,0.43686146,flying,0.26710582,normal,0.26570588,0.09422516,0.020160152,0.011374155,0.26710582,0.0094661545,0.018409992,0.26570588,0.01363164,0.025355162,0.43686146
sample/renders/0103 Exeggutor Alola.png,0103 Exeggutor Alola.png,renders/0103 Exeggutor Alola.png,"grass,psychic",psychic,0.8521678,grass,0.8177026,bug,0.17758456,0.17758456,0.020560969,0.0018624383,0.1148506,0.8177026,0.04156026,0.0327405,0.14349483,0.8521678,0.06720341
sample/renders/0587 Emolga.png,0587 Emolga.png,renders/0587 Emolga.png,psychic,psychic,0.31363016,bug,0.21581084,poison,0.17357914,0.21581084,0.14034799,0.001626994,0.046331644,0.0008470143,0.06904273,0.01212187,0.17357914,0.31363016,0.069054596
sample/renders/0833 Chewtle.png,0833 Chewtle.png,renders/0833 Chewtle.png,water,water,0.40545538,flying,0.35626432,poison,0.24584438,0.18959622,0.016568094,0.009972881,0.35626432,0.022997556,0.05212168,0.1965454,0.24584438,0.04984928,0.40545538
sample/renders/0666 Vivillon Fancy.png,0666 Vivillon Fancy.png,renders/0666 Vivillon Fancy.png,normal,normal,0.56325597,bug,0.39592177,flying,0.23097864,0.39592177,0.0031756866,0.001150737,0.23097864,0.21600974,0.0048752623,0.56325597,0.094376296,0.18266371,0.01324972
sample/renders/0828 Thievul.png,0828 Thievul.png,renders/0828 Thievul.png,fire,fire,0.4966872,flying,0.2141638,water,0.17229679,0.07694798,0.009592611,0.4966872,0.2141638,0.044197068,0.09288168,0.14701264,0.020928675,0.007987851,0.17229679
sample/renders/0053 Persian.png,0053 Persian.png,renders/0053 Persian.png,normal,normal,0.7340481,flying,0.36151534,fire,0.08185702,0.0022678403,0.007945526,0.08185702,0.36151534,0.00080169464,0.050880976,0.7340481,0.00013914991,0.0013905313,0.0088776965
sample/renders/0857 Hattrem.png,0857 Hattrem.png,renders/0857 Hattrem.png,water,water,0.36571208,flying,0.23973936,bug,0.1524157,0.1524157,0.07118617,0.00031399188,0.23973936,0.0020291568,0.070442595,0.0033283918,0.053801224,0.036397688,0.36571208
sample/renders/0724 Decidueye Hisui.png,0724 Decidueye Hisui.png,renders/0724 Decidueye Hisui.png,flying,flying,0.378157,normal,0.30166253,water,0.22151135,0.026921501,0.045317374,0.027848776,0.378157,0.009841724,0.07119018,0.30166253,0.010122733,0.008232947,0.22151135
sample/renders/0183 Marill.png,0183 Marill.png,renders/0183 Marill.png,flying,flying,0.63069046,water,0.46203172,poison,0.1534,0.008266512,0.0021524916,0.0043935273,0.63069046,0.021072961,0.004608285,0.013563253,0.1534,0.004872293,0.46203172
sample/renders/0640 Virizion.png,0640 Virizion.png,renders/0640 Virizion.png,"bug,flying",bug,0.96069056,flying,0.64112675,psychic,0.15306816,0.96069056,0.0023338778,0.00055842794,0.64112675,0.085095786,0.004143038,0.0025470457,0.035302963,0.15306816,0.0073365
sample/renders/0617 Accelgor.png,0617 Accelgor.png,renders/0617 Accelgor.png,poison,poison,0.5682596,grass,0.43647763,flying,0.23876548,0.027585126,0.024685312,0.0059798025,0.23876548,0.43647763,0.047447693,0.026890319,0.5682596,0.02899563,0.14723413
sample/renders/0524 Roggenrola.png,0524 Roggenrola.png,renders/0524 Roggenrola.png,poison,poison,0.502178,water,0.44757897,flying,0.16722292,0.056109086,0.028071422,0.0027220552,0.16722292,0.00850673,0.10601458,0.010837128,0.502178,0.11268964,0.44757897
sample/renders/0688 Binacle.png,0688 Binacle.png,renders/0688 Binacle.png,"flying,normal",normal,0.69398725,flying,0.6280115,water,0.10012843,0.027142614,0.01923195,0.07979052,0.6280115,0.003909268,0.021630323,0.69398725,0.015587453,0.008984525,0.10012843
sample/renders/0601 Klinklang.png,0601 Klinklang.png,renders/0601 Klinklang.png,ground,ground,0.3526299,water,0.3300891,electric,0.16794199,0.016069062,0.16794199,0.00039761132,0.060908325,0.0042294073,0.3526299,0.0012361652,0.024669988,0.008704946,0.3300891
sample/renders/0495 Snivy.png,0495 Snivy.png,renders/0495 Snivy.png,"bug,flying",bug,0.7024739,flying,0.5501124,poison,0.16392715,0.7024739,0.006263183,0.0005000198,0.5501124,0.046640206,0.0054727513,0.011796047,0.16392715,0.095761694,0.048088316
sample/renders/0503 Samurott.png,0503 Samurott.png,renders/0503 Samurott.png,water,water,0.79268324,flying,0.30120608,bug,0.045103714,0.045103714,0.013629371,0.0011508949,0.30120608,0.0058149872,0.04010026,0.005706554,0.022641117,0.021468513,0.79268324
sample/renders/0741 Oricorio Sensu.png,0741 Oricorio Sensu.png,renders/0741 Oricorio Sensu.png,flying,flying,0.30191448,poison,0.17543091,bug,0.14996219,0.14996219,0.03937844,0.0009942671,0.30191448,0.01387463,0.09884166,0.0037293138,0.17543091,0.12192248,0.13458581
sample/renders/0083 Farfetch'd.png,0083 Farfetch'd.png,renders/0083 Farfetch'd.png,psychic,psychic,0.47548047,normal,0.46686286,bug,0.1741414,0.1741414,0.0033829596,0.0005995093,0.10123242,0.14950472,0.09797992,0.46686286,0.024340546,0.47548047,0.012881398
sample/renders/0785 Tapu Koko.png,0785 Tapu Koko.png,renders/0785 Tapu Koko.png,flying,flying,0.35585144,fire,0.32752696,normal,0.104369864,0.060907397,0.095422804,0.32752696,0.35585144,0.01759672,0.01757122,0.104369864,0.04494154,0.044280916,0.00708802
sample/renders/0468 Togekiss.png,0468 Togekiss.png,renders/0468 Togekiss.png,water,water,0.3616692,electric,0.31392446,flying,0.14459999,0.02506599,0.31392446,0.0005258115,0.14459999,0.004625617,0.083592966,0.0038632976,0.03748366,0.01677866,0.3616692
sample/renders/0128 Tauros.png,0128 Tauros.png,renders/0128 Tauros.png,normal,normal,0.47431302,ground,0.33034214,bug,0.12754717,0.12754717,0.038395856,0.008017739,0.106751464,0.004771192,0.33034214,0.47431302,0.03274511,0.055945486,0.0281687
sample/renders/0163 Hoothoot.png,0163 Hoothoot.png,renders/0163 Hoothoot.png,normal,normal,0.7793768,flying,0.34513223,water,0.05175899,0.0017101471,0.0017030884,0.023382124,0.34513223,0.0028355785,0.024164233,0.7793768,0.00017043274,0.0020473814,0.05175899
sample/renders/0006 Charizard Gigantamax.png,0006 Charizard Gigantamax.png,renders/0006 Charizard Gigantamax.png,"fire,flying",fire,0.64269954,flying,0.5933635,poison,0.1786205,0.049686722,0.012607224,0.64269954,0.5933635,0.016402442,0.012349614,0.10317842,0.1786205,0.013454495,0.07601827
sample/renders/0220 Swinub.png,0220 Swinub.png,renders/0220 Swinub.png,ground,ground,0.49899533,normal,0.40001675,bug,0.06701624,0.06701624,0.0011400975,0.0065749492,0.05476934,0.048162002,0.49899533,0.40001675,0.0033683854,0.009567624,0.011959639
sample/renders/0550 Basculin Blue.png,0550 Basculin Blue.png,renders/0550 Basculin Blue.png,"bug,flying",bug,0.663879,flying,0.51629025,grass,0.31787187,0.663879,0.0013908476,1.1992833e-05,0.51629025,0.31787187,0.0024835344,0.00071082736,0.18721373,0.08157629,0.032577835
sample/renders/0602 Tynamo.png,0602 Tynamo.png,renders/0602 Tynamo.png,water,water,0.5007823,flying,0.27231315,electric,0.2443858,0.09378752,0.2443858,0.0035444752,0.27231315,0.00862699,0.019822506,0.013294312,0.05985638,0.030825114,0.5007823
sample/renders/0757 Salandit.png,0757 Salandit.png,renders/0757 Salandit.png,ground,ground,0.23018195,flying,0.21016884,water,0.11788472,0.08470436,0.11217009,0.035623614,0.21016884,0.016960558,0.23018195,0.11455967,0.114485785,0.063155055,0.11788472
sample/renders/0484 Palkia.png,0484 Palkia.png,renders/0484 Palkia.png,psychic,psychic,0.4689267,ground,0.12803555,bug,0.12607543,0.12607543,0.006826403,0.00020291551,0.09479603,0.004068093,0.12803555,0.03592964,0.08541898,0.4689267,0.07362609
sample/renders/0397 Staravia.png,0397 Staravia.png,renders/0397 Staravia.png,ground,ground,0.4677252,psychic,0.132266,normal,0.07865253,0.05902318,0.041461606,0.0017982102,0.028565207,0.008299343,0.4677252,0.07865253,0.008783731,0.132266,0.02319697
sample/renders/0412 Burmy Plant.png,0412 Burmy Plant.png,renders/0412 Burmy Plant.png,bug,bug,0.9896688,flying,0.43687427,grass,0.029245786,0.9896688,0.00065210316,4.3991484e-05,0.43687427,0.029245786,0.0013730234,0.00022729505,0.02736531,0.015842574,0.0032857505
sample/renders/0119 Seaking.png,0119 Seaking.png,renders/0119 Seaking.png,water,water,0.79843134,flying,0.33618012,normal,0.2331692,0.06264803,0.020832866,0.004535109,0.33618012,0.012158835,0.009598169,0.2331692,0.016449457,0.061262764,0.79843134
sample/renders/0127 Pinsir.png,0127 Pinsir.png,renders/0127 Pinsir.png,bug,bug,0.36111718,psychic,0.20654126,ground,0.18207166,0.36111718,0.008090234,0.00014724283,0.091081366,0.0060548764,0.18207166,0.066581085,0.0075686974,0.20654126,0.037673827
sample/renders/0966 Revavroom.png,0966 Revavroom.png,renders/0966 Revavroom.png,ground,ground,0.29685074,water,0.20125853,psychic,0.06516546,0.011482668,0.019951645,9.2585724e-05,0.046203915,0.00047511302,0.29685074,0.0011657004,0.04882059,0.06516546,0.20125853
sample/renders/0718 Zygarde 10Percent.png,0718 Zygarde 10Percent.png,renders/0718 Zygarde 10Percent.png,psychic,psychic,0.3311822,flying,0.30286455,bug,0.23944262,0.23944262,0.04018591,0.00028388633,0.30286455,0.14227514,0.023881808,0.0035686211,0.08228066,0.3311822,0.059394542
sample/renders/0504 Patrat.png,0504 Patrat.png,renders/0504 Patrat.png,normal,normal,0.6792589,flying,0.29875812,ground,0.20093858,0.005231287,0.01511406,0.09767028,0.29875812,0.0010783817,0.20093858,0.6792589,0.0019097714,0.00055990304,0.008969555
sample/renders/0606 Beheeyem.png,0606 Beheeyem.png,renders/0606 Beheeyem.png,normal,normal,0.63149697,flying,0.2681347,bug,0.12755306,0.12755306,0.0013467963,0.005376401,0.2681347,0.039499603,0.027656568,0.63149697,0.007697685,0.1216219,0.012299402
sample/renders/0877 Morpeko Full.png,0877 Morpeko Full.png,renders/0877 Morpeko Full.png,normal,normal,0.3640594,ground,0.21851319,flying,0.09822939,0.037756156,0.02492554,0.053293638,0.09822939,0.0044599175,0.21851319,0.3640594,0.011298129,0.021663124,0.090644196
sample/renders/0905 Enamorus Therian.png,0905 Enamorus Therian.png,renders/0905 Enamorus Therian.png,psychic,psychic,0.4490115,poison,0.27010244,normal,0.17106265,0.11334757,0.0051224935,0.0008324882,0.07843831,0.034180306,0.005718283,0.17106265,0.27010244,0.4490115,0.044403587
sample/renders/0011 Metapod.png,0011 Metapod.png,renders/0011 Metapod.png,bug,bug,0.98031044,flying,0.27030474,poison,0.055627733,0.98031044,0.0005701138,0.000117148906,0.27030474,0.032504845,0.0018895349,0.003431638,0.055627733,0.015629265,0.00264253
sample/renders/0474 Porygon-Z.png,0474 Porygon-Z.png,renders/0474 Porygon-Z.png,flying,flying,0.43375918,grass,0.30610976,poison,0.27072617,0.034812894,0.0041901805,0.014034187,0.43375918,0.30610976,0.008188694,0.21314172,0.27072617,0.05178035,0.11456095
sample/renders/0241 Miltank.png,0241 Miltank.png,renders/0241 Miltank.png,normal,normal,0.94205964,psychic,0.1549708,water,0.03179058,0.0023447704,0.00035362862,0.0013414576,0.030558906,0.021650901,0.005186478,0.94205964,0.0005829592,0.1549708,0.03179058
sample/renders/0611 Fraxure.png,0611 Fraxure.png,renders/0611 Fraxure.png,grass,grass,0.5545757,flying,0.45031303,poison,0.28139186,0.2026463,0.0024218976,0.00036048325,0.45031303,0.5545757,0.008506885,0.0171444,0.28139186,0.25975585,0.0061530857
sample/renders/0363 Spheal.png,0363 Spheal.png,renders/0363 Spheal.png,water,water,0.84537953,normal,0.098546766,ground,0.043522075,0.00067745236,0.002153761,0.0020264047,0.037610352,0.026515597,0.043522075,0.098546766,0.008701497,0.0063990476,0.84537953
sample/renders/0195 Quagsire.png,0195 Quagsire.png,renders/0195 Quagsire.png,water,water,0.43261978,flying,0.26090765,poison,0.25202027,0.026617074,0.0063681104,0.0009842691,0.26090765,0.0061472557,0.08009071,0.005926469,0.25202027,0.025782295,0.43261978
sample/renders/0462 Magnezone.png,0462 Magnezone.png,renders/0462 Magnezone.png,water,water,0.42578566,electric,0.15576233,flying,0.12268,0.074567504,0.15576233,0.0019808917,0.12268,0.014957881,0.053636506,0.0048280964,0.06676487,0.051082566,0.42578566
sample/renders/0550 Basculin White.png,0550 Basculin White.png,renders/0550 Basculin White.png,"bug,flying",bug,0.599433,flying,0.54585826,grass,0.1765889,0.599433,0.014022304,4.6704172e-05,0.54585826,0.1765889,0.0026828318,0.0011494115,0.024002042,0.05948299,0.05031907
sample/renders/0259 Marshtomp.png,0259 Marshtomp.png,renders/0259 Marshtomp.png,water,water,0.439788,flying,0.22077356,poison,0.10963458,0.041496802,0.0068117897,0.0062791314,0.22077356,0.068339445,0.013312563,0.031095693,0.10963458,0.031460647,0.439788
sample/renders/0979 Annihilape.png,0979 Annihilape.png,renders/0979 Annihilape.png,bug,bug,0.257035,flying,0.17522104,electric,0.14132167,0.257035,0.14132167,0.00016369524,0.17522104,0.0028718978,0.13545115,0.0038624867,0.017708667,0.07009389,0.092555426
sample/renders/0944 Shroodle.png,0944 Shroodle.png,renders/0944 Shroodle.png,poison,poison,0.22909772,psychic,0.18520741,flying,0.18325856,0.04009169,0.060673263,0.00030175972,0.18325856,0.008883817,0.096541725,0.0037604729,0.22909772,0.18520741,0.05153227
sample/renders/0981 Farigiraf.png,0981 Farigiraf.png,renders/0981 Farigiraf.png,flying,flying,0.5496352,normal,0.42420778,fire,0.21847542,0.06545953,0.05258605,0.21847542,0.5496352,0.027966963,0.039751977,0.42420778,0.03517662,0.0792374,0.021756703
sample/renders/0029 Nidoran.png,0029 Nidoran.png,renders/0029 Nidoran.png,flying,flying,0.4286688,water,0.237834,bug,0.16867065,0.16867065,0.123053655,0.0015928388,0.4286688,0.0024260667,0.036413133,0.018849744,0.08278194,0.06262316,0.237834
sample/renders/0492 Shaymin.png,0492 Shaymin.png,renders/0492 Shaymin.png,grass,grass,0.48904678,poison,0.34365338,psychic,0.17952044,0.15407397,0.000341461,0.0029336151,0.08459896,0.48904678,0.008360222,0.17552282,0.34365338,0.17952044,0.028218096
sample/renders/0909 Fuecoco.png,0909 Fuecoco.png,renders/0909 Fuecoco.png,psychic,psychic,0.25383738,fire,0.202691,water,0.10242115,0.016279958,0.019035736,0.202691,0.064871304,0.025839284,0.032950286,0.06008524,0.005112778,0.25383738,0.10242115
sample/renders/0621 Druddigon.png,0621 Druddigon.png,renders/0621 Druddigon.png,flying,flying,0.6287353,normal,0.28861174,poison,0.26047605,0.0116550075,0.004025565,0.010748584,0.6287353,0.17463881,0.0020000385,0.28861174,0.26047605,0.017522203,0.09248509
sample/renders/0332 Cacturne.png,0332 Cacturne.png,renders/0332 Cacturne.png,"bug,flying",bug,0.7761513,flying,0.5827314,psychic,0.343497,0.7761513,0.006175257,9.439193e-05,0.5827314,0.18721147,0.0056290077,0.0026237192,0.019029599,0.343497,0.024334311
sample/renders/0112 Rhydon.png,0112 Rhydon.png,renders/0112 Rhydon.png,ground,ground,0.65823764,water,0.13096969,electric,0.05307393,0.011305531,0.05307393,0.00065235497,0.038779795,0.0017404677,0.65823764,0.008997689,0.027430104,0.019261518,0.13096969
sample/renders/0126 Magmar.png,0126 Magmar.png,renders/0126 Magmar.png,fire,fire,0.66794634,flying,0.16417012,normal,0.07223547,0.01193271,0.0052204495,0.66794634,0.16417012,0.0035035084,0.03483327,0.07223547,0.002062632,0.00092294585,0.04972817
sample/renders/0050 Diglett Alola.png,0050 Diglett Alola.png,renders/0050 Diglett Alola.png,ground,ground,0.65631276,bug,0.2446309,normal,0.13476422,0.2446309,0.007522138,0.0022687446,0.05567665,0.0102991285,0.65631276,0.13476422,0.09763641,0.09190225,0.12742107
sample/renders/0025 Pikachu.png,0025 Pikachu.png,renders/0025 Pikachu.png,electric,electric,0.5587227,flying,0.27845097,normal,0.17195877,0.016183177,0.5587227,0.026149895,0.27845097,0.00019125611,0.07821619,0.17195877,0.016804473,0.020309623,0.019397704
sample/renders/0291 Ninjask.png,0291 Ninjask.png,renders/0291 Ninjask.png,bug,bug,0.3205441,flying,0.3017314,water,0.17377546,0.3205441,0.119742356,0.0031314965,0.3017314,0.010747,0.03578827,0.09802058,0.02878884,0.10304494,0.17377546
sample/renders/0413 Wormadam Sandy.png,0413 Wormadam Sandy.png,renders/0413 Wormadam Sandy.png,normal,normal,0.61984074,ground,0.3171662,flying,0.21166669,0.009059197,0.040211752,0.033759873,0.21166669,0.0009310415,0.3171662,0.61984074,0.0018696898,0.0028723206,0.021847522
sample/renders/1015 Munkidori.png,1015 Munkidori.png,renders/1015 Munkidori.png,poison,poison,0.83864504,flying,0.17585208,ground,0.10639742,0.007844634,0.004404882,5.8230482e-05,0.17585208,0.054980587,0.10639742,0.0024576166,0.83864504,0.008338112,0.0768627
sample/renders/0418 Buizel.png,0418 Buizel.png,renders/0418 Buizel.png,fire,fire,0.6633132,flying,0.31730017,normal,0.23310484,0.0042024436,0.007009459,0.6633132,0.31730017,0.0026929493,0.016730804,0.23310484,0.0014106256,0.00050722907,0.060162306
sample/renders/0603 Eelektrik.png,0603 Eelektrik.png,renders/0603 Eelektrik.png,water,water,0.3406881,flying,0.2665637,electric,0.11111457,0.03999512,0.11111457,0.013593697,0.2665637,0.017479109,0.012306479,0.06061362,0.10144549,0.060537025,0.3406881
sample/renders/0573 Cinccino.png,0573 Cinccino.png,renders/0573 Cinccino.png,flying,flying,0.23579551,bug,0.21644041,electric,0.2135201,0.21644041,0.2135201,0.0010330968,0.23579551,0.011921281,0.056799695,0.01425374,0.059966687,0.071459115,0.19192956
sample/renders/0340 Whiscash.png,0340 Whiscash.png,renders/0340 Whiscash.png,"flying,water",flying,0.5667013,water,0.5168328,poison,0.15701236,0.0051489943,0.0034772852,0.001073628,0.5667013,0.060923174,0.018459283,0.002202251,0.15701236,0.002921952,0.5168328
sample/renders/1017 Ogerpon Cornerstone Mask.png,1017 Ogerpon Cornerstone Mask.png,renders/1017 Ogerpon Cornerstone Mask.png,flying,flying,0.42774567,poison,0.35797825,bug,0.28632316,0.28632316,0.030674372,0.00045574977,0.42774567,0.029691953,0.0051445034,0.0019833415,0.35797825,0.19560306,0.1465432
sample/renders/0097 Hypno.png,0097 Hypno.png,renders/0097 Hypno.png,psychic,psychic,0.5640892,electric,0.27078503,flying,0.1396247,0.04291231,0.27078503,0.002175449,0.1396247,0.0007159193,0.09585028,0.013178533,0.032508504,0.5640892,0.019332934
sample/renders/0413 Wormadam Trash.png,0413 Wormadam Trash.png,renders/0413 Wormadam Trash.png,psychic,psychic,0.37350616,water,0.34489352,normal,0.25933984,0.058863077,0.0025843566,0.0093330955,0.017704302,0.03805153,0.01946343,0.25933984,0.078822464,0.37350616,0.34489352
sample/renders/0074 Geodude.png,0074 Geodude.png,renders/0074 Geodude.png,ground,ground,0.454296,electric,0.18839766,water,0.12237516,0.03821994,0.18839766,0.0015612417,0.07779385,0.0070141046,0.454296,0.029292094,0.012546856,0.06439905,0.12237516
sample/renders/0244 Entei.png,0244 Entei.png,renders/0244 Entei.png,normal,normal,0.4492422,ground,0.31102714,flying,0.19546632,0.09260277,0.021096969,0.03784459,0.19546632,0.015159363,0.31102714,0.4492422,0.024286794,0.009046635,0.08025989
sample/renders/0510 Liepard.png,0510 Liepard.png,renders/0510 Liepard.png,psychic,psychic,0.65939033,poison,0.4027874,bug,0.21715446,0.21715446,0.005380584,0.0009700297,0.072497465,0.0029960044,0.017618652,0.075910226,0.4027874,0.65939033,0.02562614
sample/renders/0659 Bunnelby.png,0659 Bunnelby.png,renders/0659 Bunnelby.png,ground,ground,0.31835088,bug,0.16979106,flying,0.1528406,0.16979106,0.0760068,0.0009894195,0.1528406,0.004063492,0.31835088,0.08611097,0.057086274,0.05586632,0.09502055
sample/renders/0059 Arcanine.png,0059 Arcanine.png,renders/0059 Arcanine.png,fire,fire,0.48901135,normal,0.34811074,flying,0.17879103,0.040986147,0.0077954656,0.48901135,0.17879103,0.0023754924,0.08089003,0.34811074,0.001442714,0.0027273342,0.0023918268
sample/renders/0370 Luvdisc.png,0370 Luvdisc.png,renders/0370 Luvdisc.png,"normal,psychic",normal,0.56018996,psychic,0.5016182,water,0.4854218,0.002729036,0.016395533,0.008985586,0.0022134585,0.009270962,0.0040402384,0.56018996,0.0025759458,0.5016182,0.4854218
sample/renders/0131 Lapras Gigantamax.png,0131 Lapras Gigantamax.png,renders/0131 Lapras Gigantamax.png,poison,poison,0.6018186,flying,0.21778065,water,0.12295056,0.11122505,0.00155551,6.755964e-05,0.21778065,0.028318828,0.049313873,0.015241269,0.6018186,0.03759447,0.12295056
sample/renders/0367 Huntail.png,0367 Huntail.png,renders/0367 Huntail.png,flying,flying,0.6702754,water,0.39922908,normal,0.24137206,0.01606127,0.013950598,0.13726303,0.6702754,0.009541183,0.0023787913,0.24137206,0.076938644,0.01727121,0.39922908
sample/renders/0762 Steenee.png,0762 Steenee.png,renders/0762 Steenee.png,"grass,psychic",grass,0.5450718,psychic,0.5158012,poison,0.35219994,0.14441988,0.0010142457,5.838395e-05,0.103574514,0.5450718,0.004790423,0.056018457,0.35219994,0.5158012,0.024926528
sample/renders/0717 Yveltal.png,0717 Yveltal.png,renders/0717 Yveltal.png,fire,fire,0.5454615,flying,0.17435034,water,0.09365448,0.028825978,0.0074394387,0.5454615,0.17435034,0.032479845,0.0021099474,0.05351164,0.01295053,0.013518082,0.09365448
sample/renders/0166 Ledian.png,0166 Ledian.png,renders/0166 Ledian.png,flying,flying,0.53804475,normal,0.46745932,water,0.35158437,0.021974884,0.014665839,0.01358788,0.53804475,0.0103594,0.02114933,0.46745932,0.003986297,0.03381905,0.35158437
sample/renders/0950 Klawf.png,0950 Klawf.png,renders/0950 Klawf.png,fire,fire,0.5845354,normal,0.3322929,flying,0.19267437,0.0030962578,0.0006240993,0.5845354,0.19267437,0.0031968425,0.02804502,0.3322929,0.00033526638,0.0014335423,0.0265849
sample/renders/0560 Scrafty.png,0560 Scrafty.png,renders/0560 Scrafty.png,fire,fire,0.45515907,flying,0.34422618,normal,0.22034237,0.07058806,0.054873697,0.45515907,0.34422618,0.0092564365,0.082801946,0.22034237,0.017620657,0.005777586,0.030095598
sample/renders/0098 Krabby.png,0098 Krabby.png,renders/0098 Krabby.png,fire,fire,0.36981925,flying,0.36685574,normal,0.31630453,0.0066023236,0.013773945,0.36981925,0.36685574,0.0020264545,0.009763191,0.31630453,0.0014345952,0.0023622415,0.16441175
sample/renders/0692 Clauncher.png,0692 Clauncher.png,renders/0692 Clauncher.png,water,water,0.6893405,flying,0.2535986,poison,0.20894088,0.05349412,0.00561568,0.0005768907,0.2535986,0.01575291,0.011712145,0.00091428077,0.20894088,0.0044589723,0.6893405
sample/renders/0599 Klink.png,0599 Klink.png,renders/0599 Klink.png,water,water,0.31348538,ground,0.15829447,electric,0.10099534,0.043139957,0.10099534,0.0001530715,0.08127607,0.0022929555,0.15829447,0.0015663154,0.015851272,0.0068197288,0.31348538
sample/renders/0585 Deerling Winter.png,0585 Deerling Winter.png,renders/0585 Deerling Winter.png,normal,normal,0.47588617,flying,0.2823514,psychic,0.25275442,0.09217216,0.008563138,0.004911404,0.2823514,0.03325314,0.053044643,0.47588617,0.020817919,0.25275442,0.034022845
sample/renders/0221 Piloswine.png,0221 Piloswine.png,renders/0221 Piloswine.png,ground,ground,0.5198579,normal,0.26022592,bug,0.10094158,0.10094158,0.0035623107,0.038497943,0.024985367,0.054909687,0.5198579,0.26022592,0.003020096,0.008814983,0.00655425
sample/renders/0435 Skuntank.png,0435 Skuntank.png,renders/0435 Skuntank.png,poison,poison,0.2759051,psychic,0.21106161,water,0.12778741,0.08031235,0.0005126913,5.0497474e-05,0.017445836,0.0014638028,0.07362643,0.03352998,0.2759051,0.21106161,0.12778741
sample/renders/0917 Tarountula.png,0917 Tarountula.png,renders/0917 Tarountula.png,bug,bug,0.35278204,electric,0.21906112,ground,0.17349084,0.35278204,0.21906112,0.004035434,0.04743794,0.004211581,0.17349084,0.013354745,0.081417896,0.14317591,0.041407257
sample/renders/0672 Skiddo.png,0672 Skiddo.png,renders/0672 Skiddo.png,psychic,psychic,0.50615805,grass,0.3879028,flying,0.318298,0.20539491,0.0036048929,0.0011387076,0.318298,0.3879028,0.046125904,0.09713377,0.077819034,0.50615805,0.039391004
sample/renders/0568 Trubbish.png,0568 Trubbish.png,renders/0568 Trubbish.png,poison,poison,0.33862716,grass,0.25824276,flying,0.14866242,0.07897237,0.12460653,0.00018237178,0.14866242,0.25824276,0.048833545,0.00114493,0.33862716,0.022080895,0.059072904
sample/renders/0849 Toxtricity Amped.png,0849 Toxtricity Amped.png,renders/0849 Toxtricity Amped.png,psychic,psychic,0.8074089,poison,0.3743973,bug,0.31745604,0.31745604,0.0045920624,0.0007563275,0.025621513,0.009439352,0.011445664,0.06493712,0.3743973,0.8074089,0.13746607
sample/renders/0886 Drakloak.png,0886 Drakloak.png,renders/0886 Drakloak.png,water,water,0.79678154,flying,0.2561338,poison,0.111557305,0.042851716,0.009123505,0.00037150257,0.2561338,0.017360423,0.008108713,0.0031122654,0.111557305,0.0033815454,0.79678154
sample/renders/0316 Gulpin.png,0316 Gulpin.png,renders/0316 Gulpin.png,"bug,flying",bug,0.66665494,flying,0.5960817,poison,0.18189321,0.66665494,0.026618933,0.00015062254,0.5960817,0.042946935,0.008456805,0.007134608,0.18189321,0.031351745,0.009347467
sample/renders/0015 Beedrill Mega.png,0015 Beedrill Mega.png,renders/0015 Beedrill Mega.png,psychic,psychic,0.29066303,bug,0.21475537,poison,0.10310147,0.21475537,0.0932331,0.0015667778,0.050656106,0.00017231338,0.042835724,0.03051829,0.10310147,0.29066303,0.096557364
sample/renders/0792 Lunala FullMoonPhase.png,0792 Lunala FullMoonPhase.png,renders/0792 Lunala FullMoonPhase.png,water,water,0.45432115,flying,0.28655493,bug,0.20932867,0.20932867,0.14148615,0.001137863,0.28655493,0.003861157,0.020727567,0.0031740053,0.043369528,0.022165354,0.45432115
sample/renders/0002 Ivysaur.png,0002 Ivysaur.png,renders/0002 Ivysaur.png,"grass,poison",poison,0.9837768,grass,0.9791617,normal,0.012246539,0.0038349875,0.0010030809,0.00023233544,0.0021634195,0.9791617,0.0079356665,0.012246539,0.9837768,0.004045316,0.008897355
sample/renders/0218 Slugma.png,0218 Slugma.png,renders/0218 Slugma.png,fire,fire,0.9085022,flying,0.069904864,normal,0.059038386,0.01559518,0.0015200097,0.9085022,0.069904864,0.019316243,0.00634329,0.059038386,0.0059265024,0.028194072,0.057039518
sample/renders/0569 Garbodor.png,0569 Garbodor.png,renders/0569 Garbodor.png,psychic,psychic,0.24768488,grass,0.20883535,ground,0.14556815,0.03362018,0.013894275,0.00020445329,0.12485187,0.20883535,0.14556815,0.055277012,0.016050937,0.24768488,0.06694552
sample/renders/0653 Fennekin.png,0653 Fennekin.png,renders/0653 Fennekin.png,fire,fire,0.8786635,flying,0.12625238,water,0.09252466,0.007280065,0.04572834,0.8786635,0.12625238,0.00031233608,0.010712902,0.028062984,0.0020900413,0.0004123299,0.09252466
sample/renders/0152 Chikorita.png,0152 Chikorita.png,renders/0152 Chikorita.png,"grass,psychic",psychic,0.7867303,grass,0.54337,bug,0.32053262,0.32053262,0.004563126,0.0028297745,0.25438964,0.54337,0.015336223,0.052990012,0.009164915,0.7867303,0.036966894
sample/renders/0823Corviknight-Gigantamax.png,0823Corviknight-Gigantamax.png,renders/0823Corviknight-Gigantamax.png,poison,poison,0.6714665,grass,0.37695673,flying,0.30323544,0.10217915,0.0037009178,0.037814673,0.30323544,0.37695673,0.0080647655,0.054315664,0.6714665,0.025268387,0.034486234
sample/renders/0875 Eiscue Ice.png,0875 Eiscue Ice.png,renders/0875 Eiscue Ice.png,flying,flying,0.42670035,water,0.29319358,electric,0.13577591,0.087803304,0.13577591,0.00095262774,0.42670035,0.0018541042,0.049356267,0.0036967532,0.06656525,0.029261615,0.29319358
sample/renders/0222 Corsola Galar.png,0222 Corsola Galar.png,renders/0222 Corsola Galar.png,flying,flying,0.30524796,bug,0.18072052,psychic,0.108719274,0.18072052,0.095030844,0.00054183457,0.30524796,0.010465188,0.038479533,0.067275904,0.025137674,0.108719274,0.07099607
sample/renders/0189 Jumpluff.png,0189 Jumpluff.png,renders/0189 Jumpluff.png,water,water,0.7788326,poison,0.08011466,ground,0.06750548,0.018034944,0.0070304926,0.0026628303,0.033081632,0.04098373,0.06750548,0.015986975,0.08011466,0.012299078,0.7788326
sample/renders/0151 Mew.png,0151 Mew.png,renders/0151 Mew.png,"normal,psychic",normal,0.7709389,psychic,0.5511268,grass,0.034861922,0.012192903,0.00062795513,9.8162105e-05,0.0074675893,0.034861922,0.0048409575,0.7709389,0.006509943,0.5511268,0.02315552
sample/renders/0941 Kilowattrel.png,0941 Kilowattrel.png,renders/0941 Kilowattrel.png,psychic,psychic,0.3941594,flying,0.23648,electric,0.21780904,0.16767061,0.21780904,0.002273487,0.23648,0.00085269497,0.031759694,0.08774379,0.19186327,0.3941594,0.02162093
sample/renders/0809Melmetal-Gigantamax.png,0809Melmetal-Gigantamax.png,renders/0809Melmetal-Gigantamax.png,psychic,psychic,0.27065516,normal,0.12873957,flying,0.11715238,0.09392775,0.008324778,0.00070853427,0.11715238,0.0031386612,0.06961908,0.12873957,0.11037585,0.27065516,0.08543198
sample/renders/0267 Beautifly.png,0267 Beautifly.png,renders/0267 Beautifly.png,flying,flying,0.4186695,electric,0.20858443,psychic,0.13281618,0.06255035,0.20858443,0.0024655035,0.4186695,0.0022819743,0.010946799,0.11594461,0.09227577,0.13281618,0.062304012
sample/renders/0245 Suicune.png,0245 Suicune.png,renders/0245 Suicune.png,flying,flying,0.4795426,poison,0.38260925,water,0.16641769,0.015893966,0.0024095916,3.316704e-05,0.4795426,0.0007926294,0.03236036,0.009629104,0.38260925,0.03230278,0.16641769
sample/renders/0295 Exploud.png,0295 Exploud.png,renders/0295 Exploud.png,flying,flying,0.5413026,poison,0.4042365,bug,0.36904263,0.36904263,0.014355856,0.0024140454,0.5413026,0.0057744225,0.027688269,0.027094116,0.4042365,0.1670013,0.111213766
sample/renders/0554 Darumaka.png,0554 Darumaka.png,renders/0554 Darumaka.png,fire,fire,0.41619185,normal,0.23217975,psychic,0.14014062,0.046271488,0.013337039,0.41619185,0.11117499,0.100297,0.028347738,0.23217975,0.115210965,0.14014062,0.09777004
sample/renders/0048 Venonat.png,0048 Venonat.png,renders/0048 Venonat.png,poison,poison,0.8532362,bug,0.39338505,flying,0.13639297,0.39338505,0.00041297488,5.0806473e-05,0.13639297,0.007477963,0.04385096,0.008049117,0.8532362,0.017721353,0.016013902
sample/renders/0812 Rillaboom.png,0812 Rillaboom.png,renders/0812 Rillaboom.png,psychic,psychic,0.3350267,bug,0.20106924,normal,0.1875563,0.20106924,0.0064749215,0.0032254949,0.1228115,0.1723053,0.114215955,0.1875563,0.049923114,0.3350267,0.06455834
sample/renders/0257 Blaziken Mega.png,0257 Blaziken Mega.png,renders/0257 Blaziken Mega.png,fire,fire,0.5388073,flying,0.40867585,normal,0.31012356,0.0070804283,0.0075892163,0.5388073,0.40867585,0.0065207668,0.0077786697,0.31012356,0.0067389905,0.02207476,0.036861125
sample/renders/0888 Zacian.png,0888 Zacian.png,renders/0888 Zacian.png,"flying,water",flying,0.5267604,water,0.5153422,normal,0.20203283,0.073328145,0.017781923,0.016637657,0.5267604,0.07316274,0.011202294,0.20203283,0.0844798,0.15681502,0.5153422
sample/renders/0139 Omastar.png,0139 Omastar.png,renders/0139 Omastar.png,water,water,0.9533515,normal,0.12269848,flying,0.052106176,0.008103033,0.0200821,0.014717083,0.052106176,0.00032420858,0.024845378,0.12269848,0.0017136072,0.0008497013,0.9533515
sample/renders/0460 Abomasnow.png,0460 Abomasnow.png,renders/0460 Abomasnow.png,water,water,0.2563264,electric,0.20585652,bug,0.18050943,0.18050943,0.20585652,0.0002784668,0.13540654,0.0021173886,0.03967779,0.016091062,0.008494615,0.102766365,0.2563264
sample/renders/0025 Pikachu Hoenn.png,0025 Pikachu Hoenn.png,renders/0025 Pikachu Hoenn.png,normal,normal,0.40352988,flying,0.37523136,electric,0.2789285,0.017196948,0.2789285,0.12888697,0.37523136,0.00036497277,0.05525992,0.40352988,0.0063558994,0.0045867343,0.02562004
sample/renders/0335 Zangoose.png,0335 Zangoose.png,renders/0335 Zangoose.png,psychic,psychic,0.30938488,water,0.30161604,electric,0.2975292,0.043921985,0.2975292,0.0027865751,0.17139402,0.0236583,0.0037688857,0.105323516,0.04409651,0.30938488,0.30161604
sample/renders/0226 Mantine.png,0226 Mantine.png,renders/0226 Mantine.png,psychic,psychic,0.3126551,flying,0.26807716,poison,0.1782129,0.049202785,0.08075085,0.00067371473,0.26807716,0.014177269,0.15198599,0.031135708,0.1782129,0.3126551,0.09351696
sample/renders/0150 Mewtwo Mega X.png,0150 Mewtwo Mega X.png,renders/0150 Mewtwo Mega X.png,psychic,psychic,0.69303626,bug,0.14093816,normal,0.0945211,0.14093816,0.004582003,8.589171e-05,0.08087075,0.0073074577,0.048748422,0.0945211,0.07732943,0.69303626,0.08938304
sample/renders/0894 Regieleki.png,0894 Regieleki.png,renders/0894 Regieleki.png,flying,flying,0.3509219,psychic,0.21116467,bug,0.20953457,0.20953457,0.07482045,0.03143725,0.3509219,0.031819534,0.048648518,0.0332951,0.0241046,0.21116467,0.021283876
sample/renders/0712 Bergmite.png,0712 Bergmite.png,renders/0712 Bergmite.png,water,water,0.4240914,electric,0.19242254,flying,0.13987774,0.059697118,0.19242254,0.0019847737,0.13987774,0.0013039871,0.051080182,0.0067231553,0.10867269,0.061358605,0.4240914
sample/renders/0863 Perrserker.png,0863 Perrserker.png,renders/0863 Perrserker.png,ground,ground,0.36053285,bug,0.17626143,flying,0.09439997,0.17626143,0.026496883,0.00056544144,0.09439997,0.0056899623,0.36053285,0.06223564,0.0156694,0.04871685,0.038436964
sample/renders/0869 Alcremie.png,0869 Alcremie.png,renders/0869 Alcremie.png,normal,normal,0.7075638,fire,0.12741205,water,0.08565847,0.00020352413,0.0037833275,0.12741205,0.03025638,0.002041733,0.00028863887,0.7075638,2.0022535e-05,0.01975835,0.08565847
sample/renders/0904 Overqwil.png,0904 Overqwil.png,renders/0904 Overqwil.png,water,water,0.35098657,flying,0.1971511,ground,0.1657153,0.0095455395,0.01152718,0.00036764485,0.1971511,0.013113807,0.1657153,0.025560616,0.14276378,0.029607257,0.35098657
sample/renders/0519 Pidove.png,0519 Pidove.png,renders/0519 Pidove.png,bug,bug,0.19903804,ground,0.15653414,flying,0.11541468,0.19903804,0.06467831,0.0012559866,0.11541468,0.0060415035,0.15653414,0.10028418,0.05503936,0.057634316,0.04716097
sample/renders/0764 Comfey.png,0764 Comfey.png,renders/0764 Comfey.png,normal,normal,0.4312062,psychic,0.41400418,flying,0.2558889,0.027024142,0.1487951,0.12664832,0.2558889,0.062095065,0.009089186,0.4312062,0.04647688,0.41400418,0.045352384
sample/renders/0666 Vivillon Continental.png,0666 Vivillon Continental.png,renders/0666 Vivillon Continental.png,electric,electric,0.5034514,flying,0.28638208,fire,0.24101345,0.023992196,0.5034514,0.24101345,0.28638208,0.00036904652,0.024536049,0.023246318,0.006141246,0.04121821,0.0068591544
sample/renders/0003 Venusaur Mega.png,0003 Venusaur Mega.png,renders/0003 Venusaur Mega.png,"grass,poison",poison,0.8842936,grass,0.8826585,normal,0.088657565,0.0030295898,0.0010590254,0.0010091503,0.015203449,0.8826585,0.0050612874,0.088657565,0.8842936,0.030285137,0.03021861
sample/renders/0115 Kangaskhan.png,0115 Kangaskhan.png,renders/0115 Kangaskhan.png,normal,normal,0.8698012,flying,0.20199357,ground,0.08088737,0.0045614326,0.002419043,0.0037846772,0.20199357,0.0014163711,0.08088737,0.8698012,0.00025657698,0.0056889514,0.011801554
sample/renders/1010 Iron Leaves.png,1010 Iron Leaves.png,renders/1010 Iron Leaves.png,bug,bug,0.8810095,grass,0.30555212,flying,0.2901556,0.8810095,0.0014522979,0.00339895,0.2901556,0.30555212,0.0005492961,0.005468911,0.0727676,0.016416008,0.0037402662
sample/renders/0348 Armaldo.png,0348 Armaldo.png,renders/0348 Armaldo.png,water,water,0.8384192,flying,0.12474244,poison,0.07377482,0.044104602,0.0077390037,0.0046594064,0.12474244,0.01822954,0.0147078205,0.0066379346,0.07377482,0.013890161,0.8384192
sample/renders/0444 Gabite.png,0444 Gabite.png,renders/0444 Gabite.png,water,water,0.38861167,poison,0.24178043,grass,0.17056926,0.105903424,0.0104095545,0.013910114,0.15283453,0.17056926,0.020944811,0.007829998,0.24178043,0.031719323,0.38861167
sample/renders/0991 Iron Bundle.png,0991 Iron Bundle.png,renders/0991 Iron Bundle.png,water,water,0.35967332,flying,0.21431145,psychic,0.17566632,0.030199945,0.044122007,0.01873352,0.21431145,0.053032845,0.0019510852,0.10084092,0.024478056,0.17566632,0.35967332
sample/renders/0892 Urshifu Single Strike.png,0892 Urshifu Single Strike.png,renders/0892 Urshifu Single Strike.png,water,water,0.3214367,ground,0.26315063,electric,0.11288218,0.03673947,0.11288218,0.00043450276,0.042004608,0.0042782812,0.26315063,0.0025601715,0.023272254,0.07862124,0.3214367
sample/renders/0646 Kyurem White.png,0646 Kyurem White.png,renders/0646 Kyurem White.png,water,water,0.2635789,electric,0.16235232,flying,0.09602517,0.07553927,0.16235232,0.00020127781,0.09602517,0.006519473,0.052980706,0.0030171615,0.007313416,0.018471824,0.2635789
sample/renders/0479 Rotom.png,0479 Rotom.png,renders/0479 Rotom.png,water,water,0.79121876,poison,0.1673328,flying,0.13977695,0.01714716,0.038590223,0.011555434,0.13977695,0.027034845,0.012923342,0.030744769,0.1673328,0.005143077,0.79121876
sample/renders/0646 Kyurem Black 2.png,0646 Kyurem Black 2.png,renders/0646 Kyurem Black 2.png,flying,flying,0.34759656,water,0.34392977,ground,0.09767425,0.014001302,0.010995742,3.5831803e-05,0.34759656,0.018944856,0.09767425,8.5660395e-05,0.082831986,0.00015892662,0.34392977
sample/renders/0373 Salamence.png,0373 Salamence.png,renders/0373 Salamence.png,poison,poison,0.5021057,normal,0.3954451,grass,0.36409977,0.0044339104,0.008813377,0.0028594239,0.1273992,0.36409977,0.005265215,0.3954451,0.5021057,0.0226687,0.023430476
sample/renders/0103 Exeggutor.png,0103 Exeggutor.png,renders/0103 Exeggutor.png,"grass,psychic",grass,0.9536708,psychic,0.9388509,flying,0.1602051,0.03062817,0.0003650474,9.2062604e-05,0.1602051,0.9536708,0.012063201,0.028966084,0.0075857006,0.9388509,0.0243687
sample/renders/0237 Hitmontop.png,0237 Hitmontop.png,renders/0237 Hitmontop.png,normal,normal,0.3603373,flying,0.21384357,water,0.16138172,0.04565215,0.0016987929,0.0010700317,0.21384357,0.04090335,0.10972649,0.3603373,0.025706194,0.10034916,0.16138172
sample/renders/0075 Graveler Alola.png,0075 Graveler Alola.png,renders/0075 Graveler Alola.png,ground,ground,0.7247326,electric,0.1373014,water,0.07543739,0.05492215,0.1373014,0.0008527542,0.023537155,0.0032404726,0.7247326,0.01924484,0.0045018704,0.03229404,0.07543739
sample/renders/0384 Rayquaza.png,0384 Rayquaza.png,renders/0384 Rayquaza.png,"grass,poison",grass,0.5229698,poison,0.5174236,flying,0.3775553,0.16388045,0.007382052,8.088435e-05,0.3775553,0.5229698,0.0047079613,0.002091853,0.5174236,0.034368902,0.10965064
sample/renders/0891 Kubfu.png,0891 Kubfu.png,renders/0891 Kubfu.png,ground,ground,0.40674856,electric,0.13273984,water,0.12129034,0.06899297,0.13273984,0.00031208538,0.02744026,0.0031782612,0.40674856,0.011268408,0.004249828,0.05713868,0.12129034
sample/renders/0286 Breloom.png,0286 Breloom.png,renders/0286 Breloom.png,flying,flying,0.52168334,bug,0.47849268,normal,0.19711189,0.47849268,0.009902965,0.016319785,0.52168334,0.046781644,0.013338859,0.19711189,0.010173363,0.05066203,0.03701872
sample/renders/0735 Gumshoos.png,0735 Gumshoos.png,renders/0735 Gumshoos.png,normal,normal,0.60565144,ground,0.3589458,flying,0.27982086,0.10160926,0.008459156,0.0037363379,0.27982086,0.0071998774,0.3589458,0.60565144,0.011887185,0.021338511,0.007241507
sample/renders/0943 Mabosstiff.png,0943 Mabosstiff.png,renders/0943 Mabosstiff.png,ground,ground,0.8190237,normal,0.17850323,bug,0.05336958,0.05336958,0.004238458,0.002001297,0.023055898,0.0019547436,0.8190237,0.17850323,0.0029274272,0.006039986,0.013575724
sample/renders/0095 Onix.png,0095 Onix.png,renders/0095 Onix.png,ground,ground,0.38374272,flying,0.184439,water,0.10476256,0.07065048,0.08565086,0.0021279666,0.184439,0.00094386697,0.38374272,0.0071429927,0.07619231,0.02428679,0.10476256
sample/renders/0809 Melmetal.png,0809 Melmetal.png,renders/0809 Melmetal.png,ground,ground,0.23040439,water,0.15311877,electric,0.1320813,0.055155385,0.1320813,0.0016492783,0.054825023,0.0010678407,0.23040439,0.032264423,0.012808105,0.05355587,0.15311877
sample/renders/0109 Koffing.png,0109 Koffing.png,renders/0109 Koffing.png,ground,ground,0.38064545,bug,0.24245775,flying,0.19753322,0.24245775,0.005640124,8.069769e-05,0.19753322,0.00795523,0.38064545,0.0065371264,0.19375323,0.023811985,0.07081396
sample/renders/0837 Rolycoly.png,0837 Rolycoly.png,renders/0837 Rolycoly.png,ground,ground,0.83168423,electric,0.105593845,water,0.06565291,0.01724719,0.105593845,0.004231618,0.031892743,0.0006598934,0.83168423,0.011255363,0.016372317,0.004309674,0.06565291
sample/renders/0674 Pancham.png,0674 Pancham.png,renders/0674 Pancham.png,water,water,0.4744918,ground,0.17953335,bug,0.039416723,0.039416723,0.03390249,0.0023794184,0.029931923,0.00091620017,0.17953335,0.025800275,0.0018515908,0.0077716215,0.4744918
sample/renders/0657 Frogadier.png,0657 Frogadier.png,renders/0657 Frogadier.png,water,water,0.55814713,flying,0.47789076,poison,0.046992652,0.01822127,0.013272569,0.0004404293,0.47789076,0.010077896,0.016749969,0.0018108733,0.046992652,0.008221403,0.55814713
sample/renders/0337 Lunatone.png,0337 Lunatone.png,renders/0337 Lunatone.png,normal,normal,0.33251357,flying,0.24338095,fire,0.15294747,0.017174881,0.020028219,0.15294747,0.24338095,0.00079140696,0.14364927,0.33251357,0.0009774376,0.0045543127,0.022589462
sample/renders/0374 Beldum.png,0374 Beldum.png,renders/0374 Beldum.png,flying,flying,0.33393547,poison,0.2662597,water,0.2178771,0.016654518,0.012728122,0.0009373972,0.33393547,0.1161308,0.11369412,0.0014599707,0.2662597,0.006006089,0.2178771
sample/renders/0338 Solrock.png,0338 Solrock.png,renders/0338 Solrock.png,normal,normal,0.45156008,flying,0.2831822,fire,0.15504123,0.008426057,0.07213853,0.15504123,0.2831822,0.0006332361,0.064217865,0.45156008,0.0021015776,0.0022114613,0.017187444
sample/renders/0491 Darkrai.png,0491 Darkrai.png,renders/0491 Darkrai.png,ground,ground,0.22759011,flying,0.21424411,water,0.12910442,0.083928026,0.03204788,0.001970989,0.21424411,0.0062014633,0.22759011,0.016318882,0.11766673,0.10359,0.12910442
sample/renders/1011 Dipplin.png,1011 Dipplin.png,renders/1011 Dipplin.png,psychic,psychic,0.39478678,flying,0.23054744,fire,0.16728078,0.0320048,0.12272329,0.16728078,0.23054744,0.025769902,0.010566519,0.06514795,0.024077566,0.39478678,0.05429393
sample/renders/0247 Pupitar.png,0247 Pupitar.png,renders/0247 Pupitar.png,water,water,0.503105,ground,0.32506907,flying,0.059033874,0.033906717,0.0540639,0.0005079675,0.059033874,0.0029226919,0.32506907,0.00046964575,0.04512712,0.012374631,0.503105
sample/renders/0646 Kyurem Black 3.png,0646 Kyurem Black 3.png,renders/0646 Kyurem Black 3.png,flying,flying,0.43756217,grass,0.32668433,poison,0.18975456,0.0027279174,0.0030915483,4.3767912e-05,0.43756217,0.32668433,0.035089925,4.2737876e-05,0.18975456,0.00021494758,0.090633295
sample/renders/0459 Snover.png,0459 Snover.png,renders/0459 Snover.png,ground,ground,0.46095428,water,0.14698972,psychic,0.0803029,0.019803943,0.072932884,0.00032445346,0.035283953,0.003546537,0.46095428,0.04370764,0.0050370875,0.0803029,0.14698972
sample/renders/0928 Smoliv.png,0928 Smoliv.png,renders/0928 Smoliv.png,bug,bug,0.94593275,poison,0.0786658,flying,0.06828249,0.94593275,0.0019767727,0.0020445662,0.06828249,0.06723999,0.008221405,0.009950153,0.0786658,0.06567574,0.006880505
sample/renders/0042 Golbat.png,0042 Golbat.png,renders/0042 Golbat.png,"flying,poison",flying,0.988317,poison,0.971887,ground,0.02787991,0.02756045,0.0010416444,0.00033259948,0.988317,0.0051283394,0.02787991,0.019372724,0.971887,0.007222554,0.003992746
sample/renders/0143 Snorlax Gigantamax.png,0143 Snorlax Gigantamax.png,renders/0143 Snorlax Gigantamax.png,flying,flying,0.29592735,normal,0.25917202,poison,0.19359323,0.08296644,0.001025651,0.0060707172,0.29592735,0.17619915,0.014936698,0.25917202,0.19359323,0.04323425,0.08420334
sample/renders/0840 Applin.png,0840 Applin.png,renders/0840 Applin.png,grass,grass,0.58285785,poison,0.4410547,psychic,0.12654091,0.087192476,0.04854105,0.052430272,0.008850343,0.58285785,0.0047980696,0.033168644,0.4410547,0.12654091,0.016845262
sample/renders/0009 Blastoise.png,0009 Blastoise.png,renders/0009 Blastoise.png,normal,normal,0.3958028,ground,0.30439496,water,0.21933766,0.047157764,0.003595604,0.0013429142,0.048921563,0.0022267154,0.30439496,0.3958028,0.004469528,0.013843448,0.21933766
sample/renders/0375 Metang.png,0375 Metang.png,renders/0375 Metang.png,flying,flying,0.491221,poison,0.30840123,water,0.20961007,0.032457948,0.013490898,0.0013729354,0.491221,0.045810685,0.17582677,0.0035631168,0.30840123,0.00834914,0.20961007
sample/renders/0844 Sandaconda Gigantamax.png,0844 Sandaconda Gigantamax.png,renders/0844 Sandaconda Gigantamax.png,normal,normal,0.4901078,water,0.42693576,psychic,0.2636298,0.008318356,0.023769516,0.038563997,0.06115588,0.002210805,0.006892318,0.4901078,0.014494397,0.2636298,0.42693576
sample/renders/0830 Eldegoss.png,0830 Eldegoss.png,renders/0830 Eldegoss.png,bug,bug,0.34936804,ground,0.26448786,flying,0.14316209,0.34936804,0.044859186,0.029577391,0.14316209,0.0029334654,0.26448786,0.0593539,0.046894852,0.07668924,0.05902892
sample/renders/0985 Scream Tail.png,0985 Scream Tail.png,renders/0985 Scream Tail.png,normal,normal,0.75213176,psychic,0.3637589,grass,0.08409349,0.00919664,0.012085246,0.0009649309,0.0061486424,0.08409349,0.0038786305,0.75213176,0.0020781863,0.3637589,0.0475291
sample/renders/0479 Rotom Mow.png,0479 Rotom Mow.png,renders/0479 Rotom Mow.png,fire,fire,0.47479767,flying,0.1855786,normal,0.14606917,0.11611832,0.0118620405,0.47479767,0.1855786,0.027558237,0.02959896,0.14606917,0.008496646,0.0034629297,0.04847088
sample/renders/0289 Slaking.png,0289 Slaking.png,renders/0289 Slaking.png,normal,normal,0.3337282,ground,0.20032491,bug,0.106969714,0.106969714,0.023874292,0.0010849821,0.051468626,0.01354417,0.20032491,0.3337282,0.0025433463,0.044902526,0.08093431
sample/renders/0063 Abra.png,0063 Abra.png,renders/0063 Abra.png,psychic,psychic,0.8300909,ground,0.09037061,electric,0.065300405,0.054618,0.065300405,0.0020569216,0.052042883,0.00037676375,0.09037061,0.0070402767,0.02019992,0.8300909,0.017369675
sample/renders/0150 Mewtwo Mega Y.png,0150 Mewtwo Mega Y.png,renders/0150 Mewtwo Mega Y.png,psychic,psychic,0.5040803,bug,0.3107747,flying,0.24668053,0.3107747,0.028043937,0.00032554628,0.24668053,0.0260037,0.029908013,0.054196138,0.19046849,0.5040803,0.10640972
sample/renders/0230 Kingdra.png,0230 Kingdra.png,renders/0230 Kingdra.png,water,water,0.5623688,flying,0.32206768,poison,0.24313872,0.016278232,0.009886135,0.0019606934,0.32206768,0.029093515,0.06288044,0.004962449,0.24313872,0.020320574,0.5623688
sample/renders/0526 Gigalith.png,0526 Gigalith.png,renders/0526 Gigalith.png,"grass,poison",grass,0.9477737,poison,0.84151167,bug,0.111636244,0.111636244,0.0122584095,0.019629288,0.08356902,0.9477737,0.01434791,0.022601996,0.84151167,0.005277077,0.041877076
sample/renders/0663 Talonflame.png,0663 Talonflame.png,renders/0663 Talonflame.png,flying,flying,0.3824743,fire,0.33709913,water,0.21621995,0.053428967,0.047007605,0.33709913,0.3824743,0.011853894,0.03372661,0.18772058,0.014509088,0.01592534,0.21621995
sample/renders/0624 Pawniard.png,0624 Pawniard.png,renders/0624 Pawniard.png,flying,flying,0.40886235,normal,0.22442307,water,0.20567547,0.1236749,0.021174591,0.010395036,0.40886235,0.07858364,0.025579125,0.22442307,0.09697791,0.12071637,0.20567547
sample/renders/0003 Venusaur.png,0003 Venusaur.png,renders/0003 Venusaur.png,"grass,poison",grass,0.9974705,poison,0.99642766,normal,0.017919913,0.0008078276,0.0007100413,0.0003284906,0.0026218994,0.9974705,0.0022572062,0.017919913,0.99642766,0.0022267639,0.0033195172
sample/renders/0661 Fletchling.png,0661 Fletchling.png,renders/0661 Fletchling.png,water,water,0.6099469,flying,0.14427967,normal,0.09794097,0.010685939,0.06796091,0.07457857,0.14427967,0.019008063,0.027556598,0.09794097,0.04353921,0.001979294,0.6099469
sample/renders/0685 Slurpuff.png,0685 Slurpuff.png,renders/0685 Slurpuff.png,normal,normal,0.56228197,psychic,0.44109812,water,0.102806866,0.012787664,0.013287678,0.00015340754,0.0012784207,0.033641443,0.011581687,0.56228197,0.019900167,0.44109812,0.102806866
sample/renders/0407 Roserade.png,0407 Roserade.png,renders/0407 Roserade.png,"grass,poison",poison,0.747335,grass,0.6606288,flying,0.18963505,0.10319022,0.007873617,0.0003028131,0.18963505,0.6606288,0.00094883144,0.001198623,0.747335,0.004851405,0.13362369
sample/renders/0472 Gliscor.png,0472 Gliscor.png,renders/0472 Gliscor.png,flying,flying,0.409955,water,0.27192608,poison,0.18833332,0.07598487,0.029189214,0.0017335092,0.409955,0.006327873,0.09730213,0.0052199317,0.18833332,0.021841815,0.27192608
sample/renders/0052 Meowth Galar.png,0052 Meowth Galar.png,renders/0052 Meowth Galar.png,ground,ground,0.44550136,normal,0.346726,bug,0.0843072,0.0843072,0.006943276,0.00087334134,0.048392974,0.017414713,0.44550136,0.346726,0.0022457459,0.029758565,0.020533124
sample/renders/0960 Wiglett.png,0960 Wiglett.png,renders/0960 Wiglett.png,psychic,psychic,0.37948948,flying,0.28518718,bug,0.17878467,0.17878467,0.09430988,0.005620073,0.28518718,0.021092718,0.09286863,0.17465997,0.12727042,0.37948948,0.057826314
sample/renders/0684 Swirlix.png,0684 Swirlix.png,renders/0684 Swirlix.png,psychic,psychic,0.640187,normal,0.2669544,flying,0.17641276,0.1440724,0.06474891,0.000791559,0.17641276,0.02246879,0.012881755,0.2669544,0.023202814,0.640187,0.061493687
sample/renders/0021 Spearow.png,0021 Spearow.png,renders/0021 Spearow.png,normal,normal,0.5172847,flying,0.48639283,water,0.08437104,0.049034886,0.01802245,0.020784698,0.48639283,0.019802429,0.030075489,0.5172847,0.0062284283,0.03795732,0.08437104
sample/renders/0315 Roselia.png,0315 Roselia.png,renders/0315 Roselia.png,"bug,flying",bug,0.7706018,flying,0.73763365,grass,0.15783338,0.7706018,0.0046032877,0.0001570867,0.73763365,0.15783338,0.0005157304,0.0038739466,0.08150014,0.07899596,0.035128575
sample/renders/0512 Simisage.png,0512 Simisage.png,renders/0512 Simisage.png,bug,bug,0.53984714,flying,0.37933654,grass,0.2622441,0.53984714,0.0043109017,0.00027010267,0.37933654,0.2622441,0.0054495684,0.008428838,0.08043794,0.20325245,0.0786524
sample/renders/0038 Ninetales.png,0038 Ninetales.png,renders/0038 Ninetales.png,fire,fire,0.5796067,normal,0.39481264,flying,0.29172927,0.0015312453,0.018123839,0.5796067,0.29172927,0.00030170163,0.039993152,0.39481264,0.00034308695,0.0018093797,0.0074426425
sample/renders/0464 Rhyperior.png,0464 Rhyperior.png,renders/0464 Rhyperior.png,flying,flying,0.276183,normal,0.26064783,water,0.18443589,0.07976068,0.017901676,0.11794608,0.276183,0.016670315,0.17517462,0.26064783,0.021162797,0.022704411,0.18443589
sample/renders/0036 Clefable.png,0036 Clefable.png,renders/0036 Clefable.png,normal,normal,0.9678358,grass,0.10210223,psychic,0.077340856,0.0027310688,0.002737889,0.0007416824,0.025474193,0.10210223,0.0028721327,0.9678358,0.00020712234,0.077340856,0.0073289853
sample/renders/1021 Raging Bolt.png,1021 Raging Bolt.png,renders/1021 Raging Bolt.png,poison,poison,0.55353326,psychic,0.20499031,bug,0.1872691,0.1872691,0.08118477,0.013588438,0.18066287,0.0034908305,0.028172668,0.06299116,0.55353326,0.20499031,0.12092358
sample/renders/0892 Urshifu.png,0892 Urshifu.png,renders/0892 Urshifu.png,ground,ground,0.24739435,flying,0.23406826,electric,0.10563586,0.08235965,0.10563586,0.0007897123,0.23406826,0.0029472183,0.24739435,0.010685567,0.03202838,0.020463135,0.08035908
sample/renders/0110 Weezing Galar.png,0110 Weezing Galar.png,renders/0110 Weezing Galar.png,bug,bug,0.5103828,ground,0.30408862,flying,0.3015688,0.5103828,0.054563213,0.00059166324,0.3015688,0.016136602,0.30408862,0.006158725,0.059685733,0.026797155,0.092778325
sample/renders/0949 Toedscruel.png,0949 Toedscruel.png,renders/0949 Toedscruel.png,electric,electric,0.42559278,bug,0.35984775,psychic,0.22204837,0.35984775,0.42559278,0.0066982745,0.14445457,0.0014337267,0.024038568,0.030212356,0.065722935,0.22204837,0.009414039
sample/renders/0570 Zorua.png,0570 Zorua.png,renders/0570 Zorua.png,poison,poison,0.84941566,flying,0.14366172,bug,0.101209976,0.101209976,0.007205677,0.0015582817,0.14366172,0.08038253,0.03489523,0.003976512,0.84941566,0.004081593,0.031176716
sample/renders/0223 Remoraid.png,0223 Remoraid.png,renders/0223 Remoraid.png,electric,electric,0.3336758,flying,0.1995829,water,0.1455717,0.03448168,0.3336758,0.000121416415,0.1995829,0.011036508,0.05793243,0.001216232,0.058307003,0.0093891835,0.1455717
sample/renders/0209 Snubbull.png,0209 Snubbull.png,renders/0209 Snubbull.png,normal,normal,0.58362764,psychic,0.2756857,water,0.15832832,0.020074725,0.022169722,0.020053873,0.009847381,0.05565337,0.0044812434,0.58362764,0.01349578,0.2756857,0.15832832
sample/renders/0133 Eevee Gigantamax.png,0133 Eevee Gigantamax.png,renders/0133 Eevee Gigantamax.png,"flying,normal",normal,0.6446218,flying,0.5891571,ground,0.18375519,0.053015094,0.0031332532,0.031386945,0.5891571,0.011129754,0.18375519,0.6446218,0.0024893237,0.0033267173,0.051067565
sample/renders/0903 Sneasler.png,0903 Sneasler.png,renders/0903 Sneasler.png,water,water,0.32502195,flying,0.2975354,poison,0.29638326,0.012144227,0.021160966,0.0004102864,0.2975354,0.056480188,0.036979496,0.00058325933,0.29638326,0.018388117,0.32502195
sample/renders/0598 Ferrothorn.png,0598 Ferrothorn.png,renders/0598 Ferrothorn.png,electric,electric,0.18922165,water,0.17478314,grass,0.15883914,0.044251155,0.18922165,0.000558261,0.14536583,0.15883914,0.12375825,0.0106887985,0.08743848,0.036689956,0.17478314
sample/renders/0520 Tranquill.png,0520 Tranquill.png,renders/0520 Tranquill.png,ground,ground,0.25858667,electric,0.1932841,psychic,0.1300483,0.05552965,0.1932841,0.0018849913,0.06948603,0.010223772,0.25858667,0.0590138,0.032330737,0.1300483,0.04681641
sample/renders/0741 Oricorio Pa'u.png,0741 Oricorio Pa'u.png,renders/0741 Oricorio Pa'u.png,"normal,psychic",normal,0.6600648,psychic,0.5365034,grass,0.08322679,0.017688932,0.005323446,0.00029596276,0.05933004,0.08322679,0.005920659,0.6600648,0.0077133053,0.5365034,0.06569917
sample/renders/0488 Cresselia.png,0488 Cresselia.png,renders/0488 Cresselia.png,normal,normal,0.5022938,flying,0.27781016,poison,0.22309782,0.17527694,0.010727173,0.002986682,0.27781016,0.17162105,0.012521968,0.5022938,0.22309782,0.14855196,0.07453443
sample/renders/0369 Relicanth.png,0369 Relicanth.png,renders/0369 Relicanth.png,ground,ground,0.59948593,normal,0.18295549,bug,0.073523544,0.073523544,0.011997984,0.0014968086,0.028243037,0.0059715197,0.59948593,0.18295549,0.0017746703,0.02019647,0.026909932
sample/renders/0398 Staraptor.png,0398 Staraptor.png,renders/0398 Staraptor.png,ground,ground,0.5038978,normal,0.12171701,psychic,0.10760983,0.100755915,0.024495216,0.0069448617,0.026990397,0.013906145,0.5038978,0.12171701,0.012404498,0.10760983,0.010026549
sample/renders/0034 Nidoking.png,0034 Nidoking.png,renders/0034 Nidoking.png,poison,poison,0.66038823,ground,0.39912736,normal,0.13188034,0.027345488,0.00034829738,7.0285896e-05,0.021538297,0.00040675484,0.39912736,0.13188034,0.66038823,0.054781348,0.009138878
sample/renders/0877 Morpeko.png,0877 Morpeko.png,renders/0877 Morpeko.png,flying,flying,0.39137053,poison,0.24283248,bug,0.22505996,0.22505996,0.017269801,0.003054231,0.39137053,0.012896982,0.06371884,0.13320498,0.24283248,0.12111164,0.090589486
sample/renders/0538 Throh.png,0538 Throh.png,renders/0538 Throh.png,water,water,0.25288656,normal,0.1961634,flying,0.14515714,0.13569808,0.0471676,0.0092470255,0.14515714,0.03426408,0.08470757,0.1961634,0.031954017,0.10970399,0.25288656
sample/renders/0342 Crawdaunt.png,0342 Crawdaunt.png,renders/0342 Crawdaunt.png,fire,fire,0.4098233,normal,0.3659928,psychic,0.17380379,0.017179444,0.004068461,0.4098233,0.16985244,0.030610364,0.0067615365,0.3659928,0.028379062,0.17380379,0.16330282
sample/renders/0916 Oinkologne Female.png,0916 Oinkologne Female.png,renders/0916 Oinkologne Female.png,normal,normal,0.31222972,ground,0.12761049,flying,0.0854986,0.064363874,0.008059152,0.068878196,0.0854986,0.050586656,0.12761049,0.31222972,0.03143176,0.064589955,0.06412035
sample/renders/0831 Wooloo.png,0831 Wooloo.png,renders/0831 Wooloo.png,psychic,psychic,0.24868557,bug,0.17775035,flying,0.15677474,0.17775035,0.056620717,0.000934192,0.15677474,0.009479994,0.09196882,0.15549985,0.037797768,0.24868557,0.065418854
sample/renders/0137 Porygon.png,0137 Porygon.png,renders/0137 Porygon.png,normal,normal,0.56912094,psychic,0.1020641,poison,0.079285115,0.0109926155,0.015278387,0.0026062608,0.06499597,0.04797721,0.0013369251,0.56912094,0.079285115,0.1020641,0.05051376
sample/renders/0699 Aurorus.png,0699 Aurorus.png,renders/0699 Aurorus.png,water,water,0.71875495,flying,0.1170671,poison,0.040552348,0.021525834,0.022794006,0.0071752826,0.1170671,0.013775255,0.015654309,0.033624724,0.040552348,0.0091967,0.71875495
sample/renders/0164 Noctowl.png,0164 Noctowl.png,renders/0164 Noctowl.png,ground,ground,0.42537352,normal,0.3560049,bug,0.26744142,0.26744142,0.0013710171,0.0073750713,0.15924115,0.025834281,0.42537352,0.3560049,0.006374357,0.0822873,0.0061015
sample/renders/0924 Tandemaus.png,0924 Tandemaus.png,renders/0924 Tandemaus.png,electric,electric,0.33172157,water,0.3133329,bug,0.17297341,0.17297341,0.33172157,0.00083517923,0.11160242,0.0041557443,0.021897243,0.0066864803,0.018367464,0.031630106,0.3133329
sample/renders/0554 Darumaka Galar.png,0554 Darumaka Galar.png,renders/0554 Darumaka Galar.png,water,water,0.6469547,flying,0.18595915,bug,0.06711656,0.06711656,0.041154377,0.00027913883,0.18595915,0.0029907771,0.009254102,0.005650965,0.017333053,0.028258406,0.6469547
sample/renders/0053 Persian Alola.png,0053 Persian Alola.png,renders/0053 Persian Alola.png,ground,ground,0.21061629,water,0.18897033,bug,0.14666581,0.14666581,0.1437657,0.00039018062,0.10983347,0.0026971442,0.21061629,0.00204266,0.03288559,0.03834786,0.18897033
sample/renders/0622 Golett.png,0622 Golett.png,renders/0622 Golett.png,water,water,0.7684817,flying,0.23629868,poison,0.0807039,0.039004087,0.015121976,0.0010061701,0.23629868,0.003131203,0.029490674,0.0070455926,0.0807039,0.018735373,0.7684817
sample/renders/0695 Heliolisk.png,0695 Heliolisk.png,renders/0695 Heliolisk.png,normal,normal,0.21448798,flying,0.16604882,bug,0.14864413,0.14864413,0.14682828,0.07507603,0.16604882,0.001726603,0.14540286,0.21448798,0.0376298,0.06571271,0.02834903
sample/renders/0937 Ceruledge.png,0937 Ceruledge.png,renders/0937 Ceruledge.png,poison,poison,0.38971165,grass,0.2915695,water,0.24048832,0.008525776,0.0041110883,0.00012669222,0.14702015,0.2915695,0.121673204,9.387139e-05,0.38971165,0.0019856952,0.24048832
sample/renders/0041 Zubat.png,0041 Zubat.png,renders/0041 Zubat.png,"flying,poison",flying,0.9603549,poison,0.94792885,ground,0.1026839,0.018709783,0.0006268669,0.000879248,0.9603549,0.00713342,0.1026839,0.021147791,0.94792885,0.014608151,0.04421034
sample/renders/0658 Greninja Ash.png,0658 Greninja Ash.png,renders/0658 Greninja Ash.png,flying,flying,0.47002235,water,0.44977468,poison,0.23685552,0.013137674,0.0044298563,0.00084883615,0.47002235,0.13044535,0.0068960562,0.0052445945,0.23685552,0.008732678,0.44977468
sample/renders/0406 Budew.png,0406 Budew.png,renders/0406 Budew.png,bug,bug,0.9896928,flying,0.26162428,psychic,0.030755708,0.9896928,0.00035708447,7.968029e-05,0.26162428,0.018947009,0.0026984257,0.0016678675,0.02095244,0.030755708,0.003223537
sample/renders/0334 Altaria Mega.png,0334 Altaria Mega.png,renders/0334 Altaria Mega.png,water,water,0.4504327,flying,0.3767386,bug,0.23141202,0.23141202,0.08984805,0.00054812967,0.3767386,0.0016958987,0.042901587,0.0023038338,0.045178138,0.013302352,0.4504327
sample/renders/0552 Krokorok.png,0552 Krokorok.png,renders/0552 Krokorok.png,bug,bug,0.3451175,normal,0.32989222,ground,0.21035293,0.3451175,0.01572132,0.012486775,0.185193,0.02877965,0.21035293,0.32989222,0.062180445,0.14404958,0.02531606
sample/renders/0569 Garbodor Gigantamax.png,0569 Garbodor Gigantamax.png,renders/0569 Garbodor Gigantamax.png,normal,normal,0.21458966,psychic,0.1968597,bug,0.16495779,0.16495779,0.0028622658,0.0005344716,0.15292269,0.045209654,0.11229045,0.21458966,0.054219227,0.1968597,0.12308801
sample/renders/0836 Boltund.png,0836 Boltund.png,renders/0836 Boltund.png,electric,electric,0.32383823,flying,0.28842118,psychic,0.2772229,0.11942995,0.32383823,0.0027041165,0.28842118,0.016869571,0.041738283,0.02234857,0.12556778,0.2772229,0.026868228
sample/renders/0147 Dratini.png,0147 Dratini.png,renders/0147 Dratini.png,water,water,0.5167155,flying,0.27835643,bug,0.12677132,0.12677132,0.119659185,0.0028233493,0.27835643,0.010941695,0.026778359,0.03160293,0.05061993,0.057342436,0.5167155
sample/renders/0839 Coalossal.png,0839 Coalossal.png,renders/0839 Coalossal.png,ground,ground,0.4562589,electric,0.1652983,poison,0.14272246,0.013810194,0.1652983,0.009370845,0.04553987,0.0199962,0.4562589,0.0303198,0.14272246,0.008909227,0.1268395
sample/renders/0306 Aggron Mega.png,0306 Aggron Mega.png,renders/0306 Aggron Mega.png,ground,ground,0.46015534,water,0.22005054,electric,0.15214768,0.041751098,0.15214768,0.00017789971,0.0325943,0.001940541,0.46015534,0.00040619273,0.0140860705,0.00745993,0.22005054
sample/renders/0643 Reshiram.png,0643 Reshiram.png,renders/0643 Reshiram.png,flying,flying,0.4370907,water,0.3829784,bug,0.18834613,0.18834613,0.057587188,9.026153e-05,0.4370907,0.01038694,0.02077304,0.0014419791,0.014942306,0.004831691,0.3829784
sample/renders/0009 Blastoise Gigantamax.png,0009 Blastoise Gigantamax.png,renders/0009 Blastoise Gigantamax.png,poison,poison,0.2938082,water,0.1869282,normal,0.15591036,0.0074874205,0.012040788,0.024978815,0.07434231,0.0085323835,0.027420584,0.15591036,0.2938082,0.11487758,0.1869282
sample/renders/0378 Regice.png,0378 Regice.png,renders/0378 Regice.png,water,water,0.5301249,flying,0.36409035,poison,0.075765245,0.037204012,0.0033965444,0.00066222,0.36409035,0.003046541,0.017988004,0.0018202879,0.075765245,0.016521117,0.5301249
sample/renders/0479 Rotom Heat.png,0479 Rotom Heat.png,renders/0479 Rotom Heat.png,fire,fire,0.87452394,water,0.116547905,flying,0.09037427,0.039561085,0.0010408018,0.87452394,0.09037427,0.035128087,0.008266806,0.03693068,0.0029365772,0.0046135825,0.116547905
sample/renders/0211 Qwilfish.png,0211 Qwilfish.png,renders/0211 Qwilfish.png,water,water,0.34677503,flying,0.18577397,normal,0.12966971,0.0229485,0.003052766,0.007936376,0.18577397,0.08222941,0.082862064,0.12966971,0.010783323,0.03952656,0.34677503
sample/renders/0946 Bramblin.png,0946 Bramblin.png,renders/0946 Bramblin.png,normal,normal,0.45493397,flying,0.33074626,fire,0.24582733,0.04573926,0.03617479,0.24582733,0.33074626,0.0038675938,0.04540637,0.45493397,0.0075074863,0.012092067,0.0014719786
sample/renders/1005 Roaring Moon.png,1005 Roaring Moon.png,renders/1005 Roaring Moon.png,poison,poison,0.7174696,grass,0.45695758,flying,0.43024755,0.026314631,0.03351726,0.0057137543,0.43024755,0.45695758,0.00048203615,0.09767227,0.7174696,0.014591297,0.03529818
sample/renders/0051 Dugtrio.png,0051 Dugtrio.png,renders/0051 Dugtrio.png,ground,ground,0.4650182,normal,0.22420165,bug,0.07480208,0.07480208,0.0005966614,0.0009992407,0.026172578,0.03995778,0.4650182,0.22420165,0.0042724255,0.044553787,0.017546995
sample/renders/0586 Sawsbuck Summer.png,0586 Sawsbuck Summer.png,renders/0586 Sawsbuck Summer.png,psychic,psychic,0.69628906,grass,0.4671148,normal,0.23208775,0.21015245,0.006167469,0.00566722,0.15488838,0.4671148,0.07644669,0.23208775,0.05518801,0.69628906,0.030219812
sample/renders/0381 Latios Mega.png,0381 Latios Mega.png,renders/0381 Latios Mega.png,flying,flying,0.29725426,poison,0.28379,bug,0.25182334,0.25182334,0.04177412,0.0004000917,0.29725426,0.0036370843,0.086205795,0.0041138097,0.28379,0.0334721,0.18873146
sample/renders/0445 Garchomp Mega.png,0445 Garchomp Mega.png,renders/0445 Garchomp Mega.png,poison,poison,0.41858998,water,0.40752187,grass,0.2858859,0.009977227,0.008244235,0.03978556,0.12458044,0.2858859,0.009788043,0.01898517,0.41858998,0.0049226764,0.40752187
sample/renders/0470 Leafeon.png,0470 Leafeon.png,renders/0470 Leafeon.png,"grass,psychic",psychic,0.6957293,grass,0.6256112,flying,0.2982674,0.017705886,0.003198371,0.004970694,0.2982674,0.6256112,0.02751893,0.22770262,0.005328772,0.6957293,0.030238168
sample/renders/0437 Bronzong.png,0437 Bronzong.png,renders/0437 Bronzong.png,poison,poison,0.4789748,grass,0.27555925,water,0.24982977,0.004533453,0.015107473,0.00017279545,0.19242865,0.27555925,0.04583761,0.00033600183,0.4789748,0.0022044103,0.24982977
sample/renders/0250 Ho-Oh.png,0250 Ho-Oh.png,renders/0250 Ho-Oh.png,water,water,0.33737275,flying,0.22626947,fire,0.20517425,0.005509663,0.016556825,0.20517425,0.22626947,0.0043646777,0.0020392782,0.050227225,0.0074776756,0.00037334635,0.33737275
sample/renders/0292 Shedinja.png,0292 Shedinja.png,renders/0292 Shedinja.png,normal,normal,0.6819217,flying,0.23792127,ground,0.15768158,0.034362927,0.0071559437,0.009542917,0.23792127,0.0021663562,0.15768158,0.6819217,0.001081113,0.0033149251,0.019621793
sample/renders/0194 Wooper.png,0194 Wooper.png,renders/0194 Wooper.png,flying,flying,0.47403184,water,0.31341302,poison,0.17540146,0.014694759,0.0036563096,0.00025350033,0.47403184,0.021981228,0.03948568,0.0004512092,0.17540146,0.0024902723,0.31341302
sample/renders/0174 Igglybuff.png,0174 Igglybuff.png,renders/0174 Igglybuff.png,"normal,psychic",psychic,0.6760179,normal,0.6681826,grass,0.13381608,0.007725274,0.0032854679,0.00020753888,0.012760027,0.13381608,0.0034937894,0.6681826,0.00112859,0.6760179,0.07274763
sample/renders/0318 Carvanha.png,0318 Carvanha.png,renders/0318 Carvanha.png,flying,flying,0.6867565,normal,0.3838204,water,0.13792281,0.033223193,0.0057549695,0.11062566,0.6867565,0.018643247,0.009539153,0.3838204,0.046779346,0.11596071,0.13792281
sample/renders/0371 Bagon.png,0371 Bagon.png,renders/0371 Bagon.png,water,water,0.7974746,flying,0.256211,poison,0.074389614,0.025681438,0.009112544,0.00038182116,0.256211,0.004898927,0.031797573,0.00059550273,0.074389614,0.0021692696,0.7974746
sample/renders/0419 Floatzel.png,0419 Floatzel.png,renders/0419 Floatzel.png,fire,fire,0.665849,flying,0.11760742,normal,0.097119726,0.006900865,0.08603979,0.665849,0.11760742,0.0003418862,0.042947356,0.097119726,0.01428186,0.0073070065,0.01183978
sample/renders/0867 Runerigus.png,0867 Runerigus.png,renders/0867 Runerigus.png,water,water,0.20899908,ground,0.2082502,flying,0.19087236,0.15742429,0.008798361,0.002739655,0.19087236,0.01133126,0.2082502,0.12361465,0.1725192,0.06778742,0.20899908
sample/renders/0458 Mantyke.png,0458 Mantyke.png,renders/0458 Mantyke.png,flying,flying,0.44645974,poison,0.3657094,water,0.18735476,0.008812898,0.005230302,0.0004661373,0.44645974,0.042233717,0.0815623,0.00092149246,0.3657094,0.0021822054,0.18735476
sample/renders/0025 Pikachu Kalos.png,0025 Pikachu Kalos.png,renders/0025 Pikachu Kalos.png,normal,normal,0.49536723,flying,0.29291528,electric,0.11933945,0.06029464,0.11933945,0.022299232,0.29291528,0.0020335182,0.11770604,0.49536723,0.029890988,0.04473599,0.02780175
sample/renders/0778 Mimikyu.png,0778 Mimikyu.png,renders/0778 Mimikyu.png,normal,normal,0.50112724,ground,0.33322838,flying,0.10968141,0.017646305,0.018816026,0.06489861,0.10968141,0.0014765973,0.33322838,0.50112724,0.0014896216,0.005362355,0.023658808
sample/renders/0217 Ursaring.png,0217 Ursaring.png,renders/0217 Ursaring.png,ground,ground,0.42517996,normal,0.3693076,bug,0.104771234,0.104771234,0.0014484648,0.019051913,0.07378952,0.022227675,0.42517996,0.3693076,0.0050253104,0.011976284,0.018229151
sample/renders/0878 Cufant.png,0878 Cufant.png,renders/0878 Cufant.png,fire,fire,0.51450616,flying,0.45907542,normal,0.25196424,0.0050477344,0.0020656218,0.51450616,0.45907542,0.0043118475,0.012605004,0.25196424,0.001173242,0.0027239602,0.08950058
sample/renders/0683 Aromatisse.png,0683 Aromatisse.png,renders/0683 Aromatisse.png,normal,normal,0.40256587,water,0.24336047,psychic,0.21135809,0.019755982,0.0001031523,0.000421489,0.0010372793,0.0017592799,0.018318612,0.40256587,0.15676616,0.21135809,0.24336047
sample/renders/0884 Duraludon.png,0884 Duraludon.png,renders/0884 Duraludon.png,electric,electric,0.34589347,ground,0.2167309,water,0.21368541,0.058417995,0.34589347,0.00041699456,0.04541034,0.0023940224,0.2167309,0.00239271,0.02322757,0.03630345,0.21368541
sample/renders/0649 Genesect.png,0649 Genesect.png,renders/0649 Genesect.png,poison,poison,0.81374437,ground,0.10837792,water,0.05715169,0.015901437,5.9883932e-05,9.944903e-05,0.009982377,8.8743895e-05,0.10837792,0.027330706,0.81374437,0.05068291,0.05715169
sample/renders/0361 Snorunt.png,0361 Snorunt.png,renders/0361 Snorunt.png,ground,ground,0.2592655,normal,0.14641736,water,0.09604946,0.044801716,0.07764787,0.054713868,0.06112751,0.0128164645,0.2592655,0.14641736,0.029767519,0.0046261745,0.09604946
sample/renders/0977 Dondozo.png,0977 Dondozo.png,renders/0977 Dondozo.png,"flying,water",water,0.6799818,flying,0.5586679,poison,0.05616171,0.019214107,0.007631954,0.0002712423,0.5586679,0.010151731,0.015016999,0.0007949545,0.05616171,0.0017588037,0.6799818
sample/renders/0351 Castform Sunny.png,0351 Castform Sunny.png,renders/0351 Castform Sunny.png,fire,fire,0.7538116,flying,0.081164375,water,0.07927909,0.0058301296,0.004984647,0.7538116,0.081164375,0.00078793906,0.055548973,0.07112531,0.0021963357,0.00033975477,0.07927909
sample/renders/0144 Articuno.png,0144 Articuno.png,renders/0144 Articuno.png,flying,flying,0.63965726,water,0.35386655,poison,0.070998825,0.012190173,0.002792159,0.00029424005,0.63965726,0.033786938,0.015835235,0.0008142028,0.070998825,0.0059030857,0.35386655
sample/renders/0076 Golem.png,0076 Golem.png,renders/0076 Golem.png,ground,ground,0.6183155,bug,0.2646546,psychic,0.10904683,0.2646546,0.007695103,0.0004447703,0.016916037,0.00585589,0.6183155,0.047653574,0.008326487,0.10904683,0.018697789
sample/renders/0835 Yamper.png,0835 Yamper.png,renders/0835 Yamper.png,ground,ground,0.23764452,normal,0.17698132,psychic,0.14166729,0.031656444,0.12034093,0.029982684,0.12639694,0.0046774116,0.23764452,0.17698132,0.011539075,0.14166729,0.045650013
sample/renders/0127 Pinsir Mega.png,0127 Pinsir Mega.png,renders/0127 Pinsir Mega.png,ground,ground,0.23616792,normal,0.2024294,bug,0.11692153,0.11692153,0.020115897,0.0025579238,0.099470206,0.0067928443,0.23616792,0.2024294,0.0036768578,0.052012328,0.03913799
sample/renders/0494 Victini.png,0494 Victini.png,renders/0494 Victini.png,fire,fire,0.82523686,flying,0.46350497,normal,0.40248132,0.0013358247,0.017956622,0.82523686,0.46350497,0.00013158863,0.0016760521,0.40248132,0.00036118296,0.0001945156,0.025484715
sample/renders/0107 Hitmonchan.png,0107 Hitmonchan.png,renders/0107 Hitmonchan.png,bug,bug,0.2869181,normal,0.23957781,flying,0.23048949,0.2869181,0.042920027,0.0037584014,0.23048949,0.04933183,0.0758576,0.23957781,0.13800302,0.22165905,0.10185283
sample/renders/0074 Geodude Alola.png,0074 Geodude Alola.png,renders/0074 Geodude Alola.png,water,water,0.3265526,electric,0.16113293,ground,0.1361515,0.06485493,0.16113293,0.0003759052,0.112294324,0.0025073516,0.1361515,0.0027639773,0.023008492,0.025023613,0.3265526
sample/renders/0197 Umbreon.png,0197 Umbreon.png,renders/0197 Umbreon.png,water,water,0.23165748,electric,0.2085653,flying,0.19055448,0.03823244,0.2085653,0.0014483139,0.19055448,0.007817988,0.083732285,0.0036640498,0.1094202,0.024835786,0.23165748
sample/renders/0910 Crocalor.png,0910 Crocalor.png,renders/0910 Crocalor.png,fire,fire,0.61382717,water,0.24002238,flying,0.18580483,0.0069559985,0.0065807076,0.61382717,0.18580483,0.003966976,0.0125277825,0.13175826,0.007484816,0.08425557,0.24002238
sample/renders/0701 Hawlucha.png,0701 Hawlucha.png,renders/0701 Hawlucha.png,water,water,0.53217417,poison,0.35426095,grass,0.2032628,0.010404021,0.038755514,0.02550166,0.09046515,0.2032628,0.0045885574,0.06980515,0.35426095,0.0017115109,0.53217417
sample/renders/0936 Armarouge.png,0936 Armarouge.png,renders/0936 Armarouge.png,fire,fire,0.47597,flying,0.36401185,electric,0.15319704,0.006351038,0.15319704,0.47597,0.36401185,0.0026395048,0.002262703,0.011571267,0.009471491,0.10159166,0.0029409553
sample/renders/0076 Golem Alola.png,0076 Golem Alola.png,renders/0076 Golem Alola.png,ground,ground,0.6694885,water,0.13915509,psychic,0.033034604,0.016239438,0.021673843,0.00025657698,0.010003406,0.0013890057,0.6694885,0.0072107003,0.013907008,0.033034604,0.13915509
sample/renders/0920 Lokix.png,0920 Lokix.png,renders/0920 Lokix.png,ground,ground,0.5134804,water,0.23614593,electric,0.073919445,0.020760534,0.073919445,0.00026238034,0.033253063,0.0035570017,0.5134804,0.002973789,0.046353225,0.030961785,0.23614593
sample/renders/0162 Furret.png,0162 Furret.png,renders/0162 Furret.png,normal,normal,0.5364137,flying,0.1324383,ground,0.11556381,0.03305843,0.0015536221,0.029265597,0.1324383,0.011220397,0.11556381,0.5364137,0.0004824276,0.0057033673,0.0060495576
sample/renders/0323 Camerupt.png,0323 Camerupt.png,renders/0323 Camerupt.png,water,water,0.25158572,normal,0.23275493,psychic,0.18639542,0.023020554,0.011862984,0.12135899,0.077134006,0.039729614,0.025498088,0.23275493,0.0066856346,0.18639542,0.25158572
sample/renders/0054 Psyduck.png,0054 Psyduck.png,renders/0054 Psyduck.png,normal,normal,0.29686266,ground,0.24093373,electric,0.072739534,0.0053391494,0.072739534,0.06456997,0.06488397,0.00053176394,0.24093373,0.29686266,0.0035180314,0.0025919776,0.063099645
sample/renders/0086 Seel.png,0086 Seel.png,renders/0086 Seel.png,water,water,0.28165412,flying,0.16615845,electric,0.15911664,0.08452125,0.15911664,0.0005334224,0.16615845,0.0049718646,0.041290868,0.012041773,0.057217065,0.07868012,0.28165412
sample/renders/0106 Hitmonlee.png,0106 Hitmonlee.png,renders/0106 Hitmonlee.png,normal,normal,0.49109706,flying,0.2532376,bug,0.16869399,0.16869399,0.029435216,0.003105358,0.2532376,0.022288159,0.15197144,0.49109706,0.017460423,0.09014023,0.029398972
sample/renders/0028 Sandslash.png,0028 Sandslash.png,renders/0028 Sandslash.png,normal,normal,0.46821702,ground,0.34057844,flying,0.13341184,0.015176842,0.115609765,0.0075315847,0.13341184,0.00020133484,0.34057844,0.46821702,0.011874427,0.0075463518,0.053205892
sample/renders/0705 Sliggoo.png,0705 Sliggoo.png,renders/0705 Sliggoo.png,psychic,psychic,0.5379802,bug,0.204371,flying,0.17682464,0.204371,0.027067708,0.00039317663,0.17682464,0.026650876,0.051496968,0.11337169,0.0904984,0.5379802,0.06849043
sample/renders/0433 Chingling.png,0433 Chingling.png,renders/0433 Chingling.png,fire,fire,0.27565938,flying,0.19821715,water,0.17558657,0.037960477,0.073946305,0.27565938,0.19821715,0.008896017,0.022901066,0.10848527,0.016737947,0.03178986,0.17558657
sample/renders/0037 Vulpix.png,0037 Vulpix.png,renders/0037 Vulpix.png,fire,fire,0.7034105,normal,0.29705846,flying,0.2083885,0.018760411,0.0012755526,0.7034105,0.2083885,0.0074936463,0.066241644,0.29705846,0.0026289788,0.0014862551,0.020796906
sample/renders/0313 Volbeat.png,0313 Volbeat.png,renders/0313 Volbeat.png,"grass,poison",poison,0.7314187,grass,0.69890153,bug,0.2398006,0.2398006,0.010180788,0.001327354,0.23038591,0.69890153,0.003035209,0.058314998,0.7314187,0.033085957,0.04310663
sample/renders/0485 Heatran.png,0485 Heatran.png,renders/0485 Heatran.png,water,water,0.26918602,normal,0.20754425,flying,0.15415488,0.1426725,0.082738705,0.04507151,0.15415488,0.02189236,0.11875294,0.20754425,0.061072923,0.022836035,0.26918602
sample/renders/0682 Spritzee.png,0682 Spritzee.png,renders/0682 Spritzee.png,"psychic,water",water,0.71867913,psychic,0.6669113,normal,0.2287248,0.012398524,0.047433283,0.0196565,0.009274264,0.017468639,0.010608791,0.2287248,0.021630427,0.6669113,0.71867913
sample/renders/0577 Solosis.png,0577 Solosis.png,renders/0577 Solosis.png,psychic,psychic,0.43103716,normal,0.235297,flying,0.2255407,0.052392203,0.0074596554,0.035043288,0.2255407,0.22124533,0.054501273,0.235297,0.014150623,0.43103716,0.17536591
sample/renders/0449 Hippopotas.png,0449 Hippopotas.png,renders/0449 Hippopotas.png,ground,ground,0.5407292,normal,0.43058714,flying,0.123179115,0.02333698,0.047830824,0.012839228,0.123179115,0.0010869706,0.5407292,0.43058714,0.0071824314,0.007977588,0.025310181
sample/renders/0902 Basculegion.png,0902 Basculegion.png,renders/0902 Basculegion.png,poison,poison,0.33154073,grass,0.25117564,water,0.2008576,0.01567471,0.09022312,0.0007297698,0.17054367,0.25117564,0.0039432854,0.038397945,0.33154073,0.026628414,0.2008576
sample/renders/0141 Kabutops.png,0141 Kabutops.png,renders/0141 Kabutops.png,normal,normal,0.4676369,ground,0.18496515,bug,0.16634445,0.16634445,0.011290472,0.00401419,0.14883047,0.0036729036,0.18496515,0.4676369,0.03942798,0.06697793,0.03342507
sample/renders/0486 Regigigas.png,0486 Regigigas.png,renders/0486 Regigigas.png,electric,electric,0.32937175,water,0.2149346,ground,0.10817946,0.09927308,0.32937175,0.0039551463,0.10523287,0.007942438,0.10817946,0.022850666,0.03928311,0.04733521,0.2149346
sample/renders/0455 Carnivine.png,0455 Carnivine.png,renders/0455 Carnivine.png,bug,bug,0.6080314,psychic,0.4829263,grass,0.47002345,0.6080314,0.007929354,0.00309782,0.46246415,0.47002345,0.0049268263,0.013540992,0.048210043,0.4829263,0.0069658863
sample/renders/0131 Lapras.png,0131 Lapras.png,renders/0131 Lapras.png,water,water,0.8244212,ground,0.10191993,poison,0.085881025,0.0111261485,0.032992058,0.000368398,0.0806719,0.0016135991,0.10191993,0.0016001004,0.085881025,0.006834744,0.8244212
sample/renders/0709 Trevenant.png,0709 Trevenant.png,renders/0709 Trevenant.png,ground,ground,0.27887052,psychic,0.2019211,bug,0.15713334,0.15713334,0.00601636,0.0004194302,0.09706928,0.13930754,0.27887052,0.10072328,0.009315182,0.2019211,0.03551207
sample/renders/0153 Bayleef.png,0153 Bayleef.png,renders/0153 Bayleef.png,flying,flying,0.28983366,psychic,0.23717235,bug,0.23319153,0.23319153,0.0194099,0.023618018,0.28983366,0.06811036,0.09722255,0.13340622,0.020107007,0.23717235,0.019819126
sample/renders/0997 Arctibax.png,0997 Arctibax.png,renders/0997 Arctibax.png,water,water,0.22679973,ground,0.17831913,flying,0.13079216,0.019757021,0.05104714,0.00057643605,0.13079216,0.03615207,0.17831913,0.00039853042,0.07728436,0.0054326802,0.22679973
sample/renders/0068 Machamp.png,0068 Machamp.png,renders/0068 Machamp.png,ground,ground,0.30586854,water,0.25916183,electric,0.13930891,0.04122887,0.13930891,0.00049755507,0.11915994,0.0014737162,0.30586854,0.0009860774,0.026716856,0.012348254,0.25916183
sample/renders/0027 Sandshrew.png,0027 Sandshrew.png,renders/0027 Sandshrew.png,ground,ground,0.53029704,normal,0.3274341,flying,0.16661201,0.017236823,0.15522015,0.040022437,0.16661201,0.00047246992,0.53029704,0.3274341,0.008871636,0.0069500455,0.01952954
sample/renders/0742 Cutiefly.png,0742 Cutiefly.png,renders/0742 Cutiefly.png,flying,flying,0.38012242,normal,0.33511895,water,0.15969072,0.013351353,0.03327983,0.07535376,0.38012242,0.0056839013,0.094616085,0.33511895,0.00683786,0.020989437,0.15969072
sample/renders/0087 Dewgong.png,0087 Dewgong.png,renders/0087 Dewgong.png,flying,flying,0.39304042,electric,0.17096464,water,0.14825533,0.13655029,0.17096464,0.00065633864,0.39304042,0.0059276125,0.028959855,0.015726833,0.039775632,0.0585165,0.14825533
sample/renders/0607 Litwick.png,0607 Litwick.png,renders/0607 Litwick.png,water,water,0.66790277,poison,0.15771028,ground,0.13817488,0.006248157,0.085269675,0.00071224937,0.02684308,0.0022863215,0.13817488,0.0028505677,0.15771028,0.022019785,0.66790277
sample/renders/0327 Spinda.png,0327 Spinda.png,renders/0327 Spinda.png,normal,normal,0.7521069,flying,0.47430706,psychic,0.23372006,0.0009494428,0.0047955015,0.056999054,0.47430706,0.0014692729,0.0006329135,0.7521069,0.0006468992,0.23372006,0.13668364
sample/renders/0940 Wattrel.png,0940 Wattrel.png,renders/0940 Wattrel.png,psychic,psychic,0.3401137,poison,0.30927864,bug,0.24803433,0.24803433,0.18249142,0.005671082,0.14822602,0.0019394062,0.0683657,0.036037333,0.30927864,0.3401137,0.052001953
sample/renders/0336 Seviper.png,0336 Seviper.png,renders/0336 Seviper.png,water,water,0.43530858,poison,0.20568523,flying,0.20555736,0.057801507,0.07654238,0.017362965,0.20555736,0.0052947016,0.017120948,0.008272687,0.20568523,0.063669704,0.43530858
sample/renders/0969 Glimmet.png,0969 Glimmet.png,renders/0969 Glimmet.png,water,water,0.40220547,poison,0.32372853,flying,0.2614287,0.03076681,0.010192968,0.00043369195,0.2614287,0.02813412,0.12054383,0.0014533974,0.32372853,0.02909246,0.40220547
sample/renders/0299 Nosepass.png,0299 Nosepass.png,renders/0299 Nosepass.png,"grass,poison",poison,0.6179579,grass,0.59254354,flying,0.2214289,0.10727169,0.00284795,0.0070174322,0.2214289,0.59254354,0.00659098,0.043897234,0.6179579,0.03252001,0.05760525
sample/renders/0248 Tyranitar.png,0248 Tyranitar.png,renders/0248 Tyranitar.png,flying,flying,0.50258696,bug,0.49015573,psychic,0.32296404,0.49015573,0.016530633,0.00029739598,0.50258696,0.19771093,0.028145036,0.0042274445,0.04326655,0.32296404,0.03116908
sample/renders/0075 Graveler.png,0075 Graveler.png,renders/0075 Graveler.png,ground,ground,0.59948033,electric,0.25697666,water,0.19545153,0.013416636,0.25697666,0.0011792531,0.019532628,0.0030866568,0.59948033,0.013134688,0.002947723,0.01637212,0.19545153
sample/renders/0402 Kricketune.png,0402 Kricketune.png,renders/0402 Kricketune.png,fire,fire,0.92350924,flying,0.17519288,normal,0.04780113,0.00604592,0.0021446033,0.92350924,0.17519288,0.0046552527,0.004088002,0.04780113,0.0017774832,0.0023125305,0.04095379
sample/renders/0181 Ampharos.png,0181 Ampharos.png,renders/0181 Ampharos.png,psychic,psychic,0.55589044,electric,0.3409466,bug,0.07922408,0.07922408,0.3409466,0.0032382554,0.0784283,0.00035665423,0.04846666,0.017651524,0.051251568,0.55589044,0.019898882
sample/renders/0005 Charmeleon.png,0005 Charmeleon.png,renders/0005 Charmeleon.png,fire,fire,0.83887225,normal,0.1404492,water,0.09800087,0.03003913,0.0018148258,0.83887225,0.035930708,0.024945429,0.0096379435,0.1404492,0.0009928695,0.030819017,0.09800087
sample/renders/0178 Xatu.png,0178 Xatu.png,renders/0178 Xatu.png,grass,grass,0.34408647,psychic,0.31975588,bug,0.24275173,0.24275173,0.0324621,0.013900797,0.16593574,0.34408647,0.0042469855,0.05395068,0.123436764,0.31975588,0.030460179
sample/renders/0038 Ninetales Alola.png,0038 Ninetales Alola.png,renders/0038 Ninetales Alola.png,water,water,0.558532,flying,0.40288693,bug,0.076059096,0.076059096,0.057396546,0.00028182843,0.40288693,0.0027655114,0.010888743,0.0016161714,0.025068361,0.00666667,0.558532
sample/renders/0660 Diggersby.png,0660 Diggersby.png,renders/0660 Diggersby.png,ground,ground,0.5090714,bug,0.2932873,normal,0.10464185,0.2932873,0.0047873408,0.00047871185,0.0292877,0.0015255263,0.5090714,0.10464185,0.027959717,0.096477285,0.037346512
sample/renders/0052 Meowth Alola.png,0052 Meowth Alola.png,renders/0052 Meowth Alola.png,water,water,0.23533563,bug,0.22620744,electric,0.1486805,0.22620744,0.1486805,0.0004193918,0.08697136,0.010561179,0.097235106,0.0019502693,0.065216854,0.035089824,0.23533563
sample/renders/0006 Charizard Mega Y.png,0006 Charizard Mega Y.png,renders/0006 Charizard Mega Y.png,fire,fire,0.93153495,flying,0.16532,normal,0.10520992,0.0014720795,0.0006647575,0.93153495,0.16532,0.00096858985,0.008046212,0.10520992,0.00028757812,0.00045547326,0.031746082
sample/renders/0666 Vivillon High Plains.png,0666 Vivillon High Plains.png,renders/0666 Vivillon High Plains.png,fire,fire,0.9002288,flying,0.25424582,normal,0.108151495,0.012340341,0.0034749776,0.9002288,0.25424582,0.0020328206,0.0054029697,0.108151495,0.002612616,0.00022426856,0.02794278
sample/renders/0774 Minior Core.png,0774 Minior Core.png,renders/0774 Minior Core.png,normal,normal,0.7642589,water,0.23545536,psychic,0.12530208,0.00062894094,0.0791439,0.0020230834,0.00020615455,0.0031120847,0.0010940741,0.7642589,0.007840191,0.12530208,0.23545536
sample/renders/0487 Giratina.png,0487 Giratina.png,renders/0487 Giratina.png,bug,bug,0.31405538,flying,0.30733988,normal,0.26003015,0.31405538,0.033295237,0.004816559,0.30733988,0.010286318,0.049381163,0.26003015,0.050666697,0.10638862,0.0911693
sample/renders/0666 Vivillon Sun.png,0666 Vivillon Sun.png,renders/0666 Vivillon Sun.png,fire,fire,0.79475987,flying,0.3019823,normal,0.17982845,0.050968844,0.0033821573,0.79475987,0.3019823,0.009662644,0.0030358005,0.17982845,0.04348543,0.08879553,0.07088389
sample/renders/0257 Blaziken.png,0257 Blaziken.png,renders/0257 Blaziken.png,fire,fire,0.29789367,normal,0.20811027,flying,0.1561223,0.019580154,0.007826733,0.29789367,0.1561223,0.0051204893,0.025451358,0.20811027,0.003438308,0.02580421,0.09306154
sample/renders/0586 Sawsbuck Winter.png,0586 Sawsbuck Winter.png,renders/0586 Sawsbuck Winter.png,normal,normal,0.5086397,bug,0.28246668,flying,0.25186476,0.28246668,0.010282402,0.0017438321,0.25186476,0.019976096,0.125005,0.5086397,0.013111283,0.08942974,0.01705943
sample/renders/0483 Dialga.png,0483 Dialga.png,renders/0483 Dialga.png,water,water,0.42877293,flying,0.2832054,ground,0.072998025,0.029934717,0.018670507,0.00019065216,0.2832054,0.027986065,0.072998025,0.00038799876,0.034981318,0.004155593,0.42877293
sample/renders/0392 Infernape.png,0392 Infernape.png,renders/0392 Infernape.png,fire,fire,0.6866179,flying,0.24685152,water,0.06658706,0.019300694,0.008782513,0.6866179,0.24685152,0.0054836744,0.04015498,0.05225306,0.0053488286,0.0046928986,0.06658706
sample/renders/0006 Charizard Mega X.png,0006 Charizard Mega X.png,renders/0006 Charizard Mega X.png,flying,flying,0.35180584,ground,0.19634925,poison,0.15305835,0.009223526,0.022143962,0.0005019315,0.35180584,0.023052499,0.19634925,0.0005727783,0.15305835,0.008669327,0.11051551
sample/renders/0004 Charmander.png,0004 Charmander.png,renders/0004 Charmander.png,normal,normal,0.51683074,fire,0.4743794,flying,0.3339124,0.0065226485,0.003239559,0.4743794,0.3339124,0.0024160023,0.035432354,0.51683074,0.0014254662,0.001192087,0.013976862
sample/renders/0483 Dialga Origin.png,0483 Dialga Origin.png,renders/0483 Dialga Origin.png,"flying,poison",flying,0.6259295,poison,0.5078008,grass,0.19072299,0.0061748032,0.0016386223,0.0002138068,0.6259295,0.19072299,0.08463048,0.00043253094,0.5078008,0.0013336297,0.13064624
sample/renders/0051 Dugtrio Alola.png,0051 Dugtrio Alola.png,renders/0051 Dugtrio Alola.png,ground,ground,0.7164795,normal,0.15554972,bug,0.088676155,0.088676155,0.021553682,0.028727952,0.07393725,0.0048914645,0.7164795,0.15554972,0.020482486,0.03015891,0.0353565
sample/renders/0647 Keldeo.png,0647 Keldeo.png,renders/0647 Keldeo.png,water,water,0.64415073,flying,0.42382872,fire,0.23944195,0.0014823703,0.006104634,0.23944195,0.42382872,0.0024074328,0.0019673726,0.21769592,0.007260454,0.0012942837,0.64415073
sample/renders/0302 Sableye.png,0302 Sableye.png,renders/0302 Sableye.png,poison,poison,0.55152935,flying,0.2511569,water,0.15777753,0.09978286,0.0013238454,0.00013157295,0.2511569,0.00050153676,0.064578,0.014493136,0.55152935,0.058302447,0.15777753
sample/renders/0382 Kyogre Primal.png,0382 Kyogre Primal.png,renders/0382 Kyogre Primal.png,flying,flying,0.48745,water,0.32736722,poison,0.12037827,0.061973635,0.007904845,9.315577e-05,0.48745,0.039560128,0.023915922,0.00075844984,0.12037827,0.012222257,0.32736722
sample/renders/0026 Raichu.png,0026 Raichu.png,renders/0026 Raichu.png,normal,normal,0.442385,flying,0.3042277,electric,0.10870535,0.03187622,0.10870535,0.08274207,0.3042277,0.0025262015,0.07323429,0.442385,0.019908767,0.027804958,0.022921847
sample/renders/0121 Starmie.png,0121 Starmie.png,renders/0121 Starmie.png,"psychic,water",water,0.7003765,psychic,0.5535238,bug,0.09285121,0.09285121,0.0042526154,0.0036507503,0.06787573,0.009207064,0.089938216,0.06522064,0.07850653,0.5535238,0.7003765
sample/renders/0741 Oricorio Pom-Pom.png,0741 Oricorio Pom-Pom.png,renders/0741 Oricorio Pom-Pom.png,flying,flying,0.5765642,electric,0.23527282,normal,0.18372637,0.021007348,0.23527282,0.05928915,0.5765642,0.0053511634,0.044754498,0.18372637,0.003105087,0.08981199,0.008864356
sample/renders/0324 Torkoal.png,0324 Torkoal.png,renders/0324 Torkoal.png,normal,normal,0.17675063,ground,0.10418769,psychic,0.076829135,0.02858634,0.0074275793,0.0767373,0.063831724,0.016743548,0.10418769,0.17675063,0.0032416466,0.076829135,0.055566084
sample/renders/0115 Kangaskhan Mega.png,0115 Kangaskhan Mega.png,renders/0115 Kangaskhan Mega.png,normal,normal,0.35653841,ground,0.17598373,flying,0.14410095,0.14355518,0.0040154257,0.0029738126,0.14410095,0.022250636,0.17598373,0.35653841,0.0070658866,0.046976473,0.06092967
sample/renders/0715 Noivern.png,0715 Noivern.png,renders/0715 Noivern.png,flying,flying,0.50270015,poison,0.38453096,bug,0.19126965,0.19126965,0.047283698,0.00088753,0.50270015,0.005558592,0.037833117,0.010497536,0.38453096,0.11335365,0.039080337
sample/renders/0390 Chimchar.png,0390 Chimchar.png,renders/0390 Chimchar.png,fire,fire,0.79141086,flying,0.17641549,normal,0.15147789,0.004136692,0.013380177,0.79141086,0.17641549,0.0005934948,0.014698225,0.15147789,0.0023019225,0.0004115243,0.011424294
sample/renders/0030 Nidorina.png,0030 Nidorina.png,renders/0030 Nidorina.png,water,water,0.51510686,flying,0.18728077,poison,0.07688964,0.026289131,0.06053735,0.0002694031,0.18728077,0.001332049,0.055793766,0.0010097099,0.07688964,0.0070293434,0.51510686
sample/renders/0666 Vivillon Icy Snow.png,0666 Vivillon Icy Snow.png,renders/0666 Vivillon Icy Snow.png,flying,flying,0.38497713,bug,0.3237149,water,0.1775516,0.3237149,0.10698618,0.0004580529,0.38497713,0.0071455003,0.009693748,0.022709362,0.024452893,0.04269997,0.1775516
sample/renders/0625 Bisharp.png,0625 Bisharp.png,renders/0625 Bisharp.png,water,water,0.43476334,psychic,0.412301,flying,0.29327625,0.16428603,0.008978333,0.0017235577,0.29327625,0.07411974,0.031571906,0.16462041,0.085841045,0.412301,0.43476334
sample/renders/0290 Nincada.png,0290 Nincada.png,renders/0290 Nincada.png,water,water,0.5124889,electric,0.24032822,ground,0.09550364,0.044422686,0.24032822,0.00048572672,0.03651314,0.009595774,0.09550364,0.00526954,0.00836456,0.047534898,0.5124889
sample/renders/0456 Finneon.png,0456 Finneon.png,renders/0456 Finneon.png,flying,flying,0.66173714,poison,0.29490876,grass,0.12987417,0.094875686,0.08314958,0.0020391734,0.66173714,0.12987417,0.026973002,0.009415493,0.29490876,0.044069935,0.06623784
sample/renders/0963 Finizen.png,0963 Finizen.png,renders/0963 Finizen.png,water,water,0.47337952,flying,0.30389047,poison,0.19710304,0.015282512,0.015207357,0.0007943082,0.30389047,0.0120944735,0.07780234,0.0032809784,0.19710304,0.010940057,0.47337952
sample/renders/0428 Lopunny Mega.png,0428 Lopunny Mega.png,renders/0428 Lopunny Mega.png,"flying,normal",flying,0.67298836,normal,0.5613802,bug,0.156117,0.156117,0.016207509,0.017173568,0.67298836,0.017498225,0.05414951,0.5613802,0.010702066,0.085949026,0.018828528
sample/renders/0676 Furfrou Star.png,0676 Furfrou Star.png,renders/0676 Furfrou Star.png,water,water,0.38476613,flying,0.15760745,electric,0.107937485,0.014998144,0.107937485,0.00014465465,0.15760745,0.0014169376,0.10791442,0.001170711,0.0116210785,0.0056035365,0.38476613
sample/renders/0061 Poliwhirl.png,0061 Poliwhirl.png,renders/0061 Poliwhirl.png,water,water,0.9531734,flying,0.1481529,bug,0.046283912,0.046283912,0.003235728,3.8168386e-05,0.1481529,0.022318618,0.005227086,9.1852045e-05,0.009660801,0.000999098,0.9531734
sample/renders/0060 Poliwag.png,0060 Poliwag.png,renders/0060 Poliwag.png,water,water,0.79394656,flying,0.28348762,bug,0.08309479,0.08309479,0.006025418,0.00013524944,0.28348762,0.025459839,0.014106411,0.00065054226,0.025406493,0.004384374,0.79394656
sample/renders/0563 Cofagrigus.png,0563 Cofagrigus.png,renders/0563 Cofagrigus.png,flying,flying,0.28117663,water,0.19257794,bug,0.18665408,0.18665408,0.08878379,0.006675993,0.28117663,0.0006757902,0.07065672,0.07018054,0.053160474,0.01022226,0.19257794
sample/renders/0159 Croconaw.png,0159 Croconaw.png,renders/0159 Croconaw.png,water,water,0.46562818,poison,0.30414307,flying,0.20177685,0.0063301222,0.013428841,0.018591775,0.20177685,0.042842507,0.01800783,0.029662378,0.30414307,0.010071538,0.46562818
sample/renders/0844 Sandaconda.png,0844 Sandaconda.png,renders/0844 Sandaconda.png,ground,ground,0.2724543,psychic,0.1778189,bug,0.17299278,0.17299278,0.02872491,0.0049851825,0.11665628,0.02910774,0.2724543,0.093923904,0.0072901105,0.1778189,0.035683498
sample/renders/0264 Linoone.png,0264 Linoone.png,renders/0264 Linoone.png,ground,ground,0.27283728,normal,0.20389938,psychic,0.1411741,0.0705653,0.05098241,0.004045053,0.06157823,0.03289762,0.27283728,0.20389938,0.008028525,0.1411741,0.1157403
sample/renders/0547 Whimsicott.png,0547 Whimsicott.png,renders/0547 Whimsicott.png,flying,flying,0.54399484,normal,0.24413468,bug,0.20626543,0.20626543,0.0010638513,0.031766787,0.54399484,0.024359439,0.07766515,0.24413468,0.0025115467,0.044859864,0.0064346264
sample/renders/0665 Spewpa.png,0665 Spewpa.png,renders/0665 Spewpa.png,electric,electric,0.2850539,water,0.22239152,flying,0.09294455,0.035957824,0.2850539,0.0033152206,0.09294455,0.0067271716,0.07015146,0.04320311,0.033380426,0.022231713,0.22239152
sample/renders/0678 Meowstic.png,0678 Meowstic.png,renders/0678 Meowstic.png,water,water,0.7268442,flying,0.27936915,electric,0.048054826,0.03793875,0.048054826,0.0003981882,0.27936915,0.019920731,0.015877219,0.00063400605,0.04279441,0.0075313533,0.7268442
sample/renders/0555 Darmanitan.png,0555 Darmanitan.png,renders/0555 Darmanitan.png,fire,fire,0.52944684,water,0.247738,flying,0.24498507,0.09872138,0.013078383,0.52944684,0.24498507,0.050619964,0.02213429,0.10051848,0.026066419,0.06786035,0.247738
sample/renders/0700 Sylveon.png,0700 Sylveon.png,renders/0700 Sylveon.png,psychic,psychic,0.5646303,normal,0.42533875,water,0.2667956,0.05981447,0.015675137,0.00049745885,0.21398115,0.03473359,0.002159607,0.42533875,0.022565825,0.5646303,0.2667956
sample/renders/0815 Cinderace.png,0815 Cinderace.png,renders/0815 Cinderace.png,water,water,0.4726367,flying,0.41386595,normal,0.34322807,0.060129143,0.01940875,0.08255031,0.41386595,0.026070299,0.012245869,0.34322807,0.056527212,0.025387103,0.4726367
sample/renders/0720 Hoopa Unbound.png,0720 Hoopa Unbound.png,renders/0720 Hoopa Unbound.png,bug,bug,0.38912022,poison,0.30327785,flying,0.23150036,0.38912022,0.00070988236,2.0378237e-05,0.23150036,0.0070763254,0.053152096,0.02143125,0.30327785,0.1823091,0.098322436
sample/renders/0747 Mareanie.png,0747 Mareanie.png,renders/0747 Mareanie.png,poison,poison,0.42866418,flying,0.27464622,psychic,0.07279411,0.052859027,0.0035502615,0.00032793323,0.27464622,0.0071595456,0.035843216,0.048763614,0.42866418,0.07279411,0.04004231
sample/renders/0372 Shelgon.png,0372 Shelgon.png,renders/0372 Shelgon.png,electric,electric,0.3125836,bug,0.26291695,ground,0.16884707,0.26291695,0.3125836,0.0012870282,0.1018883,0.0054989634,0.16884707,0.0060847364,0.013032124,0.041405976,0.07513371
sample/renders/0648 Meloetta Pirouette.png,0648 Meloetta Pirouette.png,renders/0648 Meloetta Pirouette.png,water,water,0.3483574,flying,0.3249522,normal,0.18335319,0.08601089,0.044886146,0.019711923,0.3249522,0.07450755,0.035761416,0.18335319,0.120692514,0.075182304,0.3483574
sample/renders/0025 Pikachu Partner.png,0025 Pikachu Partner.png,renders/0025 Pikachu Partner.png,flying,flying,0.38576075,normal,0.3251018,electric,0.2740767,0.020525064,0.2740767,0.07269348,0.38576075,0.0005275207,0.054815225,0.3251018,0.009360504,0.009547001,0.04226008
sample/renders/0383 Groudon.png,0383 Groudon.png,renders/0383 Groudon.png,fire,fire,0.4366313,water,0.26218224,flying,0.15418662,0.063423805,0.003922032,0.4366313,0.15418662,0.04323036,0.0027391652,0.052514616,0.006234898,0.005945647,0.26218224
sample/renders/0679 Honedge.png,0679 Honedge.png,renders/0679 Honedge.png,water,water,0.6754573,flying,0.10798555,bug,0.056002542,0.056002542,0.0129334675,0.0003908818,0.10798555,0.012208287,0.05349658,0.008901265,0.035764325,0.023132207,0.6754573
sample/renders/0091 Cloyster.png,0091 Cloyster.png,renders/0091 Cloyster.png,water,water,0.3809159,ground,0.17033254,bug,0.1591051,0.1591051,0.0047179097,8.7243534e-05,0.13893968,0.008220367,0.17033254,0.00019195,0.07427192,0.0034470176,0.3809159
sample/renders/0171 Lanturn.png,0171 Lanturn.png,renders/0171 Lanturn.png,water,water,0.5674667,poison,0.11314208,ground,0.09639053,0.023528779,0.024306856,0.00094401673,0.081959814,0.04254946,0.09639053,0.0014059063,0.11314208,0.026207836,0.5674667
sample/renders/0555 Darmanitan Galar Zen.png,0555 Darmanitan Galar Zen.png,renders/0555 Darmanitan Galar Zen.png,normal,normal,0.5314645,flying,0.24129936,fire,0.17017168,0.018995913,0.08938275,0.17017168,0.24129936,0.01917321,0.0073022945,0.5314645,0.012769553,0.12588546,0.088263676
sample/renders/0550 Basculin Red.png,0550 Basculin Red.png,renders/0550 Basculin Red.png,"bug,flying,grass",bug,0.6690994,flying,0.59349716,grass,0.5900219,0.6690994,0.0013721071,4.5810182e-05,0.59349716,0.5900219,0.0008120829,0.0010735657,0.3011973,0.05210038,0.017108442
sample/renders/0800 Necrozma Dawn Wings.png,0800 Necrozma Dawn Wings.png,renders/0800 Necrozma Dawn Wings.png,water,water,0.77596503,flying,0.21918222,bug,0.18070774,0.18070774,0.07425936,9.2250564e-05,0.21918222,0.003099735,0.010417436,0.00033733103,0.011230265,0.002366696,0.77596503
sample/renders/0549 Lilligant.png,0549 Lilligant.png,renders/0549 Lilligant.png,bug,bug,0.9339279,flying,0.29271597,normal,0.044499077,0.9339279,0.003391718,0.007287302,0.29271597,0.039224118,0.009152069,0.044499077,0.020757664,0.01704197,0.011130234
sample/renders/0473 Mamoswine.png,0473 Mamoswine.png,renders/0473 Mamoswine.png,ground,ground,0.42666942,normal,0.39464626,flying,0.08522902,0.07352435,0.0024485257,0.004956359,0.08522902,0.01357285,0.42666942,0.39464626,0.0021128347,0.009676538,0.036364958
sample/renders/0681 Aegislash Shield.png,0681 Aegislash Shield.png,renders/0681 Aegislash Shield.png,psychic,psychic,0.37075216,normal,0.17450991,ground,0.15809606,0.087547205,0.036591355,0.00930022,0.114891164,0.021116158,0.15809606,0.17450991,0.044229187,0.37075216,0.07430279
sample/renders/0597 Ferroseed.png,0597 Ferroseed.png,renders/0597 Ferroseed.png,grass,grass,0.2665621,bug,0.22636665,psychic,0.21974315,0.22636665,0.054062225,0.00023269615,0.15248547,0.2665621,0.17137852,0.0024521342,0.05406618,0.21974315,0.051005878
sample/renders/0133 Eevee.png,0133 Eevee.png,renders/0133 Eevee.png,"flying,normal",normal,0.8996352,flying,0.57022864,ground,0.057172056,0.007303121,0.019791538,0.018989248,0.57022864,0.0005907822,0.057172056,0.8996352,0.001453639,0.00058926246,0.0042898697
sample/renders/0942 Maschiff.png,0942 Maschiff.png,renders/0942 Maschiff.png,fire,fire,0.49186683,grass,0.3288623,water,0.15543345,0.1276501,0.013486279,0.49186683,0.078483865,0.3288623,0.04256273,0.067840226,0.12033438,0.09359494,0.15543345
sample/renders/0651 Quilladin.png,0651 Quilladin.png,renders/0651 Quilladin.png,bug,bug,0.62588114,flying,0.4069711,normal,0.21125631,0.62588114,0.00204805,0.012381036,0.4069711,0.08868621,0.021352457,0.21125631,0.027657898,0.2092405,0.0044164513
sample/renders/0823 Corviknight.png,0823 Corviknight.png,renders/0823 Corviknight.png,poison,poison,0.3817521,flying,0.1470324,ground,0.14587103,0.044925794,0.006585538,0.00022031584,0.1470324,0.04128461,0.14587103,0.0001732176,0.3817521,0.0036276078,0.10432308
sample/renders/0842 Appletun.png,0842 Appletun.png,renders/0842 Appletun.png,"flying,normal",normal,0.6522797,flying,0.5156076,bug,0.11542166,0.11542166,0.031829543,0.045034166,0.5156076,0.0055689504,0.057698835,0.6522797,0.023364246,0.007415955,0.010220933
sample/renders/0970 Glimmora.png,0970 Glimmora.png,renders/0970 Glimmora.png,flying,flying,0.549808,water,0.31728318,poison,0.29838172,0.027787738,0.007007718,0.0060169785,0.549808,0.09817014,0.042767774,0.0058654384,0.29838172,0.04016389,0.31728318
sample/renders/0584 Vanilluxe.png,0584 Vanilluxe.png,renders/0584 Vanilluxe.png,water,water,0.6363499,flying,0.24841711,bug,0.12710516,0.12710516,0.07739304,0.0002561019,0.24841711,0.0024259286,0.01269562,0.0013902015,0.016831627,0.0064123096,0.6363499
sample/renders/0142 Aerodactyl Mega.png,0142 Aerodactyl Mega.png,renders/0142 Aerodactyl Mega.png,flying,flying,0.32796344,psychic,0.32233897,poison,0.20824881,0.08878738,0.012971819,0.0001848085,0.32796344,0.003290124,0.05163698,0.016172664,0.20824881,0.32233897,0.11265235
sample/renders/0691 Dragalge.png,0691 Dragalge.png,renders/0691 Dragalge.png,psychic,psychic,0.40395442,bug,0.31788054,normal,0.2945505,0.31788054,0.0036548215,0.011748972,0.24387881,0.11346644,0.025143294,0.2945505,0.12931049,0.40395442,0.025761716
sample/renders/0808 Meltan.png,0808 Meltan.png,renders/0808 Meltan.png,electric,electric,0.3893037,flying,0.14360602,normal,0.13216618,0.065143734,0.3893037,0.01089501,0.14360602,0.00054369133,0.11308151,0.13216618,0.035473473,0.11850043,0.010792368
sample/renders/0792 Lunala.png,0792 Lunala.png,renders/0792 Lunala.png,flying,flying,0.6399479,poison,0.30638826,bug,0.14603822,0.14603822,0.021084737,0.00040011748,0.6399479,0.11729538,0.01597521,0.0018887242,0.30638826,0.011974095,0.12277153
sample/renders/0736 Grubbin.png,0736 Grubbin.png,renders/0736 Grubbin.png,fire,fire,0.26061296,normal,0.25396192,water,0.24198796,0.023742806,0.08058385,0.26061296,0.2175079,0.0015628592,0.06380002,0.25396192,0.011605763,0.0015555508,0.24198796
sample/renders/0478 Froslass.png,0478 Froslass.png,renders/0478 Froslass.png,water,water,0.650783,flying,0.1504846,bug,0.08698478,0.08698478,0.035171483,0.0010339993,0.1504846,0.010752428,0.028387425,0.03201341,0.02981131,0.048583586,0.650783
sample/renders/0645 Landorus Therian.png,0645 Landorus Therian.png,renders/0645 Landorus Therian.png,normal,normal,0.37093005,flying,0.3165584,water,0.18439947,0.1441246,0.036022972,0.080487646,0.3165584,0.013212833,0.12045288,0.37093005,0.028474787,0.043524686,0.18439947
sample/renders/0184 Azumarill.png,0184 Azumarill.png,renders/0184 Azumarill.png,flying,flying,0.60598,poison,0.26926017,water,0.21433017,0.0034021176,0.004506512,0.007254769,0.60598,0.02279453,0.011073432,0.035180546,0.26926017,0.009745078,0.21433017
sample/renders/0368 Gorebyss.png,0368 Gorebyss.png,renders/0368 Gorebyss.png,"normal,psychic",normal,0.6001666,psychic,0.5306944,grass,0.07789472,0.02438244,0.0008852556,0.0001178258,0.0037777047,0.07789472,0.0075659086,0.6001666,0.023736686,0.5306944,0.017088601
sample/renders/0094 Gengar.png,0094 Gengar.png,renders/0094 Gengar.png,poison,poison,0.48786366,flying,0.18313451,psychic,0.1810276,0.071546756,0.012756526,0.004046938,0.18313451,0.0023660655,0.08717293,0.009205577,0.48786366,0.1810276,0.14043623
sample/renders/0386 Deoxys.png,0386 Deoxys.png,renders/0386 Deoxys.png,fire,fire,0.63055396,flying,0.24631286,normal,0.12627351,0.015415813,0.0036114205,0.63055396,0.24631286,0.025277445,0.02186472,0.12627351,0.0028699075,0.00803833,0.100006364
sample/renders/0592 Frillish Male.png,0592 Frillish Male.png,renders/0592 Frillish Male.png,water,water,0.65325445,poison,0.10929901,flying,0.099015996,0.0054284,0.009249821,9.303143e-05,0.099015996,0.012668519,0.06879791,6.455107e-05,0.10929901,0.0009272997,0.65325445
sample/renders/0024 Arbok.png,0024 Arbok.png,renders/0024 Arbok.png,psychic,psychic,0.34006318,poison,0.23053108,water,0.19823028,0.028726641,0.004917428,0.0017370447,0.043335885,0.0012902156,0.08955968,0.032929964,0.23053108,0.34006318,0.19823028
sample/renders/0666 Vivillon Tundra.png,0666 Vivillon Tundra.png,renders/0666 Vivillon Tundra.png,"flying,water",flying,0.6085221,water,0.51745933,bug,0.17646265,0.17646265,0.008233747,0.0004575757,0.6085221,0.007925477,0.010496278,0.0013989205,0.045268487,0.006696999,0.51745933
sample/renders/0248 Tyranitar Mega.png,0248 Tyranitar Mega.png,renders/0248 Tyranitar Mega.png,"bug,flying",bug,0.9113614,flying,0.60563445,psychic,0.07948609,0.9113614,0.0115390085,0.0002206499,0.60563445,0.072546974,0.009140724,0.011090066,0.014822969,0.07948609,0.008459726
sample/renders/0849 Toxtricity Low Key.png,0849 Toxtricity Low Key.png,renders/0849 Toxtricity Low Key.png,poison,poison,0.32311818,bug,0.25427517,water,0.15316528,0.25427517,0.014219543,0.00019096732,0.122333385,0.06076776,0.045292478,0.0018850997,0.32311818,0.017498551,0.15316528
sample/renders/0508 Stoutland.png,0508 Stoutland.png,renders/0508 Stoutland.png,normal,normal,0.36142713,water,0.18707325,ground,0.18151909,0.004530018,0.061896507,0.02024039,0.13638799,0.0018531549,0.18151909,0.36142713,0.0037133058,0.003390692,0.18707325
sample/renders/0169 Crobat.png,0169 Crobat.png,renders/0169 Crobat.png,poison,poison,0.423651,flying,0.32212782,water,0.19294283,0.071780026,0.0079285605,0.00050424493,0.32212782,0.007592258,0.08253336,0.008989333,0.423651,0.12466331,0.19294283
sample/renders/0078 Rapidash.png,0078 Rapidash.png,renders/0078 Rapidash.png,fire,fire,0.98798186,flying,0.04758302,normal,0.027338682,0.00026601693,0.001992884,0.98798186,0.04758302,6.673415e-05,0.001311496,0.027338682,3.871482e-05,0.00015969387,0.019872557
sample/renders/0543 Venipede.png,0543 Venipede.png,renders/0543 Venipede.png,poison,poison,0.48785195,grass,0.48080623,normal,0.14289443,0.1399047,0.09741247,0.06820612,0.01285169,0.48080623,0.020515477,0.14289443,0.48785195,0.018405138,0.020586051
sample/renders/0254 Sceptile.png,0254 Sceptile.png,renders/0254 Sceptile.png,"bug,flying",bug,0.7196491,flying,0.5194695,grass,0.17634799,0.7196491,0.0039113555,2.536253e-05,0.5194695,0.17634799,0.0013550201,0.0008761022,0.14074756,0.023203786,0.020546172
sample/renders/0586 Sawsbuck Spring.png,0586 Sawsbuck Spring.png,renders/0586 Sawsbuck Spring.png,normal,normal,0.6834524,flying,0.3257982,ground,0.16515571,0.14919445,0.01006694,0.0077769915,0.3257982,0.0064431657,0.16515571,0.6834524,0.023655867,0.051878538,0.007943478
sample/renders/0719 Diancie Mega.png,0719 Diancie Mega.png,renders/0719 Diancie Mega.png,psychic,psychic,0.8612819,normal,0.39541438,grass,0.1833384,0.013219293,0.0038786156,5.782239e-05,0.005739969,0.1833384,0.0049094995,0.39541438,0.002557337,0.8612819,0.06443961
sample/renders/0853 Grapploct.png,0853 Grapploct.png,renders/0853 Grapploct.png,poison,poison,0.5515357,water,0.33155477,psychic,0.17383362,0.023300478,0.014572173,0.00075003924,0.1033013,0.007383341,0.01636878,0.0006356526,0.5515357,0.17383362,0.33155477
sample/renders/0713 Avalugg Hisui.png,0713 Avalugg Hisui.png,renders/0713 Avalugg Hisui.png,water,water,0.21098757,electric,0.18239027,bug,0.17251538,0.17251538,0.18239027,0.0014486739,0.17004402,0.0028707304,0.10591661,0.0068600816,0.04328123,0.024353642,0.21098757
sample/renders/0085 Dodrio.png,0085 Dodrio.png,renders/0085 Dodrio.png,"flying,normal",normal,0.79657465,flying,0.58995026,bug,0.07409113,0.07409113,0.0074063377,0.029159745,0.58995026,0.012401571,0.024989264,0.79657465,0.007999547,0.04085885,0.022620695
sample/renders/0999 Gimmighoul Roaming.png,0999 Gimmighoul Roaming.png,renders/0999 Gimmighoul Roaming.png,water,water,0.43580452,poison,0.13937886,ground,0.13538963,0.056202233,0.03949851,0.00043436215,0.032543592,0.00474388,0.13538963,0.0012335028,0.13937886,0.12097041,0.43580452
sample/renders/0056 Mankey.png,0056 Mankey.png,renders/0056 Mankey.png,normal,normal,0.44997147,flying,0.13136342,bug,0.061385404,0.061385404,0.03677367,0.015498561,0.13136342,0.02003534,0.04383328,0.44997147,0.0021430906,0.048699122,0.03720778
sample/renders/0382 Kyogre.png,0382 Kyogre.png,renders/0382 Kyogre.png,flying,flying,0.7775319,water,0.26298738,grass,0.23303843,0.012704158,0.0067356275,0.0014429254,0.7775319,0.23303843,0.023291431,0.003940949,0.2053156,0.004611312,0.26298738
sample/renders/0779 Bruxish.png,0779 Bruxish.png,renders/0779 Bruxish.png,poison,poison,0.61481506,psychic,0.38575155,water,0.2496118,0.14463697,0.0030852489,0.001475329,0.06801086,0.0043385616,0.07902813,0.09231895,0.61481506,0.38575155,0.2496118
sample/renders/0101 Electrode.png,0101 Electrode.png,renders/0101 Electrode.png,electric,electric,0.36698747,psychic,0.32644212,water,0.23449183,0.13314718,0.36698747,0.0035050067,0.105393164,0.05680988,0.020042064,0.11532804,0.057661153,0.32644212,0.23449183
sample/renders/0493 Arceus.png,0493 Arceus.png,renders/0493 Arceus.png,psychic,psychic,0.23134324,electric,0.21116392,bug,0.17988113,0.17988113,0.21116392,0.00072515657,0.053509958,0.0025802508,0.073312655,0.005100805,0.07472459,0.23134324,0.05988532
sample/renders/0323 Camerupt Mega.png,0323 Camerupt Mega.png,renders/0323 Camerupt Mega.png,fire,fire,0.6287318,water,0.16111052,flying,0.1540203,0.028965993,0.004398699,0.6287318,0.1540203,0.00937773,0.034593403,0.11417302,0.012482206,0.12812643,0.16111052
sample/renders/0865 Sirfetch'd.png,0865 Sirfetch'd.png,renders/0865 Sirfetch'd.png,"bug,flying",bug,0.7243774,flying,0.591423,psychic,0.22045417,0.7243774,0.03213097,0.0027536603,0.591423,0.09680478,0.025836313,0.041005976,0.15028171,0.22045417,0.07179914
sample/renders/0415 Combee.png,0415 Combee.png,renders/0415 Combee.png,electric,electric,0.31546015,flying,0.2692969,normal,0.1632622,0.12416069,0.31546015,0.011733429,0.2692969,0.00030042807,0.052797824,0.1632622,0.0920757,0.06752162,0.067113586
sample/renders/0052 Meowth.png,0052 Meowth.png,renders/0052 Meowth.png,normal,normal,0.32639745,flying,0.12519027,bug,0.055054788,0.055054788,0.040207934,0.011512269,0.12519027,0.006819371,0.04901329,0.32639745,0.0010125239,0.05398336,0.018833905
sample/renders/0386 Deoxys Defense.png,0386 Deoxys Defense.png,renders/0386 Deoxys Defense.png,fire,fire,0.5454674,flying,0.19551142,normal,0.15758277,0.040182747,0.0025879026,0.5454674,0.19551142,0.030532695,0.039484415,0.15758277,0.0053168857,0.0036967427,0.06632472
sample/renders/0492 Shaymin Sky.png,0492 Shaymin Sky.png,renders/0492 Shaymin Sky.png,psychic,psychic,0.5556573,flying,0.35002398,grass,0.29967764,0.29556212,0.036315046,0.0034962264,0.35002398,0.29967764,0.016179351,0.10073228,0.04048693,0.5556573,0.08794568
sample/renders/0251 Celebi.png,0251 Celebi.png,renders/0251 Celebi.png,water,water,0.25005114,flying,0.1805213,bug,0.11587741,0.11587741,0.048126247,0.00093937945,0.1805213,0.110638455,0.015191217,0.007267979,0.030396048,0.05195606,0.25005114
sample/renders/0288 Vigoroth.png,0288 Vigoroth.png,renders/0288 Vigoroth.png,electric,electric,0.21584333,flying,0.18890691,psychic,0.16759185,0.093893744,0.21584333,0.0012785009,0.18890691,0.0100215515,0.04260092,0.08139756,0.06053553,0.16759185,0.11952403
sample/renders/1020 Gouging Fire.png,1020 Gouging Fire.png,renders/1020 Gouging Fire.png,psychic,psychic,0.28839645,flying,0.17652346,normal,0.13278843,0.13264757,0.1294957,0.038760744,0.17652346,0.0123311095,0.11220938,0.13278843,0.08120958,0.28839645,0.03468164
sample/renders/0157 Typhlosion.png,0157 Typhlosion.png,renders/0157 Typhlosion.png,fire,fire,0.62420523,normal,0.2803179,flying,0.1709478,0.0012975921,0.022775851,0.62420523,0.1709478,0.000262789,0.053589262,0.2803179,0.0013947753,0.0009872811,0.028585711
sample/renders/0957 Tinkatink.png,0957 Tinkatink.png,renders/0957 Tinkatink.png,poison,poison,0.37247702,normal,0.17425889,psychic,0.1583012,0.056905095,0.023255099,0.0022405975,0.0048645376,0.04503775,0.0058267275,0.17425889,0.37247702,0.1583012,0.0641065
sample/renders/0105 Marowak.png,0105 Marowak.png,renders/0105 Marowak.png,ground,ground,0.46869913,normal,0.1382314,bug,0.111855365,0.111855365,0.0196596,0.0020416619,0.034564137,0.013489383,0.46869913,0.1382314,0.014565644,0.05219735,0.037077997
sample/renders/0745 Lycanroc Midnight.png,0745 Lycanroc Midnight.png,renders/0745 Lycanroc Midnight.png,psychic,psychic,0.4612038,bug,0.23373565,water,0.21464463,0.23373565,0.005807055,0.0020838385,0.116599254,0.046867058,0.0480806,0.09482837,0.10460353,0.4612038,0.21464463
sample/renders/0666 Vivillon Modern.png,0666 Vivillon Modern.png,renders/0666 Vivillon Modern.png,fire,fire,0.17277418,water,0.10727551,electric,0.096376754,0.016478326,0.096376754,0.17277418,0.08428415,0.043269657,0.00037688497,0.039447393,0.024951013,0.014214159,0.10727551
sample/renders/0261 Poochyena.png,0261 Poochyena.png,renders/0261 Poochyena.png,electric,electric,0.2756405,ground,0.22376084,water,0.08091337,0.04574844,0.2756405,0.00044313658,0.07000293,0.0016896022,0.22376084,0.008247196,0.014586025,0.039090727,0.08091337
sample/renders/0898 Calyrex Shadow Rider.png,0898 Calyrex Shadow Rider.png,renders/0898 Calyrex Shadow Rider.png,poison,poison,0.37899607,water,0.18962601,flying,0.17766023,0.009916178,0.008652132,0.00019516377,0.17766023,0.08186506,0.12521821,0.0001750368,0.37899607,0.0071608974,0.18962601
sample/renders/0696 Tyrunt.png,0696 Tyrunt.png,renders/0696 Tyrunt.png,bug,bug,0.38599375,ground,0.22187069,normal,0.119263895,0.38599375,0.015335641,0.002374955,0.091388494,0.023764977,0.22187069,0.119263895,0.036533087,0.080383494,0.08644982
sample/renders/0907 Floragato.png,0907 Floragato.png,renders/0907 Floragato.png,"bug,flying",flying,0.7321624,bug,0.59808385,grass,0.4150909,0.59808385,0.004452755,8.662758e-05,0.7321624,0.4150909,0.00091600686,0.0027665664,0.030408269,0.32942846,0.03827795
sample/renders/0080 Slowbro Galar.png,0080 Slowbro Galar.png,renders/0080 Slowbro Galar.png,normal,normal,0.5510451,psychic,0.227892,poison,0.07625092,0.0117528755,0.001774075,0.000116257426,0.002586224,0.0027268615,0.071396194,0.5510451,0.07625092,0.227892,0.030457266
sample/renders/0509 Purrloin.png,0509 Purrloin.png,renders/0509 Purrloin.png,poison,poison,0.41283578,flying,0.2589396,psychic,0.24173121,0.104200915,0.0029148804,0.00011504062,0.2589396,0.004047958,0.02798561,0.14217362,0.41283578,0.24173121,0.2364432
sample/renders/0447 Riolu.png,0447 Riolu.png,renders/0447 Riolu.png,water,water,0.48283207,flying,0.2787961,poison,0.12554385,0.011273121,0.027944883,0.0004700271,0.2787961,0.013607726,0.10027142,0.0010788889,0.12554385,0.011695329,0.48283207
sample/renders/0198 Murkrow.png,0198 Murkrow.png,renders/0198 Murkrow.png,flying,flying,0.40989804,water,0.40152183,poison,0.15091017,0.011798415,0.0109077515,0.004002346,0.40989804,0.07266152,0.0408059,0.009034443,0.15091017,0.017166609,0.40152183
sample/renders/0319 Sharpedo.png,0319 Sharpedo.png,renders/0319 Sharpedo.png,flying,flying,0.84914017,poison,0.47263286,water,0.12712286,0.07607228,0.011323742,0.00075461087,0.84914017,0.020337367,0.028999405,0.052775104,0.47263286,0.09121868,0.12712286
sample/renders/1000 Gholdengo.png,1000 Gholdengo.png,renders/1000 Gholdengo.png,electric,electric,0.4735706,psychic,0.43383613,bug,0.21136755,0.21136755,0.4735706,0.0048688147,0.120400205,0.00029315279,0.028986081,0.015260398,0.102575585,0.43383613,0.013953874
sample/renders/0641 Tornadus Therian.png,0641 Tornadus Therian.png,renders/0641 Tornadus Therian.png,bug,bug,0.56544155,flying,0.4523554,psychic,0.28091234,0.56544155,0.00086531485,3.3967186e-05,0.4523554,0.11144665,0.001039524,0.0039368807,0.11140436,0.28091234,0.022178968
sample/renders/0875 Eiscue Noice.png,0875 Eiscue Noice.png,renders/0875 Eiscue Noice.png,water,water,0.57923985,electric,0.16779467,poison,0.079407945,0.035911273,0.16779467,0.0009427818,0.07719866,0.007165242,0.035765894,0.0025634272,0.079407945,0.02035102,0.57923985
sample/renders/0666 Vivillon Savanna.png,0666 Vivillon Savanna.png,renders/0666 Vivillon Savanna.png,flying,flying,0.33232552,poison,0.20750028,electric,0.16807722,0.12034857,0.16807722,0.0023205217,0.33232552,0.059628356,0.006553338,0.00424006,0.20750028,0.065003596,0.13902688
sample/renders/0972 Houndstone.png,0972 Houndstone.png,renders/0972 Houndstone.png,water,water,0.26487347,ground,0.23424308,poison,0.13178408,0.040401068,0.1026005,0.0005407104,0.09508425,0.0037350862,0.23424308,0.0024628195,0.13178408,0.028632058,0.26487347
sample/renders/0534 Conkeldurr.png,0534 Conkeldurr.png,renders/0534 Conkeldurr.png,normal,normal,0.2588959,ground,0.2530337,bug,0.2172069,0.2172069,0.0006366385,0.0007282896,0.14144628,0.016775457,0.2530337,0.2588959,0.035441507,0.13979465,0.041047174
sample/renders/0017 Pidgeotto.png,0017 Pidgeotto.png,renders/0017 Pidgeotto.png,"flying,normal",normal,0.9465345,flying,0.90713733,fire,0.056451503,0.0055904305,0.006372098,0.056451503,0.90713733,0.0017345088,0.004757759,0.9465345,0.0008569831,0.01812792,0.006311069
sample/renders/0849 Toxtricity Gigantamax.png,0849 Toxtricity Gigantamax.png,renders/0849 Toxtricity Gigantamax.png,poison,poison,0.48197797,psychic,0.23080216,water,0.12620081,0.05077488,0.002456338,0.007557688,0.05597494,0.04978377,0.0056629158,0.100519255,0.48197797,0.23080216,0.12620081
sample/renders/0253 Grovyle.png,0253 Grovyle.png,renders/0253 Grovyle.png,"bug,flying",bug,0.52248156,flying,0.5173494,grass,0.42588636,0.52248156,0.0028624819,0.00021304165,0.5173494,0.42588636,0.0017994192,0.026559819,0.11485504,0.20056829,0.048461527
sample/renders/0925 Maushold.png,0925 Maushold.png,renders/0925 Maushold.png,electric,electric,0.28635654,bug,0.19848748,ground,0.14631563,0.19848748,0.28635654,0.000707937,0.06472201,0.0020904737,0.14631563,0.0018228336,0.013140951,0.01294582,0.1387027
sample/renders/0052 Meowth Gigantamax.png,0052 Meowth Gigantamax.png,renders/0052 Meowth Gigantamax.png,normal,normal,0.82736355,flying,0.40781632,water,0.07657336,0.0037450846,0.0041968995,0.04263488,0.40781632,0.024268335,0.030174818,0.82736355,0.0023733398,0.047366142,0.07657336
sample/renders/0954 Rabsca.png,0954 Rabsca.png,renders/0954 Rabsca.png,"grass,poison",poison,0.95459145,grass,0.5249491,flying,0.06373365,0.02594205,0.0011004522,5.8127072e-05,0.06373365,0.5249491,0.007249751,0.023370836,0.95459145,0.0015328148,0.0035457367
sample/renders/0037 Vulpix Alola.png,0037 Vulpix Alola.png,renders/0037 Vulpix Alola.png,water,water,0.3741914,flying,0.25289735,electric,0.15290605,0.094234325,0.15290605,0.00037638555,0.25289735,0.006139133,0.010394368,0.0067206183,0.031962678,0.040347923,0.3741914
sample/renders/0393 Piplup.png,0393 Piplup.png,renders/0393 Piplup.png,water,water,0.53367954,flying,0.3810232,poison,0.08901701,0.022784257,0.013815341,0.00048453323,0.3810232,0.0034838493,0.031906456,0.0010563926,0.08901701,0.008693236,0.53367954
sample/renders/0496 Servine.png,0496 Servine.png,renders/0496 Servine.png,"bug,flying",bug,0.9021827,flying,0.5095592,poison,0.11508677,0.9021827,0.021712644,0.0007257266,0.5095592,0.049988255,0.029867603,0.00930607,0.11508677,0.04604666,0.050184816
sample/renders/0845 Cramorant.png,0845 Cramorant.png,renders/0845 Cramorant.png,flying,flying,0.53702235,water,0.41486433,poison,0.23681694,0.012183091,0.0043382705,0.0014075655,0.53702235,0.016546657,0.026136335,0.006382848,0.23681694,0.017213907,0.41486433
sample/renders/0453 Croagunk.png,0453 Croagunk.png,renders/0453 Croagunk.png,water,water,0.5499454,grass,0.14000301,flying,0.08277483,0.033189233,0.014548968,0.0022806854,0.08277483,0.14000301,0.04119331,0.0004808036,0.06698728,0.0017371889,0.5499454
sample/renders/0898 Calyrex.png,0898 Calyrex.png,renders/0898 Calyrex.png,"flying,water",water,0.67924464,flying,0.51656944,poison,0.042106926,0.038983036,0.03508934,0.0004193918,0.51656944,0.02669301,0.009520848,0.0072732414,0.042106926,0.020360377,0.67924464
sample/renders/0725 Litten.png,0725 Litten.png,renders/0725 Litten.png,flying,flying,0.21563818,grass,0.16827586,fire,0.16039301,0.055499468,0.050769724,0.16039301,0.21563818,0.16827586,0.008772171,0.026285851,0.056691144,0.05446967,0.14399864
sample/renders/0104 Cubone.png,0104 Cubone.png,renders/0104 Cubone.png,ground,ground,0.69497603,normal,0.13680372,water,0.069045514,0.049666855,0.020144584,0.0051171044,0.043357186,0.010978897,0.69497603,0.13680372,0.005395121,0.010264828,0.069045514
sample/renders/0480 Uxie.png,0480 Uxie.png,renders/0480 Uxie.png,water,water,0.55166954,flying,0.14062677,electric,0.12198378,0.030324014,0.12198378,0.0048717516,0.14062677,0.004744638,0.117380604,0.0109196,0.04201891,0.022754295,0.55166954
sample/renders/0974 Cetoddle.png,0974 Cetoddle.png,renders/0974 Cetoddle.png,psychic,psychic,0.53944695,normal,0.23597227,flying,0.18000913,0.14790227,0.029369168,0.0007307208,0.18000913,0.042715386,0.020219782,0.23597227,0.020573301,0.53944695,0.09329731
sample/renders/0260 Swampert Mega.png,0260 Swampert Mega.png,renders/0260 Swampert Mega.png,grass,grass,0.49617147,water,0.25261045,flying,0.21514237,0.017102636,0.008252284,0.047935046,0.21514237,0.49617147,0.00333457,0.008119999,0.1349483,0.0036465395,0.25261045
sample/renders/0813 Scorbunny.png,0813 Scorbunny.png,renders/0813 Scorbunny.png,flying,flying,0.31594434,water,0.29269946,normal,0.16108148,0.12539007,0.08966756,0.017429372,0.31594434,0.015991503,0.019527065,0.16108148,0.024798905,0.07489369,0.29269946
sample/renders/0980 Clodsire.png,0980 Clodsire.png,renders/0980 Clodsire.png,ground,ground,0.33953422,normal,0.19462343,psychic,0.104684755,0.09237398,0.002402549,0.0014352176,0.02697416,0.013800464,0.33953422,0.19462343,0.07310453,0.104684755,0.024108335
sample/renders/0600 Klang.png,0600 Klang.png,renders/0600 Klang.png,flying,flying,0.20643802,ground,0.20086794,water,0.17750159,0.06576272,0.114591196,0.00017886839,0.20643802,0.0019019472,0.20086794,0.0009379382,0.02061926,0.0027274212,0.17750159
sample/renders/0755 Morelull.png,0755 Morelull.png,renders/0755 Morelull.png,psychic,psychic,0.45873582,water,0.2029864,poison,0.12226005,0.09077988,0.0068558007,7.224207e-05,0.11360262,0.009801834,0.024427658,0.110754386,0.12226005,0.45873582,0.2029864
sample/renders/0202 Wobbuffet.png,0202 Wobbuffet.png,renders/0202 Wobbuffet.png,flying,flying,0.64690757,poison,0.33797413,water,0.24820788,0.022098452,0.0015553561,0.0007839924,0.64690757,0.01295409,0.032881863,0.015468187,0.33797413,0.033606242,0.24820788
sample/renders/0304 Aron.png,0304 Aron.png,renders/0304 Aron.png,flying,flying,0.43009436,bug,0.2198767,water,0.1794906,0.2198767,0.09861003,0.00017739885,0.43009436,0.0012248947,0.064507656,0.000986385,0.04022496,0.0048397337,0.1794906
sample/renders/0500 Emboar.png,0500 Emboar.png,renders/0500 Emboar.png,fire,fire,0.6154063,flying,0.26745588,normal,0.06268513,0.022834616,0.04417071,0.6154063,0.26745588,0.0005486341,0.04782402,0.06268513,0.016092556,0.029375099,0.02059978
sample/renders/0499 Pignite.png,0499 Pignite.png,renders/0499 Pignite.png,fire,fire,0.23529467,flying,0.19753833,normal,0.17188942,0.040493976,0.025258845,0.23529467,0.19753833,0.001654128,0.14511661,0.17188942,0.025267009,0.0022164013,0.050053697
sample/renders/0208 Steelix.png,0208 Steelix.png,renders/0208 Steelix.png,water,water,0.3890116,ground,0.34747878,poison,0.13048844,0.018683925,0.046424378,0.0014356106,0.11455952,0.00643531,0.34747878,0.0015150043,0.13048844,0.011316901,0.3890116
sample/renders/0973 Flamigo.png,0973 Flamigo.png,renders/0973 Flamigo.png,poison,poison,0.27829242,grass,0.24007508,bug,0.16294514,0.16294514,0.023959413,0.0021745972,0.1198285,0.24007508,0.01991337,0.10924956,0.27829242,0.12305524,0.0860249
sample/renders/0681 Aegislash Blade.png,0681 Aegislash Blade.png,renders/0681 Aegislash Blade.png,psychic,psychic,0.22986898,ground,0.18664004,normal,0.18245788,0.057133567,0.14708273,0.018985434,0.07843551,0.0066315546,0.18664004,0.18245788,0.02625713,0.22986898,0.026484702
sample/renders/0339 Barboach.png,0339 Barboach.png,renders/0339 Barboach.png,water,water,0.7286114,flying,0.13693778,electric,0.07245366,0.008594819,0.07245366,0.00027545766,0.13693778,0.022720324,0.051106088,0.0007449508,0.052940372,0.0021054798,0.7286114
sample/renders/0666 Vivillon Polar.png,0666 Vivillon Polar.png,renders/0666 Vivillon Polar.png,flying,flying,0.69716406,water,0.22169481,poison,0.16966437,0.036294773,0.012547017,0.0006204235,0.69716406,0.10057932,0.01522163,0.0006554516,0.16966437,0.012745326,0.22169481
sample/renders/0914 Quaquaval.png,0914 Quaquaval.png,renders/0914 Quaquaval.png,water,water,0.8002235,grass,0.38069373,flying,0.27201647,0.0046173832,0.0005917546,0.00040187663,0.27201647,0.38069373,0.0015531747,0.00025419248,0.056125272,0.0003544414,0.8002235
sample/renders/0820 Greedent.png,0820 Greedent.png,renders/0820 Greedent.png,ground,ground,0.26881617,normal,0.26810145,fire,0.16889293,0.13229823,0.004645896,0.16889293,0.03657654,0.116465874,0.26881617,0.26810145,0.02477067,0.049603622,0.03524805
sample/renders/0172 Pichu.png,0172 Pichu.png,renders/0172 Pichu.png,normal,normal,0.40923554,flying,0.31963822,fire,0.2780041,0.010611575,0.07561403,0.2780041,0.31963822,0.0005730653,0.026218819,0.40923554,0.0014402498,0.014826577,0.022607462
sample/renders/0822 Corvisquire.png,0822 Corvisquire.png,renders/0822 Corvisquire.png,flying,flying,0.51421994,poison,0.39440772,water,0.14718392,0.010558409,0.020819832,0.0010773655,0.51421994,0.05357026,0.12080824,0.0009969233,0.39440772,0.007940068,0.14718392
sample/renders/0933 Naclstack.png,0933 Naclstack.png,renders/0933 Naclstack.png,normal,normal,0.37318942,ground,0.18742765,bug,0.14856637,0.14856637,0.002708948,0.0031485506,0.08248389,0.05234121,0.18742765,0.37318942,0.012057928,0.09517727,0.018865274
sample/renders/0033 Nidorino.png,0033 Nidorino.png,renders/0033 Nidorino.png,poison,poison,0.83999634,ground,0.21086061,normal,0.110142455,0.04111803,0.00013715195,0.000101454105,0.042591043,0.00014171618,0.21086061,0.110142455,0.83999634,0.022591138,0.008205086
sample/renders/0255 Torchic.png,0255 Torchic.png,renders/0255 Torchic.png,electric,electric,0.401892,flying,0.33430526,normal,0.118525416,0.048893396,0.401892,0.06279673,0.33430526,0.00073444564,0.022707485,0.118525416,0.05019753,0.017191714,0.033929452
sample/renders/0666 Vivillon Ocean.png,0666 Vivillon Ocean.png,renders/0666 Vivillon Ocean.png,fire,fire,0.69774145,flying,0.38571164,normal,0.18077898,0.0005128181,0.0022571422,0.69774145,0.38571164,0.004224754,0.00029877256,0.18077898,0.04726598,0.0006943091,0.15668546
sample/renders/0990 Iron Treads.png,0990 Iron Treads.png,renders/0990 Iron Treads.png,grass,grass,0.22276449,electric,0.18592376,water,0.18018639,0.04293468,0.18592376,0.006528096,0.09058939,0.22276449,0.035048783,0.024654247,0.14592566,0.007835352,0.18018639
sample/renders/0351 Castform.png,0351 Castform.png,renders/0351 Castform.png,electric,electric,0.35171205,water,0.21038587,ground,0.084929876,0.07531143,0.35171205,0.00046808223,0.07500251,0.003028854,0.084929876,0.0060483078,0.024272682,0.07886475,0.21038587
sample/renders/0165 Ledyba.png,0165 Ledyba.png,renders/0165 Ledyba.png,normal,normal,0.504725,flying,0.37351924,water,0.25612944,0.0017202011,0.0030941213,0.18994437,0.37351924,0.00076483574,0.03464619,0.504725,0.0007134661,0.00058118807,0.25612944
sample/renders/0884 Duraludon Gigantamax.png,0884 Duraludon Gigantamax.png,renders/0884 Duraludon Gigantamax.png,water,water,0.23384736,poison,0.22108476,psychic,0.16565506,0.06292059,0.08031095,0.0010345998,0.16541773,0.029181756,0.04753699,0.06505717,0.22108476,0.16565506,0.23384736
sample/renders/0585 Deerling Summer.png,0585 Deerling Summer.png,renders/0585 Deerling Summer.png,"bug,flying",bug,0.8919176,flying,0.5564584,psychic,0.39893886,0.8919176,0.0017839153,0.0004882418,0.5564584,0.1374145,0.004125947,0.0052960133,0.03131534,0.39893886,0.008227775
sample/renders/0160 Feraligatr.png,0160 Feraligatr.png,renders/0160 Feraligatr.png,poison,poison,0.31897867,flying,0.2913044,water,0.24787937,0.0034202829,0.0025300747,0.006213126,0.2913044,0.10200456,0.013088201,0.033261042,0.31897867,0.005482791,0.24787937
sample/renders/0799 Guzzlord.png,0799 Guzzlord.png,renders/0799 Guzzlord.png,poison,poison,0.43712154,water,0.26207933,flying,0.25591674,0.10204639,0.13031454,0.002726125,0.25591674,0.0015282118,0.025240952,0.0040522725,0.43712154,0.03390142,0.26207933
sample/renders/0276 Taillow.png,0276 Taillow.png,renders/0276 Taillow.png,"flying,poison",poison,0.7701021,flying,0.5875587,grass,0.33619058,0.026470462,0.016338151,0.0029771049,0.5875587,0.33619058,0.05275884,0.01670421,0.7701021,0.0117294295,0.034419145
sample/renders/0356 Dusclops.png,0356 Dusclops.png,renders/0356 Dusclops.png,ground,ground,0.53312236,psychic,0.16057365,electric,0.101498164,0.06308122,0.101498164,0.0008049613,0.027499482,0.0075143888,0.53312236,0.017174268,0.010924824,0.16057365,0.07921302
sample/renders/0591 Amoonguss.png,0591 Amoonguss.png,renders/0591 Amoonguss.png,poison,poison,0.30253923,water,0.17298393,flying,0.14799333,0.023566846,0.036125418,0.0016840232,0.14799333,0.071698405,0.1208533,0.109048456,0.30253923,0.122151986,0.17298393
sample/renders/0783 Hakamo o.png,0783 Hakamo o.png,renders/0783 Hakamo o.png,psychic,psychic,0.4777691,ground,0.24960813,bug,0.17722823,0.17722823,0.16565043,0.0073075197,0.039030816,0.01390721,0.24960813,0.046932235,0.041097954,0.4777691,0.024167065
sample/renders/0666 Vivillon Jungle.png,0666 Vivillon Jungle.png,renders/0666 Vivillon Jungle.png,flying,flying,0.4626509,grass,0.39312482,bug,0.30459872,0.30459872,0.019817472,0.00045537867,0.4626509,0.39312482,0.008347348,0.010404218,0.11958511,0.13082914,0.06009182
sample/renders/0829 Gossifleur.png,0829 Gossifleur.png,renders/0829 Gossifleur.png,flying,flying,0.42482612,fire,0.35521257,electric,0.14565842,0.032498077,0.14565842,0.35521257,0.42482612,0.09202349,0.005907047,0.013343095,0.01963197,0.033874854,0.010373863
sample/renders/0616 Shelmet.png,0616 Shelmet.png,renders/0616 Shelmet.png,bug,bug,0.24905822,water,0.20573792,psychic,0.20180751,0.24905822,0.18990819,0.0025393795,0.17632763,0.058178253,0.08512852,0.07918254,0.06835022,0.20180751,0.20573792
sample/renders/0881 Arctozolt.png,0881 Arctozolt.png,renders/0881 Arctozolt.png,water,water,0.6188825,poison,0.1625249,electric,0.12111815,0.11781908,0.12111815,0.0017107661,0.08249127,0.004101754,0.015698375,0.003043599,0.1625249,0.10710739,0.6188825
sample/renders/0300 Skitty.png,0300 Skitty.png,renders/0300 Skitty.png,normal,normal,0.94431263,flying,0.30280352,psychic,0.08286412,0.0025079811,0.0018322158,0.0051219296,0.30280352,0.02984658,0.0016898051,0.94431263,0.0005044903,0.08286412,0.031365417
sample/renders/0025 Pikachu Rock Star.png,0025 Pikachu Rock Star.png,renders/0025 Pikachu Rock Star.png,flying,flying,0.33116597,electric,0.22656609,normal,0.20410047,0.039187565,0.22656609,0.105857894,0.33116597,0.0016179606,0.037997786,0.20410047,0.023669014,0.10263974,0.053988546
sample/renders/0215 Sneasel.png,0215 Sneasel.png,renders/0215 Sneasel.png,flying,flying,0.47460765,grass,0.45069835,poison,0.23326105,0.06957409,0.0051213927,0.0011607324,0.47460765,0.45069835,0.0048731742,0.0066603553,0.23326105,0.04193157,0.16185874
sample/renders/0073 Tentacruel.png,0073 Tentacruel.png,renders/0073 Tentacruel.png,grass,grass,0.46477968,poison,0.36615062,flying,0.32618153,0.008514656,0.0038267537,0.00010690797,0.32618153,0.46477968,0.0040956615,0.0035520445,0.36615062,0.0023194498,0.26561946
sample/renders/0666 Vivillon Garden.png,0666 Vivillon Garden.png,renders/0666 Vivillon Garden.png,grass,grass,0.7043188,poison,0.34741795,flying,0.2914612,0.087161936,0.009098763,0.0012158856,0.2914612,0.7043188,0.007716416,0.027459722,0.34741795,0.0655308,0.21892025
sample/renders/0425 Drifloon.png,0425 Drifloon.png,renders/0425 Drifloon.png,poison,poison,0.5672614,psychic,0.47121245,water,0.13942647,0.10626317,0.006603186,0.0006605704,0.12890364,0.0049229776,0.09504028,0.060245782,0.5672614,0.47121245,0.13942647
sample/renders/0899 Wyrdeer.png,0899 Wyrdeer.png,renders/0899 Wyrdeer.png,flying,flying,0.32478762,electric,0.21349019,psychic,0.17048496,0.09939506,0.21349019,0.00063344435,0.32478762,0.014911462,0.033688348,0.058473606,0.052323986,0.17048496,0.027056098
sample/renders/0116 Horsea.png,0116 Horsea.png,renders/0116 Horsea.png,water,water,0.9790607,flying,0.12870382,poison,0.014409228,0.0073224227,0.00071188627,0.0010568367,0.12870382,0.0024587144,0.0050640586,0.0100863,0.014409228,0.0013846699,0.9790607
sample/renders/0581 Swanna.png,0581 Swanna.png,renders/0581 Swanna.png,water,water,0.4637002,flying,0.25443605,electric,0.15316135,0.091029964,0.15316135,0.0017673606,0.25443605,0.008307954,0.021747086,0.008993748,0.057649765,0.023283653,0.4637002
sample/renders/0818Inteleon-Gigantamax.png,0818Inteleon-Gigantamax.png,renders/0818Inteleon-Gigantamax.png,water,water,0.34050554,flying,0.24785864,poison,0.24557664,0.052705005,0.05298934,0.0016564159,0.24785864,0.048764296,0.011629308,0.12003179,0.24557664,0.23319298,0.34050554
sample/renders/0145 Zapdos Galar.png,0145 Zapdos Galar.png,renders/0145 Zapdos Galar.png,fire,fire,0.6815933,water,0.102228165,flying,0.07722711,0.034058087,0.0038059494,0.6815933,0.07722711,0.039313834,0.016335929,0.012845038,0.011111847,0.00032904887,0.102228165
sample/renders/0511 Pansage.png,0511 Pansage.png,renders/0511 Pansage.png,"grass,psychic",psychic,0.7943846,grass,0.60347867,bug,0.33652997,0.33652997,0.0032581044,0.000419309,0.13624617,0.60347867,0.0072485106,0.012602374,0.06531781,0.7943846,0.0298538
sample/renders/0514 Simisear.png,0514 Simisear.png,renders/0514 Simisear.png,fire,fire,0.7463922,flying,0.362556,normal,0.22760364,0.0130149685,0.0061832257,0.7463922,0.362556,0.0034131147,0.016738888,0.22760364,0.004357586,0.031193294,0.04324386
sample/renders/0212 Scizor Mega.png,0212 Scizor Mega.png,renders/0212 Scizor Mega.png,flying,flying,0.42806253,fire,0.27561885,normal,0.26551333,0.033586215,0.0032298686,0.27561885,0.42806253,0.017829906,0.014103193,0.26551333,0.031117078,0.20220558,0.2076677
sample/renders/0571 Zoroark.png,0571 Zoroark.png,renders/0571 Zoroark.png,"grass,poison",poison,0.83470815,grass,0.5735972,electric,0.06353703,0.020493865,0.06353703,0.00960696,0.017486092,0.5735972,0.056766573,0.008765337,0.83470815,0.007808885,0.032199122
sample/renders/0642 Thundurus.png,0642 Thundurus.png,renders/0642 Thundurus.png,ground,ground,0.40587056,water,0.34358466,poison,0.08886731,0.0051267818,0.049523965,0.00018627226,0.07238095,0.0036628228,0.40587056,0.0004463088,0.08886731,0.007981087,0.34358466
sample/renders/0911 Skeledirge.png,0911 Skeledirge.png,renders/0911 Skeledirge.png,water,water,0.42462778,flying,0.31357187,normal,0.13821523,0.09307397,0.058425393,0.072364315,0.31357187,0.039077528,0.0149636,0.13821523,0.061669912,0.054643612,0.42462778
sample/renders/0593 Jellicent Female.png,0593 Jellicent Female.png,renders/0593 Jellicent Female.png,normal,normal,0.6489425,psychic,0.1457456,grass,0.061917447,0.01094595,0.013763035,6.3335116e-05,0.0044865124,0.061917447,0.011087168,0.6489425,0.054009836,0.1457456,0.026469681
sample/renders/0025 Pikachu Alola.png,0025 Pikachu Alola.png,renders/0025 Pikachu Alola.png,normal,normal,0.47346234,flying,0.32568318,electric,0.1402525,0.054592922,0.1402525,0.05710556,0.32568318,0.0027319822,0.08175475,0.47346234,0.029454822,0.03665815,0.021093406
sample/renders/0959 Tinkaton.png,0959 Tinkaton.png,renders/0959 Tinkaton.png,poison,poison,0.48383585,water,0.19845869,ground,0.087815784,0.04851256,0.00030598388,0.0003568896,0.015948305,0.00085343677,0.087815784,0.06948866,0.48383585,0.0799021,0.19845869
sample/renders/0676 Furfrou Heart.png,0676 Furfrou Heart.png,renders/0676 Furfrou Heart.png,psychic,psychic,0.26971138,flying,0.15422623,normal,0.108917326,0.097817875,0.101069055,0.0011486332,0.15422623,0.03593655,0.03519592,0.108917326,0.03765983,0.26971138,0.07187741
sample/renders/0025 Pikachu Gigantamax.png,0025 Pikachu Gigantamax.png,renders/0025 Pikachu Gigantamax.png,normal,normal,0.13864765,bug,0.1381019,flying,0.12708874,0.1381019,0.07805966,0.049215924,0.12708874,0.04500098,0.019059882,0.13864765,0.06937197,0.05790434,0.08456685
sample/renders/0125 Electabuzz.png,0125 Electabuzz.png,renders/0125 Electabuzz.png,electric,electric,0.611331,flying,0.338675,normal,0.16927236,0.04182996,0.611331,0.05322412,0.338675,0.00078439113,0.022992082,0.16927236,0.0136914225,0.05744964,0.004519119
sample/renders/0644 Zekrom.png,0644 Zekrom.png,renders/0644 Zekrom.png,ground,ground,0.34428585,water,0.1891289,electric,0.13531461,0.006742046,0.13531461,0.00039174518,0.09662132,0.011206969,0.34428585,0.00044789579,0.08877804,0.0054679546,0.1891289
sample/renders/0676 Furfrou Diamond.png,0676 Furfrou Diamond.png,renders/0676 Furfrou Diamond.png,ground,ground,0.29935837,electric,0.18876502,normal,0.1321401,0.09941008,0.18876502,0.021933837,0.09170853,0.0043500355,0.29935837,0.1321401,0.019419111,0.022379128,0.030334553
sample/renders/1009 Walking Wake.png,1009 Walking Wake.png,renders/1009 Walking Wake.png,"flying,poison",poison,0.83350056,flying,0.77383024,bug,0.045845546,0.045845546,0.0022303152,0.00013432586,0.77383024,0.023793453,0.016383471,0.0178221,0.83350056,0.012679441,0.020957373
sample/renders/0592 Frillish.png,0592 Frillish.png,renders/0592 Frillish.png,flying,flying,0.83315283,poison,0.28244436,water,0.26440206,0.048620608,0.0028751495,0.00032312828,0.83315283,0.013894836,0.009947602,0.05716947,0.28244436,0.08538123,0.26440206
sample/renders/0807 Zeraora.png,0807 Zeraora.png,renders/0807 Zeraora.png,psychic,psychic,0.5421349,electric,0.2797741,flying,0.16242313,0.07714241,0.2797741,0.0034489476,0.16242313,0.0019129397,0.14049974,0.027383972,0.0318988,0.5421349,0.007824343
sample/renders/0666 Vivillon Marine.png,0666 Vivillon Marine.png,renders/0666 Vivillon Marine.png,"flying,water",water,0.6885233,flying,0.64686185,bug,0.027159363,0.027159363,0.0055905203,0.0011338585,0.64686185,0.009399901,0.0026807596,0.0034512351,0.016659748,0.014571031,0.6885233
sample/renders/0767 Wimpod.png,0767 Wimpod.png,renders/0767 Wimpod.png,psychic,psychic,0.2867829,poison,0.18079448,flying,0.13891223,0.059316985,0.06440973,0.00044232333,0.13891223,0.004669779,0.07332067,0.050509956,0.18079448,0.2867829,0.07797505
sample/renders/0780 Drampa.png,0780 Drampa.png,renders/0780 Drampa.png,water,water,0.4884539,flying,0.13977727,electric,0.12926377,0.009232987,0.12926377,0.00048624005,0.13977727,0.013571535,0.04765166,0.0070492993,0.023549063,0.013095666,0.4884539
sample/renders/0774 Minior.png,0774 Minior.png,renders/0774 Minior.png,normal,normal,0.3479335,ground,0.10334623,bug,0.06322312,0.06322312,0.00054252375,0.00061103795,0.005238309,0.0116046,0.10334623,0.3479335,0.040365297,0.043518692,0.026555281
sample/renders/0860 Morgrem.png,0860 Morgrem.png,renders/0860 Morgrem.png,poison,poison,0.53176546,grass,0.19328408,flying,0.119749114,0.03472282,0.009426405,0.0008966488,0.119749114,0.19328408,0.0042398493,0.052987654,0.53176546,0.028288485,0.07651923
sample/renders/0273 Seedot.png,0273 Seedot.png,renders/0273 Seedot.png,ground,ground,0.85842,normal,0.11386683,bug,0.0777416,0.0777416,0.019762568,0.0024363156,0.010308363,0.0065270932,0.85842,0.11386683,0.0016509584,0.010089611,0.017322792
sample/renders/0025 Pikachu Pop Star.png,0025 Pikachu Pop Star.png,renders/0025 Pikachu Pop Star.png,psychic,psychic,0.662454,normal,0.3381842,flying,0.1249984,0.07467938,0.022045195,0.02653569,0.1249984,0.013166514,0.013432278,0.3381842,0.019702377,0.662454,0.05280933
sample/renders/0102 Exeggcute.png,0102 Exeggcute.png,renders/0102 Exeggcute.png,"normal,psychic",psychic,0.71920985,normal,0.53943014,grass,0.2985901,0.085696384,0.0060430034,0.00026931963,0.03552528,0.2985901,0.0072114556,0.53943014,0.005914771,0.71920985,0.015133513
sample/renders/0551 Sandile.png,0551 Sandile.png,renders/0551 Sandile.png,normal,normal,0.49922365,ground,0.2252787,flying,0.13552247,0.13155001,0.017928548,0.0063449526,0.13552247,0.006176109,0.2252787,0.49922365,0.010098714,0.05916064,0.02264183
sample/renders/0479 Rotom Wash.png,0479 Rotom Wash.png,renders/0479 Rotom Wash.png,flying,flying,0.30375665,fire,0.25900277,water,0.17795451,0.013177492,0.0033567885,0.25900277,0.30375665,0.12438908,0.0024143404,0.1253689,0.06359572,0.0047895773,0.17795451
sample/renders/0387 Turtwig.png,0387 Turtwig.png,renders/0387 Turtwig.png,bug,bug,0.57549244,psychic,0.45808688,flying,0.22541627,0.57549244,0.014786673,0.0067049474,0.22541627,0.115784876,0.030162426,0.068122946,0.034718834,0.45808688,0.02092069
sample/renders/0529 Drilbur.png,0529 Drilbur.png,renders/0529 Drilbur.png,ground,ground,0.31453487,bug,0.18968946,flying,0.102842,0.18968946,0.02063856,0.000835606,0.102842,0.001639387,0.31453487,0.031107254,0.053046767,0.09273156,0.031102454
sample/renders/0066 Machop.png,0066 Machop.png,renders/0066 Machop.png,water,water,0.49290386,flying,0.25974923,ground,0.09440277,0.04352429,0.051726747,0.0002445625,0.25974923,0.0033725402,0.09440277,0.00075824105,0.058354005,0.0066480963,0.49290386
sample/renders/0719 Diancie.png,0719 Diancie.png,renders/0719 Diancie.png,psychic,psychic,0.7467401,normal,0.14651148,water,0.12078676,0.10278598,0.011095316,0.0001042519,0.05197517,0.01900296,0.01783015,0.14651148,0.047525145,0.7467401,0.12078676
sample/renders/0851 Centiskorch Gigantamax.png,0851 Centiskorch Gigantamax.png,renders/0851 Centiskorch Gigantamax.png,"fire,flying",fire,0.76058376,flying,0.6289932,normal,0.1226928,0.02032229,0.062304523,0.76058376,0.6289932,0.0012946569,0.003642794,0.1226928,0.010733399,0.021021605,0.004525505
sample/renders/0303 Mawile.png,0303 Mawile.png,renders/0303 Mawile.png,ground,ground,0.180028,normal,0.13848741,bug,0.12592071,0.12592071,0.10872014,0.0071039633,0.051144093,0.0019422721,0.180028,0.13848741,0.036020838,0.09280118,0.09056393
sample/renders/0040 Wigglytuff.png,0040 Wigglytuff.png,renders/0040 Wigglytuff.png,normal,normal,0.9071079,psychic,0.43021926,flying,0.09691689,0.016031474,0.005168187,0.0001746557,0.09691689,0.034718014,0.0038082933,0.9071079,0.004853176,0.43021926,0.014682262
sample/renders/0788 Tapu Fini.png,0788 Tapu Fini.png,renders/0788 Tapu Fini.png,poison,poison,0.32266587,water,0.2606599,ground,0.17566468,0.008120096,0.005015178,5.975672e-05,0.08277085,0.010213567,0.17566468,0.0002059848,0.32266587,0.006784065,0.2606599
sample/renders/0210 Granbull.png,0210 Granbull.png,renders/0210 Granbull.png,normal,normal,0.6549813,psychic,0.23844154,poison,0.15148194,0.021422768,0.00019321573,2.3946224e-05,0.0027333011,0.0022870502,0.019334268,0.6549813,0.15148194,0.23844154,0.013968768
sample/renders/0096 Drowzee.png,0096 Drowzee.png,renders/0096 Drowzee.png,psychic,psychic,0.8212474,ground,0.15423524,flying,0.10768354,0.02487006,0.07949843,0.0005893123,0.10768354,0.0006055349,0.15423524,0.012742955,0.013799452,0.8212474,0.0137999905
sample/renders/0027 Sandshrew Alola.png,0027 Sandshrew Alola.png,renders/0027 Sandshrew Alola.png,water,water,0.4169445,electric,0.20587446,flying,0.11646915,0.058702048,0.20587446,0.0005268818,0.11646915,0.00060235476,0.08843996,0.0018555768,0.02659421,0.019659735,0.4169445
sample/renders/0282 Gardevoir.png,0282 Gardevoir.png,renders/0282 Gardevoir.png,flying,flying,0.37427926,grass,0.27759767,psychic,0.23377778,0.21954149,0.09417534,0.0008452731,0.37427926,0.27759767,0.011247151,0.016567014,0.1182952,0.23377778,0.07003899
sample/renders/0628 Braviary.png,0628 Braviary.png,renders/0628 Braviary.png,bug,bug,0.4025322,flying,0.3463306,poison,0.27674305,0.4025322,0.012138457,0.002094613,0.3463306,0.035619453,0.018746052,0.044515405,0.27674305,0.07316554,0.19430213
sample/renders/0791 Solgaleo.png,0791 Solgaleo.png,renders/0791 Solgaleo.png,electric,electric,0.27917713,water,0.21437001,bug,0.081025146,0.081025146,0.27917713,0.0010294303,0.07087108,0.009514885,0.03424638,0.020219587,0.010273657,0.048779283,0.21437001
sample/renders/0561 Sigilyph.png,0561 Sigilyph.png,renders/0561 Sigilyph.png,water,water,0.40211776,flying,0.23643331,electric,0.21810903,0.181565,0.21810903,0.007262837,0.23643331,0.01200348,0.01308808,0.032131698,0.051767893,0.0049062786,0.40211776
sample/renders/0071 Victreebel.png,0071 Victreebel.png,renders/0071 Victreebel.png,bug,bug,0.6566722,psychic,0.27560577,flying,0.17787877,0.6566722,0.004647478,0.00050844974,0.17787877,0.09225645,0.0074170367,0.027448827,0.13468368,0.27560577,0.049910545
sample/renders/0352 Kecleon.png,0352 Kecleon.png,renders/0352 Kecleon.png,"bug,flying",bug,0.89210933,flying,0.56649864,psychic,0.15656258,0.89210933,0.0036480834,0.011342382,0.56649864,0.07033022,0.025125967,0.086566016,0.040770646,0.15656258,0.014796226
sample/renders/0758 Salazzle.png,0758 Salazzle.png,renders/0758 Salazzle.png,psychic,psychic,0.285536,poison,0.20260766,water,0.15779757,0.09359007,0.030853348,0.0014144353,0.13220295,0.020115217,0.043062545,0.032145225,0.20260766,0.285536,0.15779757
sample/renders/0351 Castform Rainy.png,0351 Castform Rainy.png,renders/0351 Castform Rainy.png,water,water,0.7236919,flying,0.2287059,poison,0.14484172,0.0112236375,0.0040616323,0.00027538018,0.2287059,0.035783242,0.013161905,0.00060580595,0.14484172,0.0011411689,0.7236919
sample/renders/0782 Jangmo o.png,0782 Jangmo o.png,renders/0782 Jangmo o.png,ground,ground,0.22057217,bug,0.12838425,electric,0.12045991,0.12838425,0.12045991,0.0014066863,0.112278156,0.010566157,0.22057217,0.014725106,0.032969106,0.09116306,0.05965653
sample/renders/0272 Ludicolo.png,0272 Ludicolo.png,renders/0272 Ludicolo.png,"grass,psychic",psychic,0.80833757,grass,0.543545,flying,0.31322598,0.24268858,0.00018232015,0.0015953222,0.31322598,0.543545,0.0142727345,0.30148566,0.007284754,0.80833757,0.0055253096
sample/renders/0827 Nickit.png,0827 Nickit.png,renders/0827 Nickit.png,fire,fire,0.6450546,flying,0.2505257,bug,0.17462763,0.17462763,0.0053819395,0.6450546,0.2505257,0.09276916,0.08022787,0.13623981,0.02545294,0.01318506,0.043619793
sample/renders/0812Rillaboom-Gigantamax.png,0812Rillaboom-Gigantamax.png,renders/0812Rillaboom-Gigantamax.png,normal,normal,0.64281946,flying,0.4416315,bug,0.1170429,0.1170429,0.004255569,0.08538206,0.4416315,0.013309689,0.06624701,0.64281946,0.006055915,0.009032563,0.012937147
sample/renders/0852 Clobbopus.png,0852 Clobbopus.png,renders/0852 Clobbopus.png,water,water,0.5042669,fire,0.3350991,flying,0.2066976,0.0030145731,0.008069605,0.3350991,0.2066976,0.0019474667,0.011568556,0.1850754,0.0004623744,0.004455464,0.5042669
sample/renders/0331 Cacnea.png,0331 Cacnea.png,renders/0331 Cacnea.png,"bug,flying",bug,0.8600303,flying,0.55837524,grass,0.080860905,0.8600303,0.0043992377,2.7304668e-05,0.55837524,0.080860905,0.0022673917,0.0006466838,0.023186313,0.056828927,0.040102515
sample/renders/0284 Masquerain.png,0284 Masquerain.png,renders/0284 Masquerain.png,flying,flying,0.4464289,water,0.41848943,normal,0.22091433,0.06658428,0.05237495,0.030297883,0.4464289,0.05288701,0.0090846745,0.22091433,0.07055343,0.09258824,0.41848943
sample/renders/0128 Tauros Paldea Aqua.png,0128 Tauros Paldea Aqua.png,renders/0128 Tauros Paldea Aqua.png,ground,ground,0.4888555,electric,0.18022336,flying,0.14332785,0.02083429,0.18022336,0.0006065687,0.14332785,0.00209297,0.4888555,0.0014114184,0.08282879,0.0033179338,0.07615468
sample/renders/0410 Shieldon.png,0410 Shieldon.png,renders/0410 Shieldon.png,ground,ground,0.712288,bug,0.18391293,poison,0.08454026,0.18391293,0.036400925,0.0028517481,0.02198104,0.0009890732,0.712288,0.041549873,0.08454026,0.0074073463,0.047653355
sample/renders/0549 Lilligant Hisui.png,0549 Lilligant Hisui.png,renders/0549 Lilligant Hisui.png,"bug,grass,psychic",psychic,0.64347273,grass,0.64266443,bug,0.5057649,0.5057649,0.0036601336,0.00020594276,0.47299868,0.64266443,0.0029995146,0.00573426,0.15464455,0.64347273,0.018622115
sample/renders/0821 Rookidee.png,0821 Rookidee.png,renders/0821 Rookidee.png,water,water,0.49043167,flying,0.29270598,poison,0.23452663,0.028829582,0.042773906,0.0025420513,0.29270598,0.011028187,0.058849983,0.009649733,0.23452663,0.018757015,0.49043167
sample/renders/0548 Petilil.png,0548 Petilil.png,renders/0548 Petilil.png,bug,bug,0.7645889,psychic,0.4276205,flying,0.38989937,0.7645889,0.0037117132,0.001180188,0.38989937,0.13494572,0.006168428,0.022296196,0.011163185,0.4276205,0.016643368
sample/renders/0234 Stantler.png,0234 Stantler.png,renders/0234 Stantler.png,normal,normal,0.5881896,flying,0.2912671,grass,0.1650902,0.09902309,0.0009789955,0.008511925,0.2912671,0.1650902,0.06492343,0.5881896,0.005884055,0.14106506,0.005118052
sample/renders/0212 Scizor.png,0212 Scizor.png,renders/0212 Scizor.png,fire,fire,0.6038635,flying,0.19118387,normal,0.1236402,0.07311494,0.0028671823,0.6038635,0.19118387,0.1023338,0.013530551,0.1236402,0.03785499,0.059051268,0.07244992
sample/renders/0243 Raikou.png,0243 Raikou.png,renders/0243 Raikou.png,psychic,psychic,0.7648584,normal,0.15954259,bug,0.14867775,0.14867775,0.027289096,0.0005434027,0.074326575,0.00048242987,0.05652152,0.15954259,0.031829108,0.7648584,0.023353722
sample/renders/0588 Karrablast.png,0588 Karrablast.png,renders/0588 Karrablast.png,poison,poison,0.49297568,water,0.33688396,psychic,0.2459267,0.22707883,0.010515371,0.0004383339,0.17024942,0.00073435996,0.01823356,0.014053119,0.49297568,0.2459267,0.33688396
sample/renders/0631 Heatmor.png,0631 Heatmor.png,renders/0631 Heatmor.png,normal,normal,0.29765925,ground,0.2395011,flying,0.21128729,0.12920302,0.0045755664,0.15170959,0.21128729,0.030709103,0.2395011,0.29765925,0.0073106647,0.026516126,0.043291233
sample/renders/0057 Primeape.png,0057 Primeape.png,renders/0057 Primeape.png,normal,normal,0.49885833,flying,0.16904569,bug,0.1247401,0.1247401,0.004278468,0.002741759,0.16904569,0.07625914,0.120623104,0.49885833,0.0036725109,0.082593605,0.03234685
sample/renders/0922 Pawmo.png,0922 Pawmo.png,renders/0922 Pawmo.png,electric,electric,0.263471,normal,0.20778875,ground,0.17107476,0.021549411,0.263471,0.01169917,0.13779248,7.5139134e-05,0.17107476,0.20778875,0.017138185,0.00919128,0.043924015
sample/renders/0680 Doublade.png,0680 Doublade.png,renders/0680 Doublade.png,normal,normal,0.27813706,psychic,0.1743038,flying,0.11176443,0.029676905,0.07921727,0.0047720736,0.11176443,0.027898276,0.06492042,0.27813706,0.011835979,0.1743038,0.037423827
sample/renders/0192 Sunflora.png,0192 Sunflora.png,renders/0192 Sunflora.png,bug,bug,0.69463015,flying,0.26256934,poison,0.08862482,0.69463015,0.07229343,0.010137168,0.26256934,0.004318545,0.027635293,0.03627537,0.08862482,0.010782045,0.048282985
sample/renders/0058 Growlithe Hisui.png,0058 Growlithe Hisui.png,renders/0058 Growlithe Hisui.png,water,water,0.1986219,psychic,0.18518953,flying,0.15883195,0.041249905,0.023915622,0.091820456,0.15883195,0.019759722,0.032144878,0.14485504,0.0076695094,0.18518953,0.1986219
sample/renders/0668 Pyroar Male.png,0668 Pyroar Male.png,renders/0668 Pyroar Male.png,fire,fire,0.6517453,flying,0.18917245,water,0.121307686,0.081320435,0.0059260693,0.6517453,0.18917245,0.011689459,0.038339008,0.060866725,0.013394965,0.0047188755,0.121307686
sample/renders/0185 Sudowoodo.png,0185 Sudowoodo.png,renders/0185 Sudowoodo.png,normal,normal,0.52317077,psychic,0.48634934,grass,0.42751166,0.05247161,0.0009828362,0.00275097,0.40306872,0.42751166,0.02030311,0.52317077,0.042820565,0.48634934,0.010606516
sample/renders/0089 Muk.png,0089 Muk.png,renders/0089 Muk.png,poison,poison,0.32496488,psychic,0.13554886,ground,0.12470082,0.12339464,0.017060246,0.00029558773,0.121213704,0.0037674431,0.12470082,0.011389285,0.32496488,0.13554886,0.08728694
sample/renders/0507 Herdier.png,0507 Herdier.png,renders/0507 Herdier.png,flying,flying,0.3216958,normal,0.25310096,water,0.14870992,0.016400132,0.011479639,0.0982441,0.3216958,0.010740463,0.09353174,0.25310096,0.056637906,0.027476827,0.14870992
sample/renders/0457 Lumineon.png,0457 Lumineon.png,renders/0457 Lumineon.png,water,water,0.40668386,flying,0.15132737,ground,0.08319292,0.01696327,0.04059799,9.4639516e-05,0.15132737,0.014203752,0.08319292,9.3776565e-05,0.079478145,0.0012963581,0.40668386
sample/renders/0726 Torracat.png,0726 Torracat.png,renders/0726 Torracat.png,fire,fire,0.8250976,flying,0.14812323,water,0.05606706,0.038343865,0.0020526992,0.8250976,0.14812323,0.020458167,0.005805572,0.03642514,0.0018781432,0.0020102542,0.05606706
sample/renders/0265 Wurmple.png,0265 Wurmple.png,renders/0265 Wurmple.png,flying,flying,0.2989747,fire,0.29151133,normal,0.26172557,0.00995446,0.017370112,0.29151133,0.2989747,0.0056880466,0.0031593158,0.26172557,0.006694674,0.25481898,0.17989278
sample/renders/0876 Indeedee.png,0876 Indeedee.png,renders/0876 Indeedee.png,water,water,0.35927835,flying,0.14589867,poison,0.11246996,0.056295432,0.096829586,0.001205481,0.14589867,0.00122901,0.047724985,0.0072917873,0.11246996,0.0698639,0.35927835
sample/renders/0647 Keldeo Resolute.png,0647 Keldeo Resolute.png,renders/0647 Keldeo Resolute.png,water,water,0.71078485,flying,0.2335093,normal,0.21080552,0.0031617286,0.014207559,0.11306447,0.2335093,0.00205349,0.0021679688,0.21080552,0.01897435,0.001307419,0.71078485
sample/renders/0069 Bellsprout.png,0069 Bellsprout.png,renders/0069 Bellsprout.png,bug,bug,0.6145342,flying,0.37065917,psychic,0.23147856,0.6145342,0.008718591,0.0006087581,0.37065917,0.14815898,0.006969703,0.007133686,0.12974289,0.23147856,0.023246937
sample/renders/0839 Coalossal Gigantamax.png,0839 Coalossal Gigantamax.png,renders/0839 Coalossal Gigantamax.png,poison,poison,0.4271693,water,0.18175404,flying,0.15933676,0.12971571,0.004484979,0.0036995364,0.15933676,0.06246114,0.13723586,0.06071323,0.4271693,0.07030206,0.18175404
sample/renders/0517 Munna.png,0517 Munna.png,renders/0517 Munna.png,normal,normal,0.9444558,psychic,0.080027066,water,0.0695402,0.0017326876,0.0037656124,0.00023262294,0.00070625864,0.015872391,0.0012765201,0.9444558,0.0005341892,0.080027066,0.0695402
sample/renders/0645 Landorus.png,0645 Landorus.png,renders/0645 Landorus.png,flying,flying,0.4639944,normal,0.41534343,water,0.15287784,0.036718093,0.026095737,0.018986117,0.4639944,0.013848884,0.109803855,0.41534343,0.03355874,0.03014767,0.15287784
sample/renders/0080 Slowbro Mega.png,0080 Slowbro Mega.png,renders/0080 Slowbro Mega.png,electric,electric,0.24020784,flying,0.18380234,psychic,0.12496049,0.08239618,0.24020784,0.003563164,0.18380234,0.012933924,0.09011703,0.09767271,0.054343503,0.12496049,0.10002285
sample/renders/0567 Archeops.png,0567 Archeops.png,renders/0567 Archeops.png,flying,flying,0.63286275,normal,0.37027827,water,0.24716201,0.011746447,0.006007852,0.087436266,0.63286275,0.00521924,0.0029909636,0.37027827,0.016687185,0.05350331,0.24716201
sample/renders/0801 Magearna.png,0801 Magearna.png,renders/0801 Magearna.png,ground,ground,0.27605218,bug,0.23198467,water,0.15473184,0.23198467,0.023413422,0.00076732767,0.052513797,0.043711834,0.27605218,0.0262816,0.02300607,0.13443048,0.15473184
sample/renders/0939 Bellibolt.png,0939 Bellibolt.png,renders/0939 Bellibolt.png,ground,ground,0.31382033,psychic,0.25858662,normal,0.15632044,0.14070426,0.023430046,0.0025885785,0.090974785,0.09503082,0.31382033,0.15632044,0.031577084,0.25858662,0.1340844
sample/renders/0420 Cherubi.png,0420 Cherubi.png,renders/0420 Cherubi.png,grass,grass,0.55689526,poison,0.45214713,bug,0.109010585,0.109010585,0.04270823,0.080232866,0.006114445,0.55689526,0.003449533,0.034861762,0.45214713,0.03359056,0.024957897
sample/renders/0609 Chandelure.png,0609 Chandelure.png,renders/0609 Chandelure.png,water,water,0.45090598,ground,0.17261226,poison,0.122263566,0.007950629,0.0302781,0.00013935623,0.079248056,0.017002659,0.17261226,0.00015683302,0.122263566,0.0020653,0.45090598
sample/renders/0666 Vivillon.png,0666 Vivillon.png,renders/0666 Vivillon.png,normal,normal,0.4314895,water,0.2603954,psychic,0.22150265,0.0140641425,0.0076121455,0.0012471686,0.0090330895,0.024976041,0.0023673018,0.4314895,0.2138277,0.22150265,0.2603954
sample/renders/0132 Ditto.png,0132 Ditto.png,renders/0132 Ditto.png,normal,normal,0.37734824,psychic,0.34984797,poison,0.34180653,0.07560759,0.025937228,0.004655892,0.021072166,0.0029892619,0.1736554,0.37734824,0.34180653,0.34984797,0.042859286
sample/renders/0238 Smoochum.png,0238 Smoochum.png,renders/0238 Smoochum.png,psychic,psychic,0.87182295,normal,0.24170491,flying,0.11971178,0.03314153,0.0011350887,0.0023917707,0.11971178,0.098064,0.01494547,0.24170491,0.0156116905,0.87182295,0.039710447
sample/renders/0988 Slither Wing.png,0988 Slither Wing.png,renders/0988 Slither Wing.png,water,water,0.38207027,fire,0.31566763,flying,0.08557123,0.021085564,0.02810987,0.31566763,0.08557123,0.010170837,0.0028804282,0.03132613,0.005930636,0.007905351,0.38207027
sample/renders/0334 Altaria.png,0334 Altaria.png,renders/0334 Altaria.png,water,water,0.73622894,flying,0.16153032,poison,0.06656713,0.0059912736,0.019117223,0.00027272681,0.16153032,0.0039287102,0.012382389,0.0039198585,0.06656713,0.019147674,0.73622894
sample/renders/0576 Gothitelle.png,0576 Gothitelle.png,renders/0576 Gothitelle.png,water,water,0.23313238,bug,0.22722512,flying,0.10221163,0.22722512,0.03301217,0.000100895115,0.10221163,0.027023677,0.04462737,0.002521615,0.025639173,0.035304308,0.23313238
sample/renders/0505 Watchog.png,0505 Watchog.png,renders/0505 Watchog.png,flying,flying,0.3811298,bug,0.25816858,normal,0.2561367,0.25816858,0.036585946,0.0536364,0.3811298,0.011623237,0.046984755,0.2561367,0.22219199,0.2418668,0.054509215
sample/renders/0090 Shellder.png,0090 Shellder.png,renders/0090 Shellder.png,water,water,0.42613184,psychic,0.25555417,poison,0.13165717,0.010622079,0.012536882,0.0013167082,0.05313625,0.0024809525,0.061252665,0.008771247,0.13165717,0.25555417,0.42613184
sample/renders/0666 Vivillon Archipelago.png,0666 Vivillon Archipelago.png,renders/0666 Vivillon Archipelago.png,fire,fire,0.8573576,flying,0.4251984,normal,0.20092966,0.016229358,0.0016215538,0.8573576,0.4251984,0.00564205,0.011308109,0.20092966,0.008155412,0.0037757829,0.028958404
sample/renders/0443 Gible.png,0443 Gible.png,renders/0443 Gible.png,grass,grass,0.6791877,flying,0.2058709,water,0.16469802,0.025750227,0.0073171738,0.00454944,0.2058709,0.6791877,0.035888705,0.0056023723,0.067683764,0.0494681,0.16469802
sample/renders/0068 Machamp Gigantamax.png,0068 Machamp Gigantamax.png,renders/0068 Machamp Gigantamax.png,poison,poison,0.6716766,flying,0.20143706,bug,0.14792486,0.14792486,0.001305499,0.0011772907,0.20143706,0.060123794,0.02100459,0.06812172,0.6716766,0.07379521,0.105323315
sample/renders/0384 Rayquaza Mega.png,0384 Rayquaza Mega.png,renders/0384 Rayquaza Mega.png,flying,flying,0.4449211,bug,0.18930689,grass,0.1689697,0.18930689,0.08392571,0.0061095003,0.4449211,0.1689697,0.0037342208,0.031834763,0.15126146,0.059773345,0.073312484
sample/renders/0266 Silcoon.png,0266 Silcoon.png,renders/0266 Silcoon.png,electric,electric,0.39322945,water,0.3026634,flying,0.20133077,0.118390165,0.39322945,0.0006578632,0.20133077,0.0067963907,0.014751993,0.009391308,0.029619351,0.063814506,0.3026634
sample/renders/0889 Zamazenta Hero.png,0889 Zamazenta Hero.png,renders/0889 Zamazenta Hero.png,poison,poison,0.59948325,grass,0.38125283,water,0.11346693,0.034290064,0.060216475,0.018849125,0.07023995,0.38125283,0.013129855,0.026205705,0.59948325,0.038742214,0.11346693
sample/renders/0575 Gothorita.png,0575 Gothorita.png,renders/0575 Gothorita.png,water,water,0.43740556,flying,0.14366782,bug,0.13866653,0.13866653,0.050952725,0.00014219874,0.14366782,0.012136068,0.020515796,0.0026618715,0.0652477,0.017382791,0.43740556
sample/renders/0100 Voltorb.png,0100 Voltorb.png,renders/0100 Voltorb.png,normal,normal,0.5201639,psychic,0.16091047,electric,0.15563115,0.0027562808,0.15563115,0.015896326,0.0070245108,0.08195826,0.017747352,0.5201639,0.010814973,0.16091047,0.13608941
sample/renders/0379 Registeel.png,0379 Registeel.png,renders/0379 Registeel.png,ground,ground,0.5994384,water,0.19413033,electric,0.07864324,0.024524279,0.07864324,0.00012727306,0.025129206,0.0017617863,0.5994384,0.00077157584,0.029791594,0.017239965,0.19413033
sample/renders/0834 Drednaw Gigantamax.png,0834 Drednaw Gigantamax.png,renders/0834 Drednaw Gigantamax.png,flying,flying,0.42036462,normal,0.3173596,water,0.26466334,0.028855937,0.025643965,0.2104967,0.42036462,0.007901843,0.052931055,0.3173596,0.12524715,0.014356106,0.26466334
sample/renders/0934 Garganacl.png,0934 Garganacl.png,renders/0934 Garganacl.png,bug,bug,0.35761374,psychic,0.25850278,ground,0.20449047,0.35761374,0.0127249835,0.00074040657,0.03470832,0.036129244,0.20449047,0.08785832,0.008627425,0.25850278,0.052648067
sample/renders/0847 Barraskewda.png,0847 Barraskewda.png,renders/0847 Barraskewda.png,fire,fire,0.33160177,normal,0.3047396,flying,0.17885295,0.017079841,0.032439295,0.33160177,0.17885295,0.00882311,0.054110885,0.3047396,0.0046098176,0.015401222,0.13326403
sample/renders/0975 Cetitan.png,0975 Cetitan.png,renders/0975 Cetitan.png,ground,ground,0.22620887,bug,0.17378691,electric,0.15031666,0.17378691,0.15031666,0.0006595752,0.11738641,0.0013347444,0.22620887,0.013647852,0.019495353,0.05673079,0.043395158
sample/renders/0753 Fomantis.png,0753 Fomantis.png,renders/0753 Fomantis.png,grass,grass,0.82346743,poison,0.41253304,psychic,0.21959683,0.05438161,0.0016963508,0.00073931663,0.06629678,0.82346743,0.007488158,0.02152621,0.41253304,0.21959683,0.13578771
sample/renders/0388 Grotle.png,0388 Grotle.png,renders/0388 Grotle.png,bug,bug,0.7790235,flying,0.26316527,psychic,0.18853399,0.7790235,0.01236652,0.00034956035,0.26316527,0.088778004,0.009319469,0.01701815,0.10416332,0.18853399,0.022369005
sample/renders/0269 Dustox.png,0269 Dustox.png,renders/0269 Dustox.png,bug,bug,0.47167817,normal,0.35586554,psychic,0.27678898,0.47167817,0.018066658,0.008331651,0.25597915,0.103705786,0.028715486,0.35586554,0.20622504,0.27678898,0.032654196
sample/renders/0623 Golurk.png,0623 Golurk.png,renders/0623 Golurk.png,water,water,0.44362918,flying,0.24487464,poison,0.14129584,0.027842456,0.022256585,0.00014714288,0.24487464,0.020863697,0.08352602,0.00063137396,0.14129584,0.0038293465,0.44362918
sample/renders/0557 Dwebble.png,0557 Dwebble.png,renders/0557 Dwebble.png,ground,ground,0.6394731,normal,0.17691869,bug,0.15378484,0.15378484,0.023045132,0.042624388,0.0459369,0.0038397212,0.6394731,0.17691869,0.02568057,0.006802955,0.030164482
sample/renders/0380 Latias Mega.png,0380 Latias Mega.png,renders/0380 Latias Mega.png,water,water,0.33778375,flying,0.16655247,psychic,0.1550208,0.074047364,0.026645863,0.00026656582,0.16655247,0.0036640656,0.042936992,0.0011813146,0.09247836,0.1550208,0.33778375
sample/renders/0539 Sawk.png,0539 Sawk.png,renders/0539 Sawk.png,water,water,0.44189546,ground,0.17167544,flying,0.08899709,0.008272742,0.046718825,8.698875e-05,0.08899709,0.0061482387,0.17167544,9.213725e-05,0.060254507,0.0019650587,0.44189546
sample/renders/0952 Scovillain.png,0952 Scovillain.png,renders/0952 Scovillain.png,"grass,poison",poison,0.9147444,grass,0.9085147,flying,0.09426083,0.093909554,0.0077019637,0.0024864918,0.09426083,0.9085147,0.0035928106,0.009719357,0.9147444,0.003960443,0.008564001
sample/renders/0025 Pikachu Unova.png,0025 Pikachu Unova.png,renders/0025 Pikachu Unova.png,normal,normal,0.567122,flying,0.35219178,ground,0.10391276,0.032194097,0.076875575,0.017150663,0.35219178,0.00085301796,0.10391276,0.567122,0.019521814,0.0152988965,0.08039872
sample/renders/0876 Indeedee Female.png,0876 Indeedee Female.png,renders/0876 Indeedee Female.png,water,water,0.356109,poison,0.12946275,psychic,0.0841553,0.08233338,0.03421788,0.00028746654,0.06418523,0.0077582397,0.049887966,0.0064672334,0.12946275,0.0841553,0.356109
sample/renders/1013 Sinistcha.png,1013 Sinistcha.png,renders/1013 Sinistcha.png,flying,flying,0.4924701,grass,0.42612892,bug,0.4042901,0.4042901,0.0062537408,0.00016843496,0.4924701,0.42612892,0.010467992,0.011742584,0.05051768,0.3144736,0.018023504
sample/renders/0312 Minun.png,0312 Minun.png,renders/0312 Minun.png,"flying,water",water,0.6076875,flying,0.5073216,normal,0.25210005,0.001607476,0.0042385464,0.03847551,0.5073216,0.0020252208,0.0046138754,0.25210005,0.001660782,0.00397824,0.6076875
sample/renders/0871 Pincurchin.png,0871 Pincurchin.png,renders/0871 Pincurchin.png,poison,poison,0.6346933,psychic,0.3585249,water,0.08303021,0.07780579,0.0040897047,0.00031828156,0.023941645,0.00025476556,0.08167844,0.028015476,0.6346933,0.3585249,0.08303021
sample/renders/0114 Tangela.png,0114 Tangela.png,renders/0114 Tangela.png,grass,grass,0.9350481,water,0.11215718,flying,0.091459155,0.013379975,0.016502246,0.0013625787,0.091459155,0.9350481,0.02829417,0.00032691503,0.022018332,0.0036534255,0.11215718
sample/renders/0727 Incineroar.png,0727 Incineroar.png,renders/0727 Incineroar.png,fire,fire,0.80094004,flying,0.2099246,water,0.06793865,0.027213996,0.0031697955,0.80094004,0.2099246,0.019755417,0.005237455,0.036369734,0.0074359183,0.014578844,0.06793865
sample/renders/0228 Houndour.png,0228 Houndour.png,renders/0228 Houndour.png,ground,ground,0.69944185,normal,0.09043442,bug,0.08829847,0.08829847,0.045788735,0.0069361534,0.05431249,0.003995693,0.69944185,0.09043442,0.022385249,0.026773343,0.030858593
sample/renders/0737 Charjabug.png,0737 Charjabug.png,renders/0737 Charjabug.png,"grass,poison",grass,0.6086164,poison,0.5007144,bug,0.27648154,0.27648154,0.0034374911,0.00010930684,0.22552578,0.6086164,0.0072639617,0.0034276599,0.5007144,0.16117522,0.021754457
sample/renders/0797 Celesteela.png,0797 Celesteela.png,renders/0797 Celesteela.png,water,water,0.59029293,poison,0.2221849,flying,0.10561584,0.02043862,0.033073433,8.084272e-05,0.10561584,0.04144879,0.05910249,0.00029981407,0.2221849,0.003053404,0.59029293
sample/renders/0130 Gyarados.png,0130 Gyarados.png,renders/0130 Gyarados.png,water,water,0.8395277,flying,0.3972788,normal,0.02566265,0.005257621,0.0031376036,0.0009287879,0.3972788,0.01833466,0.010426442,0.02566265,0.021620853,0.0067835897,0.8395277
sample/renders/0523 Zebstrika.png,0523 Zebstrika.png,renders/0523 Zebstrika.png,water,water,0.22781882,electric,0.16533832,bug,0.16054389,0.16054389,0.16533832,0.00025031372,0.03893269,0.0033146758,0.10518158,0.00056106714,0.013785324,0.00650304,0.22781882
sample/renders/0025 Pikachu World.png,0025 Pikachu World.png,renders/0025 Pikachu World.png,electric,electric,0.34642372,fire,0.3014179,flying,0.26857144,0.01359111,0.34642372,0.3014179,0.26857144,0.00031062998,0.07954244,0.1892444,0.0076765204,0.013952692,0.02919058
sample/renders/0876 Indeedee Male.png,0876 Indeedee Male.png,renders/0876 Indeedee Male.png,water,water,0.37285727,poison,0.114315405,ground,0.0926944,0.044093557,0.011893986,0.0001454935,0.044429075,0.0035505516,0.0926944,0.0019854335,0.114315405,0.089242496,0.37285727
sample/renders/0765 Oranguru.png,0765 Oranguru.png,renders/0765 Oranguru.png,poison,poison,0.3009103,psychic,0.18802406,bug,0.17779657,0.17779657,0.006072201,0.00016201304,0.16580465,0.02000675,0.10115928,0.056200467,0.3009103,0.18802406,0.018211728
sample/renders/0655 Delphox.png,0655 Delphox.png,renders/0655 Delphox.png,fire,fire,0.85771376,flying,0.1497701,water,0.0554762,0.016727218,0.0019030139,0.85771376,0.1497701,0.009540845,0.038760785,0.053813297,0.003325448,0.010505802,0.0554762
sample/renders/0205 Forretress.png,0205 Forretress.png,renders/0205 Forretress.png,psychic,psychic,0.41890085,water,0.39855072,normal,0.23725352,0.09869723,0.021928899,0.0020488368,0.15855041,0.080917075,0.017612284,0.23725352,0.07872364,0.41890085,0.39855072
sample/renders/0079 Slowpoke Galar.png,0079 Slowpoke Galar.png,renders/0079 Slowpoke Galar.png,psychic,psychic,0.66171813,normal,0.28490168,grass,0.13846341,0.022668203,0.0014848905,0.00025210573,0.004090354,0.13846341,0.018657928,0.28490168,0.023204342,0.66171813,0.033391293
sample/renders/0010 Caterpie.png,0010 Caterpie.png,renders/0010 Caterpie.png,bug,bug,0.97064495,flying,0.16140607,psychic,0.11021602,0.97064495,0.00020672422,0.00025582802,0.16140607,0.052285463,0.0015653581,0.008166961,0.015420195,0.11021602,0.001827763
sample/renders/0219 Magcargo.png,0219 Magcargo.png,renders/0219 Magcargo.png,fire,fire,0.2958627,psychic,0.20950273,water,0.20368463,0.070576,0.008034686,0.2958627,0.19453472,0.12678522,0.008327656,0.087757066,0.14613311,0.20950273,0.20368463
sample/renders/0394 Prinplup.png,0394 Prinplup.png,renders/0394 Prinplup.png,poison,poison,0.42805827,water,0.3000896,flying,0.22684135,0.011788822,0.023690242,0.0008636979,0.22684135,0.023975065,0.08966246,0.00088531926,0.42805827,0.010099359,0.3000896
sample/renders/0718 Zygarde Core.png,0718 Zygarde Core.png,renders/0718 Zygarde Core.png,bug,bug,0.9163525,flying,0.13506217,grass,0.095084116,0.9163525,0.00061955047,0.0007266674,0.13506217,0.095084116,0.005124224,0.014273746,0.09322759,0.09019697,0.010349024
sample/renders/0216 Teddiursa.png,0216 Teddiursa.png,renders/0216 Teddiursa.png,fire,fire,0.84147763,flying,0.18753965,normal,0.11738215,0.0041023344,0.0055280393,0.84147763,0.18753965,0.0006358798,0.07150791,0.11738215,0.0020444891,0.0005945799,0.01261707
sample/renders/0140 Kabuto.png,0140 Kabuto.png,renders/0140 Kabuto.png,poison,poison,0.24501653,flying,0.22791202,bug,0.20399086,0.20399086,0.013750238,0.009095915,0.22791202,0.103361756,0.1156574,0.18835752,0.24501653,0.024312641,0.057295524
sample/renders/0025 Pikachu Sinnoh.png,0025 Pikachu Sinnoh.png,renders/0025 Pikachu Sinnoh.png,flying,flying,0.25524062,normal,0.22933051,poison,0.11706013,0.06639279,0.08269285,0.054905504,0.25524062,0.005082151,0.08126828,0.22933051,0.11706013,0.115918465,0.07197558
sample/renders/0364 Sealeo.png,0364 Sealeo.png,renders/0364 Sealeo.png,water,water,0.9538154,flying,0.061839495,normal,0.049966633,0.002482456,0.0016213,0.0006722717,0.061839495,0.0009249415,0.0072508827,0.049966633,0.0028531726,0.004128885,0.9538154
sample/renders/0935 Charcadet.png,0935 Charcadet.png,renders/0935 Charcadet.png,fire,fire,0.5883597,flying,0.17870675,bug,0.11523201,0.11523201,0.015357516,0.5883597,0.17870675,0.044487994,0.008706388,0.04452291,0.014517407,0.007979776,0.10458903
sample/renders/0396 Starly.png,0396 Starly.png,renders/0396 Starly.png,ground,ground,0.561833,psychic,0.11317074,electric,0.060907014,0.051911455,0.060907014,0.0010264805,0.02077754,0.0028570443,0.561833,0.042622805,0.010105734,0.11317074,0.02431035
sample/renders/0092 Gastly.png,0092 Gastly.png,renders/0092 Gastly.png,poison,poison,0.4349753,psychic,0.24292582,water,0.119558886,0.00626453,0.010779159,0.0007013036,0.083506666,0.00046182753,0.07995035,0.013867011,0.4349753,0.24292582,0.119558886
sample/renders/0800 Necrozma Dusk Mane.png,0800 Necrozma Dusk Mane.png,renders/0800 Necrozma Dusk Mane.png,normal,normal,0.18001556,flying,0.17173818,electric,0.084879935,0.03656004,0.084879935,0.030659137,0.17173818,0.010676315,0.0271405,0.18001556,0.00738352,0.032346986,0.07422696
sample/renders/0110 Weezing.png,0110 Weezing.png,renders/0110 Weezing.png,ground,ground,0.2788513,bug,0.26144728,psychic,0.25036559,0.26144728,0.0033837475,0.00012855793,0.1603957,0.0022846211,0.2788513,0.015198038,0.18090539,0.25036559,0.046638794
sample/renders/0341 Corphish.png,0341 Corphish.png,renders/0341 Corphish.png,fire,fire,0.947818,flying,0.18864499,normal,0.15304133,0.00044118692,0.00052606384,0.947818,0.18864499,0.00010358432,0.0017329688,0.15304133,3.3586006e-05,0.0010231341,0.044001084
sample/renders/0319 Sharpedo Mega.png,0319 Sharpedo Mega.png,renders/0319 Sharpedo Mega.png,flying,flying,0.5056226,water,0.41385993,psychic,0.104938775,0.085467674,0.009286321,0.00042173293,0.5056226,0.02257243,0.032022107,0.017673539,0.08691614,0.104938775,0.41385993
sample/renders/0968 Orthworm.png,0968 Orthworm.png,renders/0968 Orthworm.png,normal,normal,0.43098477,fire,0.4292155,water,0.34300634,0.0034486835,0.006200822,0.4292155,0.2091953,0.0034545478,0.0032418452,0.43098477,0.003221574,0.07245874,0.34300634
sample/renders/0181 Ampharos Mega.png,0181 Ampharos Mega.png,renders/0181 Ampharos Mega.png,electric,electric,0.33567226,ground,0.15100572,psychic,0.12476541,0.09991991,0.33567226,0.007928623,0.08178582,0.007866221,0.15100572,0.053538404,0.052346945,0.12476541,0.06636255
sample/renders/0136 Flareon.png,0136 Flareon.png,renders/0136 Flareon.png,fire,fire,0.9720654,flying,0.12506844,normal,0.08503331,0.0005070701,0.0023171692,0.9720654,0.12506844,0.00015113386,0.0052548507,0.08503331,7.85223e-05,0.0002852086,0.0057957275
sample/renders/0745 Lycanroc.png,0745 Lycanroc.png,renders/0745 Lycanroc.png,normal,normal,0.2570485,bug,0.15882602,psychic,0.08249899,0.15882602,0.0070322184,0.0012316098,0.04963603,0.041142736,0.07327173,0.2570485,0.0021040763,0.08249899,0.050130386
sample/renders/0329 Vibrava.png,0329 Vibrava.png,renders/0329 Vibrava.png,"bug,flying",flying,0.6800688,bug,0.50676715,grass,0.3434528,0.50676715,0.0051543475,4.7293863e-05,0.6800688,0.3434528,0.0031611847,0.0019602897,0.09119247,0.11668142,0.068000525
sample/renders/0301 Delcatty.png,0301 Delcatty.png,renders/0301 Delcatty.png,normal,normal,0.5694709,psychic,0.37939078,water,0.055012353,0.027414436,0.00031398292,0.00037961738,0.024530146,0.0071920524,0.0076710708,0.5694709,0.041228164,0.37939078,0.055012353
sample/renders/0497 Serperior.png,0497 Serperior.png,renders/0497 Serperior.png,bug,bug,0.67830586,flying,0.30988634,poison,0.25557828,0.67830586,0.021974282,0.00032173176,0.30988634,0.14014487,0.008696163,0.0018844554,0.25557828,0.0795519,0.13084176
sample/renders/0528 Swoobat.png,0528 Swoobat.png,renders/0528 Swoobat.png,water,water,0.47855315,flying,0.34714147,poison,0.14307159,0.012786187,0.013750072,0.00013211065,0.34714147,0.013558947,0.054473653,0.00028318702,0.14307159,0.0010895384,0.47855315
sample/renders/0360 Wynaut.png,0360 Wynaut.png,renders/0360 Wynaut.png,water,water,0.452083,poison,0.31079128,flying,0.1911716,0.013461839,0.0031935638,0.00021227177,0.1911716,0.02852789,0.01991811,0.0012293683,0.31079128,0.0029891003,0.452083
sample/renders/0666 Vivillon Sandstorm.png,0666 Vivillon Sandstorm.png,renders/0666 Vivillon Sandstorm.png,"flying,normal",normal,0.7192699,flying,0.5783129,electric,0.1500114,0.0310017,0.1500114,0.048088443,0.5783129,0.00039853534,0.09770046,0.7192699,0.00420631,0.003399944,0.006078652
sample/renders/0644 Zekrom Activated.png,0644 Zekrom Activated.png,renders/0644 Zekrom Activated.png,ground,ground,0.27824187,poison,0.1316383,water,0.12696998,0.006673504,0.059294764,0.0001473057,0.11008955,0.03409199,0.27824187,0.00015087756,0.1316383,0.0012964945,0.12696998
sample/renders/0795 Pheromosa.png,0795 Pheromosa.png,renders/0795 Pheromosa.png,psychic,psychic,0.23593085,electric,0.20743059,flying,0.11617439,0.04763934,0.20743059,0.0014264432,0.11617439,0.014986044,0.035165094,0.07068104,0.01575709,0.23593085,0.06716422
sample/renders/0206 Dunsparce.png,0206 Dunsparce.png,renders/0206 Dunsparce.png,flying,flying,0.27853507,electric,0.23308994,water,0.16211276,0.0080854865,0.23308994,0.015707394,0.27853507,0.0013353715,0.049741603,0.16020812,0.007037896,0.011475491,0.16211276
sample/renders/0874 Stonjourner.png,0874 Stonjourner.png,renders/0874 Stonjourner.png,ground,ground,0.5073177,psychic,0.14409883,electric,0.07799581,0.068329886,0.07799581,0.0006789945,0.04484607,0.0016613386,0.5073177,0.015294537,0.04040795,0.14409883,0.030712824
sample/renders/0671 Florges.png,0671 Florges.png,renders/0671 Florges.png,normal,normal,0.42393833,poison,0.41161063,grass,0.40935275,0.0045352764,0.008791385,0.0034960432,0.12410346,0.40935275,0.005015135,0.42393833,0.41161063,0.065818556,0.07138797
sample/renders/0256 Combusken.png,0256 Combusken.png,renders/0256 Combusken.png,fire,fire,0.64443505,normal,0.35689008,flying,0.35335013,0.004860003,0.016805569,0.64443505,0.35335013,0.0008673614,0.029139891,0.35689008,0.003033641,0.007553401,0.015356925
sample/renders/0326 Grumpig.png,0326 Grumpig.png,renders/0326 Grumpig.png,ground,ground,0.34692684,poison,0.27672774,psychic,0.23008093,0.06686002,0.008767342,0.00064439815,0.051465135,0.004702198,0.34692684,0.041740317,0.27672774,0.23008093,0.037177224
sample/renders/0055 Golduck.png,0055 Golduck.png,renders/0055 Golduck.png,water,water,0.6161764,flying,0.20959374,poison,0.15728569,0.007344419,0.0020456319,0.0003172673,0.20959374,0.032725617,0.046267565,0.00064542884,0.15728569,0.005451415,0.6161764
sample/renders/0639 Terrakion.png,0639 Terrakion.png,renders/0639 Terrakion.png,ground,ground,0.73220724,normal,0.3196574,bug,0.05162828,0.05162828,0.013206033,0.0055325134,0.03456848,0.002050261,0.73220724,0.3196574,0.0029070468,0.005749993,0.024399418
sample/renders/0743 Ribombee.png,0743 Ribombee.png,renders/0743 Ribombee.png,normal,normal,0.2580664,ground,0.16447368,flying,0.13699253,0.1265081,0.041834217,0.007070305,0.13699253,0.0043216483,0.16447368,0.2580664,0.009008716,0.0922886,0.022598648
sample/renders/0986 Brute Bonnet.png,0986 Brute Bonnet.png,renders/0986 Brute Bonnet.png,bug,bug,0.48751307,grass,0.22585043,flying,0.0986458,0.48751307,0.024915563,0.043697476,0.0986458,0.22585043,0.021854293,0.025987571,0.036591537,0.01686032,0.03624879
sample/renders/0050 Diglett.png,0050 Diglett.png,renders/0050 Diglett.png,normal,normal,0.41147506,ground,0.38976553,psychic,0.03039145,0.018481152,0.00074383465,0.0013827479,0.027455678,0.027809348,0.38976553,0.41147506,0.0018439187,0.03039145,0.01538268
sample/renders/0676 Furfrou.png,0676 Furfrou.png,renders/0676 Furfrou.png,electric,electric,0.16186413,flying,0.14117986,water,0.123459056,0.064112574,0.16186413,0.00058124296,0.14117986,0.0034688553,0.05752824,0.018171765,0.010955699,0.036567304,0.123459056
sample/renders/0789 Cosmog.png,0789 Cosmog.png,renders/0789 Cosmog.png,flying,flying,0.48384118,water,0.23669636,poison,0.23505226,0.06681279,0.013095453,0.0012194442,0.48384118,0.031483058,0.0029568507,0.00592657,0.23505226,0.13746278,0.23669636
sample/renders/0565 Carracosta.png,0565 Carracosta.png,renders/0565 Carracosta.png,ground,ground,0.3417307,poison,0.20161858,grass,0.18623705,0.011196528,0.008522864,0.0004759956,0.09364684,0.18623705,0.3417307,0.00011509976,0.20161858,0.0022252875,0.15920995
sample/renders/1004 Chi-Yu.png,1004 Chi-Yu.png,renders/1004 Chi-Yu.png,fire,fire,0.81682765,flying,0.17975654,water,0.071791224,0.037017312,0.0036984012,0.81682765,0.17975654,0.03213996,0.012619427,0.03416632,0.0051424834,0.0010774159,0.071791224
sample/renders/0656 Froakie.png,0656 Froakie.png,renders/0656 Froakie.png,water,water,0.8745213,flying,0.20223166,poison,0.03455277,0.016688382,0.0048765857,0.00095651805,0.20223166,0.0010510193,0.0028726775,0.0027240866,0.03455277,0.01184339,0.8745213
sample/renders/0018 Pidgeot Mega.png,0018 Pidgeot Mega.png,renders/0018 Pidgeot Mega.png,normal,normal,0.36071843,flying,0.26313108,psychic,0.17254828,0.12600718,0.011918181,0.0105672665,0.26313108,0.03566416,0.08189307,0.36071843,0.008264589,0.17254828,0.14846928
sample/renders/0627 Rufflet.png,0627 Rufflet.png,renders/0627 Rufflet.png,water,water,0.2708725,ground,0.18888772,normal,0.15136786,0.061135806,0.030024737,0.0012273436,0.07596929,0.006912731,0.18888772,0.15136786,0.006516969,0.036167625,0.2708725
sample/renders/1017 Ogerpon.png,1017 Ogerpon.png,renders/1017 Ogerpon.png,bug,bug,0.515014,grass,0.41674057,flying,0.24689776,0.515014,0.00024820643,2.7087204e-05,0.24689776,0.41674057,0.001156809,0.0020205113,0.16744338,0.13947697,0.02926728
sample/renders/0870 Falinks.png,0870 Falinks.png,renders/0870 Falinks.png,fire,fire,0.4378242,flying,0.22455734,electric,0.148885,0.02574168,0.148885,0.4378242,0.22455734,0.0022696827,0.03012552,0.070410475,0.0074079433,0.016166473,0.07184005
sample/renders/0477 Dusknoir.png,0477 Dusknoir.png,renders/0477 Dusknoir.png,ground,ground,0.71491313,electric,0.1305679,psychic,0.120914,0.0876015,0.1305679,0.0023938369,0.019303765,0.0011039595,0.71491313,0.022862304,0.017237067,0.120914,0.04453356
sample/renders/0467 Magmortar.png,0467 Magmortar.png,renders/0467 Magmortar.png,fire,fire,0.7982389,flying,0.383545,normal,0.06413183,0.02165772,0.0055801366,0.7982389,0.383545,0.0027322664,0.019772584,0.06413183,0.0064843674,0.005273194,0.033387773
sample/renders/0542 Leavanny.png,0542 Leavanny.png,renders/0542 Leavanny.png,"bug,flying",bug,0.9868474,flying,0.5106062,psychic,0.066947356,0.9868474,0.008741864,0.00052821083,0.5106062,0.011186722,0.0069159726,0.000990791,0.050863136,0.066947356,0.009372274
sample/renders/0350 Milotic.png,0350 Milotic.png,renders/0350 Milotic.png,normal,normal,0.63411593,flying,0.34011155,water,0.13457674,0.0007119103,0.0019062299,0.106403165,0.34011155,0.0057361387,0.0022468788,0.63411593,0.0006506737,0.09572087,0.13457674
sample/renders/0521 Unfezant Male.png,0521 Unfezant Male.png,renders/0521 Unfezant Male.png,poison,poison,0.3277589,flying,0.20538014,water,0.17687923,0.047638066,0.051213298,0.0019508682,0.20538014,0.076087095,0.05445621,0.020712227,0.3277589,0.01689359,0.17687923
sample/renders/0482 Azelf.png,0482 Azelf.png,renders/0482 Azelf.png,water,water,0.587902,ground,0.09015614,poison,0.08182787,0.0056705554,0.046743736,0.000110387715,0.07487709,0.024278631,0.09015614,0.00014014098,0.08182787,0.001510415,0.587902
sample/renders/0229 Houndoom.png,0229 Houndoom.png,renders/0229 Houndoom.png,bug,bug,0.39368945,ground,0.25442535,psychic,0.1158813,0.39368945,0.021771105,0.0017638343,0.074269086,0.011099434,0.25442535,0.046068195,0.045988247,0.1158813,0.0631015
sample/renders/0630 Mandibuzz.png,0630 Mandibuzz.png,renders/0630 Mandibuzz.png,ground,ground,0.55963165,normal,0.27092722,bug,0.09849828,0.09849828,0.0025111577,0.0008920408,0.035552796,0.012319092,0.55963165,0.27092722,0.010567087,0.0667187,0.03087104
sample/renders/0851 Centiskorch.png,0851 Centiskorch.png,renders/0851 Centiskorch.png,fire,fire,0.47866008,flying,0.3443348,normal,0.1586681,0.10842788,0.010831471,0.47866008,0.3443348,0.04611062,0.019647945,0.1586681,0.080403954,0.03891219,0.04075766
sample/renders/1019 Hydrapple.png,1019 Hydrapple.png,renders/1019 Hydrapple.png,psychic,psychic,0.674631,flying,0.2380458,normal,0.09088616,0.04919742,0.047108028,0.05049005,0.2380458,0.07099253,0.008652549,0.09088616,0.03516893,0.674631,0.013666621
sample/renders/0608 Lampent.png,0608 Lampent.png,renders/0608 Lampent.png,water,water,0.5460556,ground,0.19897264,flying,0.09879171,0.0061783306,0.08144153,0.00050316675,0.09879171,0.003142937,0.19897264,0.0006168957,0.07642286,0.007955031,0.5460556
sample/renders/0838 Carkol.png,0838 Carkol.png,renders/0838 Carkol.png,ground,ground,0.26546705,water,0.20885122,poison,0.16590609,0.024558239,0.01722388,0.003220299,0.08194337,0.004194849,0.26546705,0.02107273,0.16590609,0.09921811,0.20885122
sample/renders/0262 Mightyena.png,0262 Mightyena.png,renders/0262 Mightyena.png,ground,ground,0.30490488,flying,0.2177305,electric,0.14918041,0.044997845,0.14918041,0.0005629122,0.2177305,0.0011030954,0.30490488,0.0050626434,0.055112228,0.0131397955,0.06394256
sample/renders/0386 Deoxys Speed.png,0386 Deoxys Speed.png,renders/0386 Deoxys Speed.png,water,water,0.48865008,flying,0.37129262,normal,0.32343587,0.026013676,0.031709533,0.030224204,0.37129262,0.02392075,0.030780992,0.32343587,0.021878907,0.08857307,0.48865008
sample/renders/0122 Mr. Mime Galar.png,0122 Mr. Mime Galar.png,renders/0122 Mr. Mime Galar.png,water,water,0.6009635,bug,0.24786422,flying,0.18336599,0.24786422,0.05097936,0.00021036853,0.18336599,0.004761624,0.022843726,0.0018800151,0.030133389,0.013572736,0.6009635
sample/renders/0868 Milcery.png,0868 Milcery.png,renders/0868 Milcery.png,normal,normal,0.7409858,fire,0.10621024,flying,0.09302446,0.00020430148,0.008816493,0.10621024,0.09302446,0.00034588441,0.01974787,0.7409858,3.8391947e-05,0.0007713906,0.07050849
sample/renders/0574 Gothita.png,0574 Gothita.png,renders/0574 Gothita.png,"bug,flying",bug,0.5902683,flying,0.52353996,poison,0.27405587,0.5902683,0.0008033965,2.4790428e-05,0.52353996,0.0040286877,0.037801422,0.056270372,0.27405587,0.23643862,0.01970615
sample/renders/0236 Tyrogue.png,0236 Tyrogue.png,renders/0236 Tyrogue.png,psychic,psychic,0.4804074,bug,0.33992308,poison,0.13421658,0.33992308,0.006057743,0.000672379,0.06360268,0.02315272,0.06524278,0.108596005,0.13421658,0.4804074,0.06099214
sample/renders/0705 Sliggoo Hisui.png,0705 Sliggoo Hisui.png,renders/0705 Sliggoo Hisui.png,psychic,psychic,0.42143133,flying,0.2646114,bug,0.16311565,0.16311565,0.039041203,0.00021616757,0.2646114,0.017231107,0.08357798,0.037730366,0.073265046,0.42143133,0.095870174
sample/renders/0134 Vaporeon.png,0134 Vaporeon.png,renders/0134 Vaporeon.png,water,water,0.9256301,flying,0.12002145,ground,0.029602138,0.012479352,0.003798892,0.00012466373,0.12002145,0.0011255404,0.029602138,0.0010744424,0.022216909,0.0015011701,0.9256301
sample/renders/0620 Mienshao.png,0620 Mienshao.png,renders/0620 Mienshao.png,psychic,psychic,0.36492985,bug,0.14853932,flying,0.13351008,0.14853932,0.08098873,0.00080280495,0.13351008,0.031859353,0.04101403,0.055959616,0.03673929,0.36492985,0.086885706
sample/renders/0190 Aipom.png,0190 Aipom.png,renders/0190 Aipom.png,psychic,psychic,0.43208963,normal,0.31437042,water,0.10899391,0.062306043,0.0009635538,0.0002477388,0.09208242,0.014602477,0.009943489,0.31437042,0.10191018,0.43208963,0.10899391
sample/renders/0268 Cascoon.png,0268 Cascoon.png,renders/0268 Cascoon.png,psychic,psychic,0.6905078,bug,0.30519885,flying,0.2596403,0.30519885,0.04797443,0.00036102784,0.2596403,0.009470394,0.023249527,0.08697599,0.08472644,0.6905078,0.037366256
sample/renders/0161 Sentret.png,0161 Sentret.png,renders/0161 Sentret.png,normal,normal,0.6678762,flying,0.20779356,ground,0.11603267,0.08450353,0.0022614019,0.012246539,0.20779356,0.034101184,0.11603267,0.6678762,0.007911163,0.08897603,0.014646151
sample/renders/0489 Phione.png,0489 Phione.png,renders/0489 Phione.png,water,water,0.65474224,flying,0.31186348,bug,0.059134226,0.059134226,0.039193034,0.0010345501,0.31186348,0.0060420134,0.011063985,0.004147364,0.05196938,0.007858929,0.65474224
sample/renders/0646 Kyurem White 3.png,0646 Kyurem White 3.png,renders/0646 Kyurem White 3.png,normal,normal,0.36599866,flying,0.31629112,water,0.11808909,0.077897854,0.072106525,0.020656407,0.31629112,0.009650777,0.044877686,0.36599866,0.019164518,0.064283974,0.11808909
sample/renders/0343 Baltoy.png,0343 Baltoy.png,renders/0343 Baltoy.png,normal,normal,0.19830228,flying,0.14280513,ground,0.0929655,0.018315654,0.0026620138,0.07551058,0.14280513,0.007976449,0.0929655,0.19830228,0.0007239278,0.04025743,0.052366823
sample/renders/0885 Dreepy.png,0885 Dreepy.png,renders/0885 Dreepy.png,poison,poison,0.54800904,grass,0.3500373,water,0.2697261,0.0711466,0.037779532,0.00035804027,0.14278433,0.3500373,0.0013760467,0.0063921725,0.54800904,0.014665329,0.2697261
sample/renders/0722 Rowlet.png,0722 Rowlet.png,renders/0722 Rowlet.png,normal,normal,0.43455505,water,0.33029708,flying,0.2124734,0.031791523,0.015724424,0.018613685,0.2124734,0.01746628,0.02659444,0.43455505,0.006480461,0.013413077,0.33029708
sample/renders/0666 Vivillon River.png,0666 Vivillon River.png,renders/0666 Vivillon River.png,electric,electric,0.4523911,flying,0.42678654,normal,0.10382651,0.03188976,0.4523911,0.0031940914,0.42678654,0.00018280809,0.030909566,0.10382651,0.032382663,0.07295561,0.07152619
sample/renders/0254 Sceptile Mega.png,0254 Sceptile Mega.png,renders/0254 Sceptile Mega.png,flying,flying,0.5940963,bug,0.4684745,grass,0.2813843,0.4684745,0.031692624,0.01956281,0.5940963,0.2813843,0.011925455,0.101993315,0.07750686,0.0484265,0.039302763
sample/renders/0093 Haunter.png,0093 Haunter.png,renders/0093 Haunter.png,poison,poison,0.49318933,psychic,0.20615102,water,0.15616342,0.040442366,0.0027528426,0.00025543178,0.066849105,0.0006343917,0.087552235,0.009876581,0.49318933,0.20615102,0.15616342
sample/renders/0578 Duosion.png,0578 Duosion.png,renders/0578 Duosion.png,water,water,0.3420596,grass,0.2718018,psychic,0.26660365,0.17671184,0.019010754,0.0025564556,0.1446559,0.2718018,0.07811123,0.051243577,0.0748279,0.26660365,0.3420596
sample/renders/0310 Manectric Mega.png,0310 Manectric Mega.png,renders/0310 Manectric Mega.png,water,water,0.20342655,flying,0.18454817,poison,0.17522447,0.0576525,0.07746596,0.017547648,0.18454817,0.035298884,0.024788894,0.015649855,0.17522447,0.022106936,0.20342655
sample/renders/0989 Sandy Shocks.png,0989 Sandy Shocks.png,renders/0989 Sandy Shocks.png,water,water,0.6162474,electric,0.14105803,flying,0.08432972,0.037617337,0.14105803,0.00034608142,0.08432972,0.0060539776,0.05041998,0.0013759427,0.047397498,0.040631507,0.6162474
sample/renders/0718 Zygarde Complete.png,0718 Zygarde Complete.png,renders/0718 Zygarde Complete.png,bug,bug,0.25369906,ground,0.17017964,psychic,0.15723206,0.25369906,0.019002736,0.010574981,0.14258601,0.021282699,0.17017964,0.07753271,0.03656613,0.15723206,0.05664914
sample/renders/0806 Blacephalon.png,0806 Blacephalon.png,renders/0806 Blacephalon.png,flying,flying,0.44150513,psychic,0.27563104,bug,0.25954124,0.25954124,0.028452106,0.0013652912,0.44150513,0.054406106,0.0104848035,0.08541825,0.049881388,0.27563104,0.22095254
sample/renders/0438 Bonsly.png,0438 Bonsly.png,renders/0438 Bonsly.png,"grass,psychic",psychic,0.9039086,grass,0.8327035,flying,0.13128589,0.088555016,0.0018433036,0.0017085294,0.13128589,0.8327035,0.088912554,0.07072741,0.034193035,0.9039086,0.020066053
sample/renders/0912 Quaxly.png,0912 Quaxly.png,renders/0912 Quaxly.png,water,water,0.682205,flying,0.18333067,poison,0.08283698,0.044197775,0.036020577,0.00032640772,0.18333067,0.0009890676,0.021053245,0.0031349282,0.08283698,0.045089383,0.682205
sample/renders/0072 Tentacool.png,0072 Tentacool.png,renders/0072 Tentacool.png,poison,poison,0.7138662,flying,0.35915112,grass,0.3125758,0.029646996,0.0034870408,0.00013774198,0.35915112,0.3125758,0.012304318,0.009420498,0.7138662,0.002368063,0.0968076
sample/renders/0448 Lucario Mega.png,0448 Lucario Mega.png,renders/0448 Lucario Mega.png,water,water,0.26094708,ground,0.18787377,bug,0.109901965,0.109901965,0.032831535,0.0019566088,0.068653286,0.029813103,0.18787377,0.05736372,0.03889836,0.06734742,0.26094708
sample/renders/0135 Jolteon.png,0135 Jolteon.png,renders/0135 Jolteon.png,electric,electric,0.57519466,psychic,0.28444576,flying,0.09859207,0.057526357,0.57519466,0.0020356064,0.09859207,0.00037661637,0.059300262,0.031028725,0.037468143,0.28444576,0.0058813137
sample/renders/0769 Sandygast.png,0769 Sandygast.png,renders/0769 Sandygast.png,normal,normal,0.43444356,flying,0.3275601,ground,0.22562137,0.022749156,0.028945751,0.024777034,0.3275601,0.0034226633,0.22562137,0.43444356,0.0019291212,0.0042280774,0.087471046
sample/renders/0896 Glastrier.png,0896 Glastrier.png,renders/0896 Glastrier.png,water,water,0.47379535,electric,0.13911617,flying,0.13131441,0.04815689,0.13911617,0.00038897098,0.13131441,0.003667991,0.047569156,0.0017803338,0.029683886,0.012439147,0.47379535
sample/renders/0200 Misdreavus.png,0200 Misdreavus.png,renders/0200 Misdreavus.png,"flying,grass",grass,0.75835454,flying,0.55463517,poison,0.35742927,0.062558435,0.0020433457,0.005078523,0.55463517,0.75835454,0.008850928,0.018206531,0.35742927,0.012378729,0.06679394
sample/renders/0049 Venomoth.png,0049 Venomoth.png,renders/0049 Venomoth.png,bug,bug,0.48575437,flying,0.47897345,psychic,0.3208561,0.48575437,0.019061211,0.00012456284,0.47897345,0.017824419,0.016608084,0.029184606,0.12497582,0.3208561,0.10441555
sample/renders/0872 Snom.png,0872 Snom.png,renders/0872 Snom.png,water,water,0.46503794,electric,0.16604258,flying,0.15447353,0.05582632,0.16604258,0.0022661597,0.15447353,0.0040657273,0.029103946,0.01848468,0.0676519,0.050795663,0.46503794
sample/renders/0328 Trapinch.png,0328 Trapinch.png,renders/0328 Trapinch.png,fire,fire,0.8233366,normal,0.13808058,flying,0.11253253,0.014439626,0.001238245,0.8233366,0.11253253,0.0074850013,0.10116772,0.13808058,0.00258459,0.0024519758,0.040716406
sample/renders/0892 Urshifu Gigantamax Single Strike.png,0892 Urshifu Gigantamax Single Strike.png,renders/0892 Urshifu Gigantamax Single Strike.png,poison,poison,0.36227068,psychic,0.35026553,water,0.19052906,0.088428445,0.0043887696,0.00088452955,0.033452462,0.101796955,0.01806372,0.16519056,0.36227068,0.35026553,0.19052906
sample/renders/0714 Noibat.png,0714 Noibat.png,renders/0714 Noibat.png,poison,poison,0.5870764,psychic,0.23714304,water,0.2008549,0.012879771,0.0002970777,9.97502e-05,0.010795396,0.00026156887,0.08375913,0.014406269,0.5870764,0.23714304,0.2008549
sample/renders/0117 Seadra.png,0117 Seadra.png,renders/0117 Seadra.png,water,water,0.909048,flying,0.2521442,poison,0.02680394,0.0042092768,0.0015130242,0.00012225172,0.2521442,0.007602682,0.00922597,0.0010086016,0.02680394,0.0015753764,0.909048
sample/renders/0479 Rotom Fan.png,0479 Rotom Fan.png,renders/0479 Rotom Fan.png,fire,fire,0.48117566,normal,0.28168738,flying,0.28064466,0.0101983035,0.04323747,0.48117566,0.28064466,0.0011750779,0.048004642,0.28168738,0.0075646695,0.0032807603,0.011810253
sample/renders/0167 Spinarak.png,0167 Spinarak.png,renders/0167 Spinarak.png,bug,bug,0.670054,grass,0.45343086,psychic,0.43492123,0.670054,0.0067709517,0.0044215648,0.36742586,0.45343086,0.0019282683,0.005747477,0.006092966,0.43492123,0.0038415238
sample/renders/0859 Impidimp.png,0859 Impidimp.png,renders/0859 Impidimp.png,normal,normal,0.3536504,poison,0.3434047,water,0.08804644,0.023326214,0.005854874,0.0003086439,0.03128356,0.0122086145,0.009437306,0.3536504,0.3434047,0.087053336,0.08804644
sample/renders/0187 Hoppip.png,0187 Hoppip.png,renders/0187 Hoppip.png,psychic,psychic,0.4044457,grass,0.38502076,normal,0.34953815,0.049512822,0.00047001053,0.0019960531,0.008139887,0.38502076,0.0023483953,0.34953815,0.097267106,0.4044457,0.032512322
sample/renders/0921 Pawmi.png,0921 Pawmi.png,renders/0921 Pawmi.png,fire,fire,0.4504214,flying,0.41383904,normal,0.106371745,0.029455142,0.027505444,0.4504214,0.41383904,0.0013503032,0.043105595,0.106371745,0.015606168,0.00034903473,0.010479588
sample/renders/0503 Samurott Hisui.png,0503 Samurott Hisui.png,renders/0503 Samurott Hisui.png,water,water,0.5469454,flying,0.34059823,grass,0.10024624,0.01310239,0.010912656,0.00039451057,0.34059823,0.10024624,0.013133025,0.0011380676,0.078314625,0.0068190345,0.5469454
sample/renders/0734 Yungoos.png,0734 Yungoos.png,renders/0734 Yungoos.png,normal,normal,0.4439327,flying,0.3474573,ground,0.17774057,0.12309225,0.008317932,0.113256484,0.3474573,0.04296916,0.17774057,0.4439327,0.009778897,0.026278423,0.039099723
sample/renders/0583 Vanillish.png,0583 Vanillish.png,renders/0583 Vanillish.png,water,water,0.7631948,flying,0.2438283,bug,0.045154333,0.045154333,0.024267418,0.0002363996,0.2438283,0.0023193045,0.024865104,0.00044519108,0.02606263,0.004549751,0.7631948
sample/renders/0978 Tatsugiri Stretchy.png,0978 Tatsugiri Stretchy.png,renders/0978 Tatsugiri Stretchy.png,psychic,psychic,0.7330249,electric,0.25507972,flying,0.1497615,0.022445615,0.25507972,0.00082391064,0.1497615,0.00066546653,0.06366287,0.0113962395,0.020613171,0.7330249,0.047947578
sample/renders/0146 Moltres Galar.png,0146 Moltres Galar.png,renders/0146 Moltres Galar.png,poison,poison,0.4306063,grass,0.16665703,flying,0.15488344,0.016798923,0.004009524,0.06631363,0.15488344,0.16665703,0.00037562728,0.08400905,0.4306063,0.01416255,0.008823832
sample/renders/0207 Gligar.png,0207 Gligar.png,renders/0207 Gligar.png,normal,normal,0.6963602,poison,0.172969,psychic,0.07703402,0.012769486,0.00014683272,0.00014213014,0.0030286694,0.0025961408,0.014429003,0.6963602,0.172969,0.07703402,0.027939063
sample/renders/0389 Torterra.png,0389 Torterra.png,renders/0389 Torterra.png,psychic,psychic,0.68108654,grass,0.3924632,bug,0.3276722,0.3276722,0.003545939,0.00020838794,0.18683265,0.3924632,0.029184215,0.018234463,0.05329819,0.68108654,0.026106572
sample/renders/0580 Ducklett.png,0580 Ducklett.png,renders/0580 Ducklett.png,water,water,0.64924943,flying,0.21447945,bug,0.09814975,0.09814975,0.03698258,0.00018719294,0.21447945,0.002805897,0.02519945,0.0007655796,0.089382194,0.017423984,0.64924943
sample/renders/0252 Treecko.png,0252 Treecko.png,renders/0252 Treecko.png,"bug,flying",bug,0.7729333,flying,0.5185574,psychic,0.117822655,0.7729333,0.0035349205,0.0044688624,0.5185574,0.069519624,0.0030932291,0.07673493,0.08905462,0.117822655,0.011519704
sample/renders/0376 Metagross Mega.png,0376 Metagross Mega.png,renders/0376 Metagross Mega.png,water,water,0.7208597,flying,0.4224168,bug,0.23446551,0.23446551,0.0878367,0.0015463615,0.4224168,0.0016923279,0.009544188,0.0061301338,0.045091465,0.0043780217,0.7208597
sample/renders/0264 Linoone Galar.png,0264 Linoone Galar.png,renders/0264 Linoone Galar.png,water,water,0.3465438,ground,0.28530115,electric,0.22164537,0.031110916,0.22164537,0.0009797595,0.063308425,0.012409527,0.28530115,0.006159971,0.03306146,0.020995826,0.3465438
sample/renders/0771 Pyukumuku.png,0771 Pyukumuku.png,renders/0771 Pyukumuku.png,poison,poison,0.63568586,grass,0.31834415,electric,0.13075644,0.027580325,0.13075644,0.0058064996,0.0130625805,0.31834415,0.10820458,0.016365943,0.63568586,0.035440296,0.031730454
sample/renders/0570 Zorua Hisui.png,0570 Zorua Hisui.png,renders/0570 Zorua Hisui.png,water,water,0.49973822,psychic,0.45277902,normal,0.2795587,0.054238282,0.11628644,0.006571636,0.24458034,0.050600678,0.0072036474,0.2795587,0.031936135,0.45277902,0.49973822
sample/renders/0786 Tapu Lele.png,0786 Tapu Lele.png,renders/0786 Tapu Lele.png,water,water,0.4208325,psychic,0.41442093,normal,0.34727857,0.026114384,0.0050573107,0.01720654,0.013629109,0.029659953,0.006907257,0.34727857,0.03683851,0.41442093,0.4208325
sample/renders/0426 Drifblim.png,0426 Drifblim.png,renders/0426 Drifblim.png,psychic,psychic,0.48079133,poison,0.2635474,water,0.1856925,0.08704767,0.002818087,0.0007368254,0.020779626,0.005377715,0.03143605,0.036089327,0.2635474,0.48079133,0.1856925
sample/renders/0083 Farfetch'd Galar.png,0083 Farfetch'd Galar.png,renders/0083 Farfetch'd Galar.png,bug,bug,0.37534052,ground,0.25909814,flying,0.20144849,0.37534052,0.03636337,0.0032699194,0.20144849,0.020742534,0.25909814,0.04949106,0.044409577,0.039349686,0.040221345
sample/renders/0535 Tympole.png,0535 Tympole.png,renders/0535 Tympole.png,water,water,0.6196506,normal,0.1949609,flying,0.14087145,0.025609475,0.019073477,0.013762137,0.14087145,0.0012815549,0.08307794,0.1949609,0.0052624615,0.008111205,0.6196506
sample/renders/1024 Terapagos Terastal.png,1024 Terapagos Terastal.png,renders/1024 Terapagos Terastal.png,water,water,0.65274006,flying,0.35307682,bug,0.22575194,0.22575194,0.012338922,0.00077208725,0.35307682,0.0069148266,0.0071575013,0.0013126598,0.043200146,0.02011542,0.65274006
sample/renders/0713 Avalugg.png,0713 Avalugg.png,renders/0713 Avalugg.png,water,water,0.3781691,flying,0.3223724,bug,0.282007,0.282007,0.113559,0.0022860277,0.3223724,0.0017127991,0.037767537,0.007183045,0.06467953,0.039770443,0.3781691
sample/renders/0188 Skiploom.png,0188 Skiploom.png,renders/0188 Skiploom.png,bug,bug,0.97252715,flying,0.1205232,poison,0.071952075,0.97252715,0.00045202105,0.00025548317,0.1205232,0.037592895,0.0019096887,0.0035654265,0.071952075,0.005420243,0.0018209318
sample/renders/0961 Wugtrio.png,0961 Wugtrio.png,renders/0961 Wugtrio.png,"grass,poison",poison,0.94038737,grass,0.9272269,flying,0.059541628,0.004946359,0.019066432,0.015104034,0.059541628,0.9272269,0.0032723974,0.04218492,0.94038737,0.0016814787,0.009386692
sample/renders/0460 Abomasnow Mega.png,0460 Abomasnow Mega.png,renders/0460 Abomasnow Mega.png,water,water,0.3132905,bug,0.27759734,flying,0.2020384,0.27759734,0.1787042,0.00014687306,0.2020384,0.0013728411,0.053290054,0.0016920692,0.0074537047,0.013545179,0.3132905
sample/renders/0233 Porygon2.png,0233 Porygon2.png,renders/0233 Porygon2.png,psychic,psychic,0.4585465,water,0.18355459,normal,0.096520685,0.010591873,0.042685863,0.023462012,0.040899377,0.030085476,0.004309082,0.096520685,0.07598312,0.4585465,0.18355459
sample/renders/0636 Larvesta.png,0636 Larvesta.png,renders/0636 Larvesta.png,water,water,0.43073598,flying,0.16282827,normal,0.16160458,0.0050193435,0.11347982,0.15498306,0.16282827,0.004730375,0.02806291,0.16160458,0.025251321,0.014873183,0.43073598
sample/renders/0861 Grimmsnarl Gigantamax.png,0861 Grimmsnarl Gigantamax.png,renders/0861 Grimmsnarl Gigantamax.png,poison,poison,0.6117737,psychic,0.23415494,flying,0.16316637,0.052850433,0.0020772847,0.00024802264,0.16316637,0.0053862985,0.045186475,0.09912753,0.6117737,0.23415494,0.09024484
sample/renders/0224 Octillery.png,0224 Octillery.png,renders/0224 Octillery.png,fire,fire,0.7988432,grass,0.09370043,bug,0.063318625,0.063318625,0.01922786,0.7988432,0.05931615,0.09370043,0.0038035314,0.037269324,0.009253052,0.012415474,0.03095587
sample/renders/0964 Palafin Zero.png,0964 Palafin Zero.png,renders/0964 Palafin Zero.png,water,water,0.47915792,flying,0.3030288,poison,0.19353625,0.015629081,0.015208411,0.000823266,0.3030288,0.012741941,0.07755696,0.0034780654,0.19353625,0.011561762,0.47915792
sample/renders/0965 Varoom.png,0965 Varoom.png,renders/0965 Varoom.png,ground,ground,0.26408312,water,0.15763696,psychic,0.14102659,0.08095335,0.062127095,0.00042789106,0.06380616,0.003877339,0.26408312,0.0063387994,0.035712983,0.14102659,0.15763696
sample/renders/0020 Raticate Alola.png,0020 Raticate Alola.png,renders/0020 Raticate Alola.png,ground,ground,0.67742914,normal,0.08980947,bug,0.047469586,0.047469586,0.024570422,0.0018240549,0.022544863,0.006271472,0.67742914,0.08980947,0.004426484,0.03573486,0.013122525
sample/renders/0196 Espeon.png,0196 Espeon.png,renders/0196 Espeon.png,normal,normal,0.4163133,poison,0.2720082,psychic,0.2379552,0.065531425,0.0033891161,0.00022914374,0.16314486,0.005855589,0.018739855,0.4163133,0.2720082,0.2379552,0.018978046
sample/renders/0999 Gimmighoul.png,0999 Gimmighoul.png,renders/0999 Gimmighoul.png,normal,normal,0.35071957,bug,0.24057133,flying,0.23629667,0.24057133,0.05857833,0.03500971,0.23629667,0.009951918,0.13989119,0.35071957,0.10785227,0.12623714,0.07046976
sample/renders/0646 Kyurem White 2.png,0646 Kyurem White 2.png,renders/0646 Kyurem White 2.png,water,water,0.61014754,flying,0.30883375,normal,0.2899595,0.033863105,0.017880682,0.0302613,0.30883375,0.011621227,0.018145623,0.2899595,0.017190106,0.027381606,0.61014754
sample/renders/0120 Staryu.png,0120 Staryu.png,renders/0120 Staryu.png,ground,ground,0.3274941,normal,0.2950132,flying,0.13512595,0.02870926,0.03871159,0.03805156,0.13512595,0.0007713876,0.3274941,0.2950132,0.0051958356,0.020184351,0.03798821
sample/renders/0746 Wishiwashi.png,0746 Wishiwashi.png,renders/0746 Wishiwashi.png,water,water,0.4457165,flying,0.28430435,electric,0.10348814,0.017761678,0.10348814,0.00048000386,0.28430435,0.0059816707,0.0813996,0.003822348,0.0370001,0.0105665345,0.4457165
sample/renders/0408 Cranidos.png,0408 Cranidos.png,renders/0408 Cranidos.png,water,water,0.4204382,flying,0.13796711,ground,0.10816538,0.050306108,0.056741256,0.0007822175,0.13796711,0.019045472,0.10816538,0.0010945816,0.06997492,0.00994688,0.4204382
sample/renders/0365 Walrein.png,0365 Walrein.png,renders/0365 Walrein.png,"flying,water",water,0.65062624,flying,0.5004123,poison,0.062526554,0.03663635,0.002637461,0.00085021154,0.5004123,0.005644568,0.020565178,0.0035072444,0.062526554,0.013489655,0.65062624
sample/renders/0593 Jellicent Male.png,0593 Jellicent Male.png,renders/0593 Jellicent Male.png,water,water,0.6927288,flying,0.28183258,poison,0.1004591,0.099838756,0.005462587,0.0013933303,0.28183258,0.0057561398,0.014386446,0.0033260675,0.1004591,0.015824875,0.6927288
sample/renders/0199 Slowking Galar.png,0199 Slowking Galar.png,renders/0199 Slowking Galar.png,poison,poison,0.6079175,water,0.2854308,ground,0.070275225,0.008765544,0.00072228094,0.00039844812,0.01065832,0.001349028,0.070275225,0.041851368,0.6079175,0.052451458,0.2854308
sample/renders/0993 Iron Jugulis.png,0993 Iron Jugulis.png,renders/0993 Iron Jugulis.png,poison,poison,0.9157798,flying,0.27867168,grass,0.08522515,0.070696354,0.0026211438,0.0026575888,0.27867168,0.08522515,0.0068989857,0.024572626,0.9157798,0.015836062,0.009034336
sample/renders/0450 Hippowdon.png,0450 Hippowdon.png,renders/0450 Hippowdon.png,ground,ground,0.41580582,normal,0.3035088,bug,0.21130246,0.21130246,0.0052747317,0.0056876056,0.09757527,0.02579852,0.41580582,0.3035088,0.03421383,0.11531328,0.05462414
sample/renders/0638 Cobalion.png,0638 Cobalion.png,renders/0638 Cobalion.png,water,water,0.8158639,flying,0.32239425,poison,0.057825454,0.015579279,0.004918105,0.0009412631,0.32239425,0.008535139,0.010490286,0.008188717,0.057825454,0.008261555,0.8158639
sample/renders/0322 Numel.png,0322 Numel.png,renders/0322 Numel.png,flying,flying,0.5452092,normal,0.43794826,ground,0.1312172,0.02877109,0.1127014,0.013702617,0.5452092,0.009716622,0.1312172,0.43794826,0.028733334,0.06185324,0.01377598
sample/renders/0025 Pikachu Libre.png,0025 Pikachu Libre.png,renders/0025 Pikachu Libre.png,electric,electric,0.39395413,flying,0.14892738,fire,0.1401207,0.013398911,0.39395413,0.1401207,0.14892738,0.00020778677,0.064292714,0.10485297,0.0072808685,0.035351787,0.021767572
sample/renders/0427 Buneary.png,0427 Buneary.png,renders/0427 Buneary.png,normal,normal,0.56826997,flying,0.45457116,ground,0.20240627,0.03214683,0.0021703034,0.05046144,0.45457116,0.0057958295,0.20240627,0.56826997,0.003626634,0.0052225506,0.01845305
sample/renders/0070 Weepinbell.png,0070 Weepinbell.png,renders/0070 Weepinbell.png,psychic,psychic,0.76839644,bug,0.33211875,grass,0.28146663,0.33211875,0.002373558,0.0016000082,0.21203956,0.28146663,0.007993445,0.05837923,0.09799174,0.76839644,0.03768892
sample/renders/0971 Greavard.png,0971 Greavard.png,renders/0971 Greavard.png,ground,ground,0.30963174,electric,0.23997824,water,0.19169956,0.029442357,0.23997824,0.00053771946,0.09332903,0.006436788,0.30963174,0.004235579,0.05080558,0.03999554,0.19169956
sample/renders/0605 Elgyem.png,0605 Elgyem.png,renders/0605 Elgyem.png,water,water,0.466571,poison,0.23596014,flying,0.09442135,0.007737272,0.013692728,4.7461253e-05,0.09442135,0.06458079,0.036231194,6.5175984e-05,0.23596014,0.0010975815,0.466571
sample/renders/0879 Copperajah Gigantamax.png,0879 Copperajah Gigantamax.png,renders/0879 Copperajah Gigantamax.png,"flying,poison",poison,0.5976194,flying,0.5055454,grass,0.21246688,0.039035127,0.01646995,0.0008501123,0.5055454,0.21246688,0.04377128,0.0071699987,0.5976194,0.009722932,0.05612497
sample/renders/0180 Flaaffy.png,0180 Flaaffy.png,renders/0180 Flaaffy.png,psychic,psychic,0.5815845,normal,0.46642828,water,0.24711204,0.025499763,0.008856988,0.0005137369,0.008078123,0.02182454,0.009083364,0.46642828,0.020939022,0.5815845,0.24711204
sample/renders/0877 Morpeko Hangry.png,0877 Morpeko Hangry.png,renders/0877 Morpeko Hangry.png,poison,poison,0.69619995,bug,0.12449783,psychic,0.068388134,0.12449783,0.0005933298,4.369892e-05,0.01377219,0.0004680773,0.05799783,0.06521087,0.69619995,0.068388134,0.02551246
sample/renders/0612 Haxorus.png,0612 Haxorus.png,renders/0612 Haxorus.png,psychic,psychic,0.42534703,bug,0.17993076,ground,0.1670643,0.17993076,0.12860635,0.040445335,0.11634713,0.002764278,0.1670643,0.056204304,0.034349293,0.42534703,0.01920193
sample/renders/0099 Kingler.png,0099 Kingler.png,renders/0099 Kingler.png,flying,flying,0.45411348,water,0.36883906,normal,0.28272405,0.033462007,0.015667686,0.1946319,0.45411348,0.019136943,0.032378804,0.28272405,0.008034956,0.00954756,0.36883906
sample/renders/0031 Nidoqueen.png,0031 Nidoqueen.png,renders/0031 Nidoqueen.png,water,water,0.6615617,flying,0.19343469,ground,0.11480422,0.011316238,0.013585037,0.0013108167,0.19343469,0.0006759293,0.11480422,0.025022196,0.10178385,0.021744013,0.6615617
sample/renders/0900 Kleavor.png,0900 Kleavor.png,renders/0900 Kleavor.png,normal,normal,0.24270703,bug,0.21449298,ground,0.18513444,0.21449298,0.013676363,0.004787615,0.10747812,0.0032756045,0.18513444,0.24270703,0.024828924,0.07473174,0.01909014
sample/renders/0826 Orbeetle.png,0826 Orbeetle.png,renders/0826 Orbeetle.png,water,water,0.3393651,flying,0.2858885,grass,0.07454261,0.03613434,0.037888337,0.034181405,0.2858885,0.07454261,0.0068170344,0.036334712,0.051519286,0.011981561,0.3393651
sample/renders/0150 Mewtwo.png,0150 Mewtwo.png,renders/0150 Mewtwo.png,psychic,psychic,0.64470494,bug,0.19064493,poison,0.1657784,0.19064493,0.018354427,0.00020855392,0.14256756,0.008072443,0.037239775,0.04525271,0.1657784,0.64470494,0.03577022
sample/renders/0525 Boldore.png,0525 Boldore.png,renders/0525 Boldore.png,fire,fire,0.6409473,flying,0.4459106,grass,0.2490142,0.017473336,0.005306466,0.6409473,0.4459106,0.2490142,0.0039243684,0.03659866,0.16602518,0.02131376,0.12949131
sample/renders/0094 Gengar Mega.png,0094 Gengar Mega.png,renders/0094 Gengar Mega.png,poison,poison,0.50433314,water,0.35167554,bug,0.21824476,0.21824476,0.004955247,0.0008546752,0.043053675,0.016960362,0.010357021,0.015011039,0.50433314,0.10415873,0.35167554
sample/renders/0895 Regidrago.png,0895 Regidrago.png,renders/0895 Regidrago.png,poison,poison,0.43209875,grass,0.4231718,bug,0.20687059,0.20687059,0.08202122,0.009116214,0.08648132,0.4231718,0.0024274727,0.026253555,0.43209875,0.07122185,0.09496858
sample/renders/0880 Dracozolt.png,0880 Dracozolt.png,renders/0880 Dracozolt.png,flying,flying,0.39504203,grass,0.23721784,normal,0.21331623,0.015642995,0.006322161,0.15316123,0.39504203,0.23721784,0.0048119146,0.21331623,0.07025342,0.0089731915,0.04144095
sample/renders/0421 Cherrim Overcast.png,0421 Cherrim Overcast.png,renders/0421 Cherrim Overcast.png,poison,poison,0.95020086,grass,0.12286576,bug,0.052759565,0.052759565,0.00047181145,0.00026544664,0.0033027811,0.12286576,0.012981757,0.052153382,0.95020086,0.0074052713,0.009427998
sample/renders/0864 Cursola.png,0864 Cursola.png,renders/0864 Cursola.png,flying,flying,0.29575446,water,0.23774473,psychic,0.19287156,0.0933156,0.13969414,0.0065513495,0.29575446,0.027292375,0.034317188,0.06417345,0.08168463,0.19287156,0.23774473
sample/renders/0905 Enamorus.png,0905 Enamorus.png,renders/0905 Enamorus.png,psychic,psychic,0.46610793,poison,0.29912275,water,0.11002341,0.089600734,0.004246127,0.0001443653,0.0471105,0.041870654,0.041285936,0.08879751,0.29912275,0.46610793,0.11002341
sample/renders/0893 Zarude.png,0893 Zarude.png,renders/0893 Zarude.png,ground,ground,0.1958519,poison,0.15009652,flying,0.14883663,0.07687205,0.044242606,0.00056010176,0.14883663,0.09075297,0.1958519,0.01046493,0.15009652,0.027376818,0.1239643
sample/renders/1001 Wo-Chien.png,1001 Wo-Chien.png,renders/1001 Wo-Chien.png,ground,ground,0.34143242,normal,0.23355812,flying,0.18793868,0.16269685,0.005523972,0.0021226576,0.18793868,0.026342588,0.34143242,0.23355812,0.0073804315,0.07635004,0.010457686
sample/renders/0362 Glalie.png,0362 Glalie.png,renders/0362 Glalie.png,flying,flying,0.34001002,water,0.32380733,bug,0.18929927,0.18929927,0.09370156,0.00013950144,0.34001002,0.0025746706,0.062580794,0.00028968372,0.03731612,0.0010059674,0.32380733
sample/renders/0354 Banette.png,0354 Banette.png,renders/0354 Banette.png,ground,ground,0.36666727,water,0.16470256,electric,0.099313945,0.041708503,0.099313945,0.0019928748,0.055922218,0.0019796274,0.36666727,0.015443855,0.047567844,0.09063963,0.16470256
sample/renders/0916 Oinkologne Male.png,0916 Oinkologne Male.png,renders/0916 Oinkologne Male.png,poison,poison,0.73161334,psychic,0.11432711,water,0.06218312,0.007500905,0.0058688363,0.0023809762,0.049736552,0.00041480124,0.04776144,0.012847322,0.73161334,0.11432711,0.06218312
sample/renders/0275 Shiftry.png,0275 Shiftry.png,renders/0275 Shiftry.png,bug,bug,0.28961155,normal,0.28231832,flying,0.19791645,0.28961155,0.0064584212,0.0023904163,0.19791645,0.12466885,0.1376224,0.28231832,0.034899022,0.11235716,0.14874329
sample/renders/0028 Sandslash Alola.png,0028 Sandslash Alola.png,renders/0028 Sandslash Alola.png,water,water,0.3169193,flying,0.17910036,ground,0.14771356,0.022791691,0.03646864,0.0005684625,0.17910036,0.0061941645,0.14771356,0.00082127156,0.1252782,0.00860881,0.3169193
sample/renders/0646 Kyurem Black.png,0646 Kyurem Black.png,renders/0646 Kyurem Black.png,ground,ground,0.3315352,water,0.21332829,electric,0.12800726,0.020232584,0.12800726,0.00020733199,0.052171733,0.00077529746,0.3315352,0.002195737,0.021968856,0.01793068,0.21332829
sample/renders/0708 Phantump.png,0708 Phantump.png,renders/0708 Phantump.png,normal,normal,0.41347015,ground,0.35384014,flying,0.14052117,0.10308014,0.0058586383,0.0033049874,0.14052117,0.003241272,0.35384014,0.41347015,0.0064184777,0.011141208,0.05315273
sample/renders/0059 Arcanine Hisui.png,0059 Arcanine Hisui.png,renders/0059 Arcanine Hisui.png,ground,ground,0.13846715,water,0.12228959,flying,0.11594755,0.05162286,0.07142807,0.06844291,0.11594755,0.013095683,0.13846715,0.09237957,0.048190802,0.100798324,0.12228959
sample/renders/0678 Meowstic Female.png,0678 Meowstic Female.png,renders/0678 Meowstic Female.png,water,water,0.6045008,flying,0.23406896,bug,0.07360179,0.07360179,0.06533433,0.00029805503,0.23406896,0.0032863969,0.024895616,0.0012770387,0.04584541,0.011609229,0.6045008
sample/renders/0448 Lucario.png,0448 Lucario.png,renders/0448 Lucario.png,water,water,0.77074295,ground,0.093872234,poison,0.07331002,0.006541614,0.038974047,0.00034748175,0.071831554,0.008947135,0.093872234,0.0011421915,0.07331002,0.009312172,0.77074295
sample/renders/0278 Wingull.png,0278 Wingull.png,renders/0278 Wingull.png,water,water,0.45598865,flying,0.24102668,electric,0.11529464,0.05430255,0.11529464,0.0018534188,0.24102668,0.015395767,0.060273554,0.033706434,0.04364735,0.068662465,0.45598865
sample/renders/0400 Bibarel.png,0400 Bibarel.png,renders/0400 Bibarel.png,ground,ground,0.49932474,normal,0.20990445,electric,0.08450172,0.03937044,0.08450172,0.009284464,0.06184211,0.000458206,0.49932474,0.20990445,0.022246834,0.026547518,0.029172564
sample/renders/0791 Solgaleo RadiantSunPhase.png,0791 Solgaleo RadiantSunPhase.png,renders/0791 Solgaleo RadiantSunPhase.png,bug,bug,0.37301016,flying,0.17081405,water,0.12753336,0.37301016,0.05448909,0.0057887384,0.17081405,0.0047406224,0.07563181,0.024892101,0.01623772,0.04796566,0.12753336
sample/renders/0128 Tauros Paldea Combat.png,0128 Tauros Paldea Combat.png,renders/0128 Tauros Paldea Combat.png,ground,ground,0.47698677,flying,0.1603453,electric,0.1438329,0.01986089,0.1438329,0.0010999923,0.1603453,0.001945634,0.47698677,0.00269757,0.08473263,0.00968163,0.09077822
sample/renders/0664 Scatterbug.png,0664 Scatterbug.png,renders/0664 Scatterbug.png,ground,ground,0.44546235,electric,0.11280683,psychic,0.07807837,0.068494715,0.11280683,0.00037730325,0.049962416,0.0071467785,0.44546235,0.01716381,0.0074922163,0.07807837,0.06412686
sample/renders/0992 Iron Hands.png,0992 Iron Hands.png,renders/0992 Iron Hands.png,psychic,psychic,0.44156113,electric,0.28631502,water,0.073903516,0.03834953,0.28631502,0.0011961127,0.07292012,0.00020485582,0.05923451,0.009506825,0.021326106,0.44156113,0.073903516
sample/renders/0618 Stunfisk.png,0618 Stunfisk.png,renders/0618 Stunfisk.png,ground,ground,0.2509739,normal,0.24171847,flying,0.19546197,0.04782036,0.03482459,0.06357007,0.19546197,0.017606772,0.2509739,0.24171847,0.007947677,0.050262425,0.036224112
sample/renders/0249 Lugia.png,0249 Lugia.png,renders/0249 Lugia.png,flying,flying,0.2916554,water,0.23736861,electric,0.20449801,0.115824126,0.20449801,0.00020449265,0.2916554,0.003083772,0.045277413,0.00141116,0.025101291,0.006646475,0.23736861
sample/renders/0307 Meditite.png,0307 Meditite.png,renders/0307 Meditite.png,water,water,0.7486372,bug,0.21814464,flying,0.1852327,0.21814464,0.047312576,0.00016003285,0.1852327,0.0011397178,0.009887083,0.0018357075,0.0076878797,0.005721738,0.7486372
sample/renders/0996 Frigibax.png,0996 Frigibax.png,renders/0996 Frigibax.png,water,water,0.18118586,ground,0.156596,psychic,0.13332039,0.06840277,0.113783404,0.0003509943,0.036026593,0.00050865836,0.156596,0.0010392928,0.04168691,0.13332039,0.18118586
sample/renders/0430 Honchkrow.png,0430 Honchkrow.png,renders/0430 Honchkrow.png,flying,flying,0.60478336,water,0.31347942,poison,0.22815959,0.027805094,0.05361994,0.010213192,0.60478336,0.07700614,0.008270305,0.05551105,0.22815959,0.040876694,0.31347942
sample/renders/0401 Kricketot.png,0401 Kricketot.png,renders/0401 Kricketot.png,fire,fire,0.61679757,normal,0.13162826,flying,0.11416968,0.0038428942,0.0041911965,0.61679757,0.11416968,0.002828119,0.025514508,0.13162826,0.00046666767,0.005783522,0.099958226
sample/renders/0803 Poipole.png,0803 Poipole.png,renders/0803 Poipole.png,poison,poison,0.9528381,flying,0.19770981,bug,0.09816342,0.09816342,7.2398965e-05,3.488396e-05,0.19770981,0.008178198,0.023424057,0.029430559,0.9528381,0.0046072253,0.010971218
sample/renders/0585 Deerling Autumn.png,0585 Deerling Autumn.png,renders/0585 Deerling Autumn.png,"flying,normal",normal,0.53629965,flying,0.53504103,fire,0.19749622,0.008694047,0.047823824,0.19749622,0.53504103,0.0019818149,0.021209987,0.53629965,0.012237531,0.004483951,0.056410216
sample/renders/0179 Mareep.png,0179 Mareep.png,renders/0179 Mareep.png,normal,normal,0.60822535,flying,0.18045159,water,0.17275704,5.7537138e-05,0.0033542677,0.027264247,0.18045159,0.00025104676,0.025996571,0.60822535,0.0001385504,0.00032893562,0.17275704
sample/renders/0154 Meganium.png,0154 Meganium.png,renders/0154 Meganium.png,psychic,psychic,0.84983855,grass,0.21455413,flying,0.13086717,0.054570347,0.0056818887,0.009461609,0.13086717,0.21455413,0.0066366233,0.104892984,0.029004535,0.84983855,0.096188545
sample/renders/0321 Wailord.png,0321 Wailord.png,renders/0321 Wailord.png,flying,flying,0.41587022,water,0.24697876,ground,0.21331818,0.017692994,0.062568985,0.0009064361,0.41587022,0.009178569,0.21331818,0.014967615,0.08615881,0.01765517,0.24697876
sample/renders/0065 Alakazam Mega.png,0065 Alakazam Mega.png,renders/0065 Alakazam Mega.png,psychic,psychic,0.6559934,flying,0.29274788,bug,0.23512924,0.23512924,0.035514344,0.0024438645,0.29274788,0.07911943,0.03007843,0.2132701,0.06903513,0.6559934,0.026823405
sample/renders/1017 Ogerpon Wellspring Mask.png,1017 Ogerpon Wellspring Mask.png,renders/1017 Ogerpon Wellspring Mask.png,flying,flying,0.56858456,bug,0.31121087,psychic,0.27441198,0.31121087,0.013660446,0.00067005435,0.56858456,0.037925042,0.0026161596,0.0030472851,0.2493799,0.27441198,0.17542906
sample/renders/0297 Hariyama.png,0297 Hariyama.png,renders/0297 Hariyama.png,normal,normal,0.3463287,flying,0.16417642,ground,0.15634172,0.02034841,0.01845521,0.06795052,0.16417642,0.0023146726,0.15634172,0.3463287,0.007876777,0.015092724,0.12828459
sample/renders/0148 Dragonair.png,0148 Dragonair.png,renders/0148 Dragonair.png,water,water,0.8058832,flying,0.14951684,poison,0.12262334,0.015834412,0.017094642,0.0005676966,0.14951684,0.0051011457,0.083035626,0.00218652,0.12262334,0.010808085,0.8058832
sample/renders/0414 Mothim.png,0414 Mothim.png,renders/0414 Mothim.png,flying,flying,0.5349828,electric,0.33379242,normal,0.2735161,0.016130237,0.33379242,0.1903941,0.5349828,0.0005590358,0.019098306,0.2735161,0.008764252,0.022669232,0.025334125
sample/renders/0592 Frillish Female.png,0592 Frillish Female.png,renders/0592 Frillish Female.png,psychic,psychic,0.6096837,normal,0.23248604,water,0.10993373,0.056335177,0.0030412707,8.571998e-05,0.008173356,0.03328441,0.021126237,0.23248604,0.07756497,0.6096837,0.10993373
sample/renders/0666 Vivillon Monsoon.png,0666 Vivillon Monsoon.png,renders/0666 Vivillon Monsoon.png,flying,flying,0.36182743,water,0.19616498,electric,0.18109757,0.18100828,0.18109757,0.0003973536,0.36182743,0.0015286718,0.07851852,0.008636012,0.017002884,0.009305392,0.19616498
sample/renders/0214 Heracross.png,0214 Heracross.png,renders/0214 Heracross.png,poison,poison,0.36244634,water,0.35415804,flying,0.18235016,0.004867536,0.0048154662,0.0004645894,0.18235016,0.084260456,0.120880924,0.0005583877,0.36244634,0.0025353816,0.35415804
sample/renders/0800 Necrozma.png,0800 Necrozma.png,renders/0800 Necrozma.png,ground,ground,0.36501318,water,0.17146537,electric,0.1664256,0.013587555,0.1664256,0.0006149476,0.100238144,0.0039276155,0.36501318,0.0041213767,0.06617917,0.02974227,0.17146537
sample/renders/0271 Lombre.png,0271 Lombre.png,renders/0271 Lombre.png,bug,bug,0.6722376,poison,0.369791,flying,0.34263518,0.6722376,0.004107693,1.8451175e-05,0.34263518,0.13151477,0.0010348343,0.0008657383,0.369791,0.032086737,0.03306809
sample/renders/0020 Raticate.png,0020 Raticate.png,renders/0020 Raticate.png,normal,normal,0.8150345,flying,0.27868268,ground,0.27135527,0.01854301,0.009907003,0.007568659,0.27868268,0.0013170042,0.27135527,0.8150345,0.0078005455,0.001817061,0.012412277
sample/renders/0441 Chatot.png,0441 Chatot.png,renders/0441 Chatot.png,water,water,0.4346405,electric,0.14302236,ground,0.11246117,0.04480958,0.14302236,0.00029618287,0.07334318,0.0049556657,0.11246117,0.0008073169,0.089164525,0.0013474764,0.4346405
sample/renders/0537 Seismitoad.png,0537 Seismitoad.png,renders/0537 Seismitoad.png,flying,flying,0.4001353,poison,0.2803041,water,0.23310928,0.01761391,0.0042512575,0.0006291025,0.4001353,0.06518003,0.052365858,0.0006786972,0.2803041,0.0057728714,0.23310928
sample/renders/0923 Pawmot.png,0923 Pawmot.png,renders/0923 Pawmot.png,electric,electric,0.4717866,flying,0.17836893,ground,0.06454834,0.021671087,0.4717866,0.004965464,0.17836893,6.7361376e-05,0.06454834,0.059042826,0.023732943,0.04026807,0.03289762
sample/renders/0294 Loudred.png,0294 Loudred.png,renders/0294 Loudred.png,psychic,psychic,0.76148367,poison,0.17236249,water,0.13342315,0.06876024,0.0013481302,0.00036877638,0.038643863,0.0049788896,0.039503865,0.06629748,0.17236249,0.76148367,0.13342315
sample/renders/0078 Rapidash Galar.png,0078 Rapidash Galar.png,renders/0078 Rapidash Galar.png,psychic,psychic,0.4477514,flying,0.19500946,normal,0.1617934,0.15455124,0.070077844,0.0012377346,0.19500946,0.014185744,0.027994677,0.1617934,0.14262916,0.4477514,0.13138811
sample/renders/0784 Kommo o.png,0784 Kommo o.png,renders/0784 Kommo o.png,electric,electric,0.41176137,flying,0.19563925,ground,0.18067718,0.107835,0.41176137,0.015702294,0.19563925,0.0029102499,0.18067718,0.13403085,0.021024138,0.08177162,0.008174701
sample/renders/0157 Typhlosion Hisui.png,0157 Typhlosion Hisui.png,renders/0157 Typhlosion Hisui.png,"flying,normal",normal,0.84387565,flying,0.64360416,water,0.14361675,0.006000622,0.0025914584,0.008734026,0.64360416,0.006619895,0.013230786,0.84387565,0.0026840428,0.10274704,0.14361675
sample/renders/0203 Girafarig.png,0203 Girafarig.png,renders/0203 Girafarig.png,flying,flying,0.27749014,normal,0.17270316,electric,0.13988714,0.094542116,0.13988714,0.026128165,0.27749014,0.00027496592,0.03045893,0.17270316,0.052000824,0.10321377,0.018008687
sample/renders/1008 Miraidon.png,1008 Miraidon.png,renders/1008 Miraidon.png,water,water,0.46413994,flying,0.23809323,poison,0.1614797,0.13268319,0.021587778,0.00018963493,0.23809323,0.019311367,0.04496625,0.0009834432,0.1614797,0.030854208,0.46413994
sample/renders/0395 Empoleon.png,0395 Empoleon.png,renders/0395 Empoleon.png,water,water,0.50317365,flying,0.10701668,electric,0.08815357,0.014474526,0.08815357,0.0005067703,0.10701668,0.019898776,0.06352963,0.00044098537,0.06640727,0.0057885745,0.50317365
sample/renders/0481 Mesprit.png,0481 Mesprit.png,renders/0481 Mesprit.png,"grass,poison",poison,0.7481824,grass,0.6308367,flying,0.19211242,0.003821932,0.0032560157,8.8867186e-05,0.19211242,0.6308367,0.0126278475,0.00884696,0.7481824,0.0145806605,0.05692346
sample/renders/0545 Scolipede.png,0545 Scolipede.png,renders/0545 Scolipede.png,poison,poison,0.3694253,psychic,0.24088444,water,0.15182942,0.058581375,0.0137455715,0.013520588,0.031794783,0.05057195,0.018707018,0.12939571,0.3694253,0.24088444,0.15182942
sample/renders/0595 Joltik.png,0595 Joltik.png,renders/0595 Joltik.png,psychic,psychic,0.49732426,ground,0.24609122,electric,0.18266842,0.039426576,0.18266842,0.007799468,0.04061328,0.00030303348,0.24609122,0.006696241,0.0314202,0.49732426,0.076241314
sample/renders/0046 Paras.png,0046 Paras.png,renders/0046 Paras.png,flying,flying,0.55339485,normal,0.4580426,bug,0.22705984,0.22705984,0.030565588,0.027991096,0.55339485,0.055247698,0.061439145,0.4580426,0.015094738,0.024499321,0.03143481
sample/renders/0088 Grimer Alola.png,0088 Grimer Alola.png,renders/0088 Grimer Alola.png,bug,bug,0.7397116,poison,0.3739319,flying,0.24375692,0.7397116,0.016486265,3.9256465e-05,0.24375692,0.04253482,0.0018909324,0.00045071548,0.3739319,0.091611624,0.04309468
sample/renders/0626 Bouffalant.png,0626 Bouffalant.png,renders/0626 Bouffalant.png,ground,ground,0.7887562,normal,0.21516964,bug,0.1017352,0.1017352,0.017650504,0.008830262,0.018467756,0.0007445051,0.7887562,0.21516964,0.0049944385,0.00868907,0.014444187
sample/renders/0222 Corsola.png,0222 Corsola.png,renders/0222 Corsola.png,normal,normal,0.7318345,water,0.40171605,psychic,0.24392167,0.00086898886,0.02794556,0.010281178,0.0057439115,0.016199922,0.0019900752,0.7318345,0.010739505,0.24392167,0.40171605
sample/renders/0964 Palafin.png,0964 Palafin.png,renders/0964 Palafin.png,water,water,0.47915792,flying,0.3030288,poison,0.19353625,0.015629081,0.015208411,0.000823266,0.3030288,0.012741941,0.07755696,0.0034780654,0.19353625,0.011561762,0.47915792
sample/renders/0856 Hatenna.png,0856 Hatenna.png,renders/0856 Hatenna.png,water,water,0.32527155,flying,0.255937,bug,0.19621174,0.19621174,0.074285634,0.0011736965,0.255937,0.020266002,0.018789222,0.092372194,0.06836539,0.117211334,0.32527155
sample/renders/0182 Bellossom.png,0182 Bellossom.png,renders/0182 Bellossom.png,bug,bug,0.7194922,fire,0.20612174,flying,0.073075354,0.7194922,0.0059523857,0.20612174,0.073075354,0.022967927,0.013022959,0.012775167,0.0080977855,0.0018850213,0.00825709
sample/renders/0652 Chesnaught.png,0652 Chesnaught.png,renders/0652 Chesnaught.png,psychic,psychic,0.5531166,flying,0.36364228,grass,0.2690226,0.13065802,0.005930183,0.0042862087,0.36364228,0.2690226,0.06174114,0.11197632,0.0017096791,0.5531166,0.008493745
sample/renders/0310 Manectric.png,0310 Manectric.png,renders/0310 Manectric.png,water,water,0.87263364,flying,0.09599216,normal,0.0458406,0.011693172,0.02246368,0.01550717,0.09599216,0.0019181616,0.030145729,0.0458406,0.019421482,0.0062313536,0.87263364
sample/renders/0168 Ariados.png,0168 Ariados.png,renders/0168 Ariados.png,psychic,psychic,0.5125144,water,0.24022433,flying,0.17541903,0.111833446,0.013539853,0.028298536,0.17541903,0.09606045,0.012354156,0.11607775,0.11890808,0.5125144,0.24022433
sample/renders/0079 Slowpoke.png,0079 Slowpoke.png,renders/0079 Slowpoke.png,normal,normal,0.7767278,psychic,0.3202942,grass,0.09617387,0.0063282955,0.0007079116,0.0002714234,0.0020902331,0.09617387,0.0032755015,0.7767278,0.004990694,0.3202942,0.076687396
sample/renders/0564 Tirtouga.png,0564 Tirtouga.png,renders/0564 Tirtouga.png,ground,ground,0.3839216,water,0.27257633,poison,0.20655091,0.00882011,0.026121432,0.00038800118,0.0853678,0.07130223,0.3839216,0.00034108193,0.20655091,0.0030362415,0.27257633
sample/renders/0317 Swalot.png,0317 Swalot.png,renders/0317 Swalot.png,poison,poison,0.3587197,psychic,0.3257059,water,0.30878058,0.029413715,0.009406123,0.0034363621,0.043338925,0.0012873607,0.067232184,0.011661963,0.3587197,0.3257059,0.30878058
sample/renders/0610 Axew.png,0610 Axew.png,renders/0610 Axew.png,"bug,flying",bug,0.8380933,flying,0.5782766,grass,0.089437515,0.8380933,0.008631681,0.00028182278,0.5782766,0.089437515,0.020220298,0.0018004249,0.06777588,0.050617017,0.04177557
sample/renders/0067 Machoke.png,0067 Machoke.png,renders/0067 Machoke.png,water,water,0.44273052,ground,0.4180782,psychic,0.06876264,0.04300866,0.047230657,0.000933581,0.032790676,0.0017728687,0.4180782,0.0023232712,0.06794622,0.06876264,0.44273052
sample/renders/0777 Togedemaru.png,0777 Togedemaru.png,renders/0777 Togedemaru.png,bug,bug,0.1636936,water,0.15701519,electric,0.14970753,0.1636936,0.14970753,0.0011954112,0.08935343,0.0046340134,0.077908106,0.022153396,0.02134333,0.0844968,0.15701519
sample/renders/0678 Meowstic Male.png,0678 Meowstic Male.png,renders/0678 Meowstic Male.png,water,water,0.5524332,flying,0.30546716,poison,0.07804263,0.04067042,0.003944845,0.00031240366,0.30546716,0.04422586,0.037131514,0.00019335616,0.07804263,0.004385486,0.5524332
sample/renders/0452 Drapion.png,0452 Drapion.png,renders/0452 Drapion.png,poison,poison,0.77574205,flying,0.13974795,ground,0.10396406,0.054323554,0.00027755133,5.8375485e-05,0.13974795,0.00078899995,0.10396406,0.024007807,0.77574205,0.048427664,0.05177218
sample/renders/0802 Marshadow Alt.png,0802 Marshadow Alt.png,renders/0802 Marshadow Alt.png,water,water,0.50022876,flying,0.41002727,poison,0.29716536,0.055684913,0.004686919,0.0008596542,0.41002727,0.1286507,0.022825805,0.0033485782,0.29716536,0.0027076905,0.50022876
sample/renders/0463 Lickilicky.png,0463 Lickilicky.png,renders/0463 Lickilicky.png,normal,normal,0.44797847,water,0.3134573,psychic,0.23731062,0.01567544,0.02093886,0.025187189,0.0016224622,0.046552557,0.023814904,0.44797847,0.010078685,0.23731062,0.3134573
sample/renders/0347 Anorith.png,0347 Anorith.png,renders/0347 Anorith.png,water,water,0.46679884,flying,0.31039602,electric,0.25442302,0.22505091,0.25442302,0.0011077916,0.31039602,0.028277425,0.020181064,0.008540511,0.06094143,0.015272254,0.46679884
sample/renders/0752 Araquanid.png,0752 Araquanid.png,renders/0752 Araquanid.png,water,water,0.43585223,poison,0.14293402,flying,0.14047965,0.034596227,0.038948055,0.00022767833,0.14047965,0.06791645,0.0077770753,0.000657657,0.14293402,0.05962296,0.43585223
sample/renders/0311 Plusle.png,0311 Plusle.png,renders/0311 Plusle.png,"flying,normal",normal,0.8501274,flying,0.7972428,fire,0.17710057,0.0048004123,0.0032905461,0.17710057,0.7972428,0.0016829845,0.0010783415,0.8501274,0.00038351383,0.036080457,0.08192764
sample/renders/0604 Eelektross.png,0604 Eelektross.png,renders/0604 Eelektross.png,water,water,0.7084141,flying,0.11262415,electric,0.101204716,0.016520357,0.101204716,0.004355071,0.11262415,0.013073964,0.04007476,0.0077213123,0.040104624,0.011427799,0.7084141
sample/renders/0404 Luxio.png,0404 Luxio.png,renders/0404 Luxio.png,water,water,0.32959622,ground,0.16966486,poison,0.12508237,0.017490027,0.07715646,0.00046442996,0.07909699,0.008027354,0.16966486,0.0004758169,0.12508237,0.010785428,0.32959622
sample/renders/0848 Toxel.png,0848 Toxel.png,renders/0848 Toxel.png,poison,poison,0.86706376,normal,0.076060064,bug,0.07412796,0.07412796,8.4883366e-05,6.296416e-05,0.031024663,5.6507364e-05,0.061284322,0.076060064,0.86706376,0.010893605,0.010869997
sample/renders/0214 Heracross Mega.png,0214 Heracross Mega.png,renders/0214 Heracross Mega.png,water,water,0.35517707,flying,0.31746492,grass,0.28117794,0.016089257,0.0042850515,0.00059333234,0.31746492,0.28117794,0.029352227,0.00041872368,0.2576092,0.0027256527,0.35517707
sample/renders/0349 Feebas.png,0349 Feebas.png,renders/0349 Feebas.png,normal,normal,0.70569956,water,0.1618486,flying,0.10936889,0.0037245702,0.008160386,0.017012477,0.10936889,0.0021354991,0.07673421,0.70569956,0.0023140167,0.0039360574,0.1618486
sample/renders/0898 Calyrex Ice Rider.png,0898 Calyrex Ice Rider.png,renders/0898 Calyrex Ice Rider.png,water,water,0.5546191,electric,0.08394129,ground,0.06575912,0.018114962,0.08394129,9.465983e-05,0.0629176,0.011531288,0.06575912,0.000341206,0.024990581,0.009349582,0.5546191
sample/renders/0019 Rattata.png,0019 Rattata.png,renders/0019 Rattata.png,poison,poison,0.33746806,psychic,0.27132636,normal,0.1682347,0.04206594,0.0015818835,0.00028136664,0.04241655,0.0017516599,0.09776024,0.1682347,0.33746806,0.27132636,0.061638683
sample/renders/0423 Gastrodon East.png,0423 Gastrodon East.png,renders/0423 Gastrodon East.png,bug,bug,0.709525,flying,0.41083887,poison,0.26225555,0.709525,0.01759878,0.00059504487,0.41083887,0.046108864,0.0053049806,0.004743981,0.26225555,0.076466694,0.121579744
sample/renders/0873 Frosmoth.png,0873 Frosmoth.png,renders/0873 Frosmoth.png,water,water,0.4600691,flying,0.24607658,electric,0.2273726,0.12404622,0.2273726,0.0026121193,0.24607658,0.015762389,0.021372389,0.013014632,0.048822332,0.03358617,0.4600691
sample/renders/0798 Kartana.png,0798 Kartana.png,renders/0798 Kartana.png,flying,flying,0.5629554,electric,0.34550384,normal,0.20563322,0.018874887,0.34550384,0.02474824,0.5629554,0.0010210735,0.0046423567,0.20563322,0.014129039,0.049232922,0.04983293
sample/renders/0416 Vespiquen.png,0416 Vespiquen.png,renders/0416 Vespiquen.png,ground,ground,0.3418023,bug,0.30115953,psychic,0.22450447,0.30115953,0.042786304,0.0012910066,0.019627333,0.00094574067,0.3418023,0.05571127,0.12853183,0.22450447,0.045269545
sample/renders/0673 Gogoat.png,0673 Gogoat.png,renders/0673 Gogoat.png,"grass,psychic",grass,0.6440684,psychic,0.5184906,flying,0.41742682,0.13312386,0.0005314452,0.0045926487,0.41742682,0.6440684,0.04304401,0.30515406,0.013891857,0.5184906,0.013210433
sample/renders/0440 Happiny.png,0440 Happiny.png,renders/0440 Happiny.png,"normal,psychic",normal,0.6893768,psychic,0.51175153,grass,0.088498406,0.0038544007,0.0013864236,0.00042700497,0.0073986147,0.088498406,0.0054670023,0.6893768,0.0010003706,0.51175153,0.07375141
sample/renders/0648 Meloetta.png,0648 Meloetta.png,renders/0648 Meloetta.png,bug,bug,0.31124207,flying,0.11338943,electric,0.110665776,0.31124207,0.110665776,0.0008282728,0.11338943,0.01643351,0.074614264,0.010959865,0.024186438,0.039100386,0.1018474
sample/renders/0902 Basculegion Male.png,0902 Basculegion Male.png,renders/0902 Basculegion Male.png,grass,grass,0.28927475,poison,0.25621068,flying,0.14302544,0.07251384,0.07499114,0.007766007,0.14302544,0.28927475,0.0030032026,0.06349952,0.25621068,0.057063546,0.12327661
sample/renders/0019 Rattata Alola.png,0019 Rattata Alola.png,renders/0019 Rattata Alola.png,ground,ground,0.6453481,flying,0.05663646,water,0.051818926,0.02129881,0.048405595,0.0015201465,0.05663646,0.0050563477,0.6453481,0.035825476,0.01446886,0.039534744,0.051818926
sample/renders/0325 Spoink.png,0325 Spoink.png,renders/0325 Spoink.png,ground,ground,0.40970823,electric,0.19143428,water,0.1041115,0.020799672,0.19143428,0.00023930985,0.034265183,0.0071234773,0.40970823,0.015794842,0.026810262,0.057126477,0.1041115
sample/renders/0373 Salamence Mega.png,0373 Salamence Mega.png,renders/0373 Salamence Mega.png,poison,poison,0.49875206,grass,0.49233058,normal,0.23675077,0.035556123,0.0124746105,0.2110676,0.1160361,0.49233058,0.01677295,0.23675077,0.49875206,0.029145358,0.07159014
sample/renders/0270 Lotad.png,0270 Lotad.png,renders/0270 Lotad.png,"grass,poison",grass,0.99237674,poison,0.9849024,flying,0.024712006,0.009662789,0.0006310554,5.39871e-06,0.024712006,0.99237674,0.0016126009,0.00016292269,0.9849024,0.0030901972,0.008267078
sample/renders/0855 Polteageist.png,0855 Polteageist.png,renders/0855 Polteageist.png,poison,poison,0.65396875,flying,0.33564606,psychic,0.13391393,0.05380525,0.0035695778,0.0001366998,0.33564606,0.0110021895,0.12227555,0.06093204,0.65396875,0.13391393,0.08371956
sample/renders/0668 Pyroar Female.png,0668 Pyroar Female.png,renders/0668 Pyroar Female.png,flying,flying,0.44428158,fire,0.34124967,normal,0.24443977,0.063735425,0.017262487,0.34124967,0.44428158,0.006775112,0.017452762,0.24443977,0.010245496,0.0045541655,0.027329138
sample/renders/0213 Shuckle.png,0213 Shuckle.png,renders/0213 Shuckle.png,psychic,psychic,0.3155924,flying,0.15801091,normal,0.14465888,0.016519895,0.03827665,0.060858455,0.15801091,0.009333859,0.09118229,0.14465888,0.0074592065,0.3155924,0.07613454
sample/renders/0502 Dewott.png,0502 Dewott.png,renders/0502 Dewott.png,water,water,0.83896923,poison,0.11464923,flying,0.07672585,0.017145816,0.005533526,0.0001465077,0.07672585,0.014659673,0.034247283,0.00016562731,0.11464923,0.0008333212,0.83896923
sample/renders/0562 Yamask Galar.png,0562 Yamask Galar.png,renders/0562 Yamask Galar.png,water,water,0.21815717,poison,0.20886107,psychic,0.13987054,0.032494996,0.008564684,0.00022734966,0.050750446,0.01055092,0.06845728,0.015610099,0.20886107,0.13987054,0.21815717
sample/renders/0666 Vivillon Elegant.png,0666 Vivillon Elegant.png,renders/0666 Vivillon Elegant.png,poison,poison,0.9119659,flying,0.21158907,bug,0.08759211,0.08759211,0.0012525143,0.00361551,0.21158907,0.010369721,0.014416138,0.029319327,0.9119659,0.010218174,0.03546554
sample/renders/0962 Bombirdier.png,0962 Bombirdier.png,renders/0962 Bombirdier.png,psychic,psychic,0.2994853,flying,0.20084868,bug,0.13679339,0.13679339,0.043669112,0.00060856296,0.20084868,0.016207175,0.08111724,0.02299152,0.07300318,0.2994853,0.10741336
sample/renders/0773 Silvally.png,0773 Silvally.png,renders/0773 Silvally.png,water,water,0.1638641,flying,0.14515427,ground,0.1221277,0.10205253,0.12001566,0.00042845594,0.14515427,0.004965832,0.1221277,0.002953544,0.032962445,0.037984487,0.1638641
sample/renders/0175 Togepi.png,0175 Togepi.png,renders/0175 Togepi.png,water,water,0.4294049,normal,0.38001502,flying,0.10766488,0.0022842505,0.037406333,0.096240096,0.10766488,0.0011144468,0.005311244,0.38001502,0.0014729329,0.004753454,0.4294049
sample/renders/0279 Pelipper.png,0279 Pelipper.png,renders/0279 Pelipper.png,water,water,0.5907539,normal,0.3520555,flying,0.33584487,0.010535777,0.018105265,0.031006971,0.33584487,0.0010998213,0.14591582,0.3520555,0.019786779,0.0058774655,0.5907539
sample/renders/0088 Grimer.png,0088 Grimer.png,renders/0088 Grimer.png,poison,poison,0.6851981,ground,0.21650922,psychic,0.097150415,0.036059596,0.00094021176,0.00010284693,0.008787244,0.0005663306,0.21650922,0.031301044,0.6851981,0.097150415,0.055829663
sample/renders/0546 Cottonee.png,0546 Cottonee.png,renders/0546 Cottonee.png,water,water,0.19844982,ground,0.14328103,bug,0.12115854,0.12115854,0.09344069,0.0014402651,0.10361529,0.05640814,0.14328103,0.031390984,0.04475548,0.07718845,0.19844982
sample/renders/0451 Skorupi.png,0451 Skorupi.png,renders/0451 Skorupi.png,flying,flying,0.42038423,water,0.18084177,ground,0.16710918,0.055817686,0.048098914,0.0015916899,0.42038423,0.011438052,0.16710918,0.003931742,0.13183337,0.026438858,0.18084177
sample/renders/0208 Steelix Mega.png,0208 Steelix Mega.png,renders/0208 Steelix Mega.png,water,water,0.5057224,ground,0.12931837,electric,0.12053524,0.045017418,0.12053524,0.00016897384,0.071234114,0.0026741726,0.12931837,0.00023089649,0.022594506,0.0023106004,0.5057224
sample/renders/0892 Urshifu Rapid Strike.png,0892 Urshifu Rapid Strike.png,renders/0892 Urshifu Rapid Strike.png,ground,ground,0.62263364,water,0.13077189,electric,0.10128428,0.024627915,0.10128428,0.00016760445,0.02470721,0.0049861455,0.62263364,0.0023986166,0.016538274,0.04658226,0.13077189
sample/renders/0346 Cradily.png,0346 Cradily.png,renders/0346 Cradily.png,"bug,flying",bug,0.92610365,flying,0.66152793,psychic,0.16554892,0.92610365,0.004924162,0.0025414443,0.66152793,0.056533355,0.001981381,0.07940179,0.027735256,0.16554892,0.007521879
sample/renders/0805 Stakataka.png,0805 Stakataka.png,renders/0805 Stakataka.png,ground,ground,0.6930288,electric,0.25287583,water,0.22799407,0.006649011,0.25287583,0.0004795364,0.04240767,0.00061337475,0.6930288,0.0010641867,0.028275788,0.0015630858,0.22799407
sample/renders/0814 Raboot.png,0814 Raboot.png,renders/0814 Raboot.png,water,water,0.59834874,bug,0.119366184,flying,0.087075464,0.119366184,0.05273181,0.042933434,0.087075464,0.0616557,0.024091553,0.039549284,0.03229827,0.037836526,0.59834874
sample/renders/0439 Mime Jr.png,0439 Mime Jr.png,renders/0439 Mime Jr.png,psychic,psychic,0.36153576,water,0.28791055,bug,0.26471797,0.26471797,0.0049445825,0.0005602925,0.15459716,0.09034779,0.017421382,0.0410841,0.077244595,0.36153576,0.28791055
sample/renders/0412 Burmy No Cloak.png,0412 Burmy No Cloak.png,renders/0412 Burmy No Cloak.png,ground,ground,0.7934907,electric,0.08959428,water,0.05393774,0.02708472,0.08959428,0.0011309162,0.01015738,0.001022035,0.7934907,0.0029287285,0.034138314,0.032239906,0.05393774
sample/renders/0901 Ursaluna.png,0901 Ursaluna.png,renders/0901 Ursaluna.png,ground,ground,0.54592746,bug,0.31639567,normal,0.15526246,0.31639567,0.0032021082,0.002018624,0.021891402,0.0033794036,0.54592746,0.15526246,0.010413912,0.06927173,0.03331255
sample/renders/0111 Rhyhorn.png,0111 Rhyhorn.png,renders/0111 Rhyhorn.png,ground,ground,0.9132899,water,0.11261497,electric,0.10600721,0.008243803,0.10600721,0.00048227634,0.015519186,0.00059035304,0.9132899,0.00047104174,0.038007047,0.0035904655,0.11261497
sample/renders/0130 Gyarados Mega.png,0130 Gyarados Mega.png,renders/0130 Gyarados Mega.png,water,water,0.7455064,flying,0.353698,bug,0.06804965,0.06804965,0.02079172,0.009126867,0.353698,0.029287918,0.0033268672,0.048179455,0.04877556,0.028426927,0.7455064
sample/renders/0740 Crabominable.png,0740 Crabominable.png,renders/0740 Crabominable.png,water,water,0.7235094,flying,0.22941975,electric,0.17615466,0.1457656,0.17615466,0.0005073619,0.22941975,0.004040842,0.018115092,0.004744583,0.01909679,0.01950436,0.7235094
sample/renders/0628 Braviary Hisui.png,0628 Braviary Hisui.png,renders/0628 Braviary Hisui.png,bug,bug,0.51074606,flying,0.38794473,electric,0.1667981,0.51074606,0.1667981,0.00052950514,0.38794473,0.0070377435,0.05981532,0.0045708017,0.059936415,0.018716544,0.049493205
sample/renders/0380 Latias.png,0380 Latias.png,renders/0380 Latias.png,psychic,psychic,0.50250834,normal,0.21281299,flying,0.21130376,0.12233054,0.03638757,0.013054603,0.21130376,0.11084424,0.020219924,0.21281299,0.1407161,0.50250834,0.19699433
sample/renders/0012 Butterfree Gigantamax.png,0012 Butterfree Gigantamax.png,renders/0012 Butterfree Gigantamax.png,electric,electric,0.39153096,normal,0.17152111,water,0.10327933,0.0062103444,0.39153096,0.030846175,0.02045865,0.031775907,0.0025407071,0.17152111,0.03678384,0.06718157,0.10327933
sample/renders/0744 Rockruff.png,0744 Rockruff.png,renders/0744 Rockruff.png,normal,normal,0.4104279,ground,0.21941282,bug,0.18818492,0.18818492,0.001330743,0.00033977823,0.086597435,0.021188345,0.21941282,0.4104279,0.012298098,0.0767265,0.022349896
sample/renders/0615 Cryogonal.png,0615 Cryogonal.png,renders/0615 Cryogonal.png,water,water,0.39302596,flying,0.14793016,ground,0.09123615,0.053850673,0.006824078,0.00040747505,0.14793016,0.06258576,0.09123615,0.00018531173,0.027284645,0.004144232,0.39302596
sample/renders/0144 Articuno Galar.png,0144 Articuno Galar.png,renders/0144 Articuno Galar.png,psychic,psychic,0.27629018,poison,0.269011,water,0.21625768,0.16215432,0.0080505945,0.0002465004,0.1217766,0.0025596758,0.06451236,0.0149209285,0.269011,0.27629018,0.21625768
sample/renders/0434 Stunky.png,0434 Stunky.png,renders/0434 Stunky.png,psychic,psychic,0.46854073,normal,0.1568403,water,0.15639228,0.066415116,0.005493049,0.0010277915,0.04847339,0.0064107096,0.012749809,0.1568403,0.06525155,0.46854073,0.15639228
sample/renders/0193 Yanma.png,0193 Yanma.png,renders/0193 Yanma.png,flying,flying,0.28788057,fire,0.21370703,grass,0.14330053,0.041339777,0.008256893,0.21370703,0.28788057,0.14330053,0.0028504496,0.12664948,0.055861086,0.0042417827,0.1053652
sample/renders/0775 Komala.png,0775 Komala.png,renders/0775 Komala.png,water,water,0.53113735,ground,0.29688007,flying,0.050332405,0.02333028,0.033281513,0.00035759676,0.050332405,0.0041409684,0.29688007,0.0038021854,0.02504795,0.0020771883,0.53113735
sample/renders/0897 Spectrier.png,0897 Spectrier.png,renders/0897 Spectrier.png,flying,flying,0.4198445,poison,0.20841804,water,0.19464408,0.026596388,0.040304724,0.0012603668,0.4198445,0.009002032,0.025771035,0.0009816086,0.20841804,0.08620552,0.19464408
sample/renders/0662 Fletchinder.png,0662 Fletchinder.png,renders/0662 Fletchinder.png,water,water,0.53048307,flying,0.19370772,fire,0.093652606,0.021112958,0.06940374,0.093652606,0.19370772,0.005285786,0.017288903,0.08121269,0.02185049,0.0011446265,0.53048307
sample/renders/0158 Totodile.png,0158 Totodile.png,renders/0158 Totodile.png,water,water,0.51969695,poison,0.33072275,flying,0.3031627,0.005150222,0.0016896237,0.001359659,0.3031627,0.038474068,0.017359722,0.022840306,0.33072275,0.0139366165,0.51969695
sample/renders/0025 Pikachu Belle.png,0025 Pikachu Belle.png,renders/0025 Pikachu Belle.png,water,water,0.521178,flying,0.1673165,bug,0.13582426,0.13582426,0.06602022,0.004279123,0.1673165,0.0016445954,0.036326382,0.07715371,0.06871815,0.03809774,0.521178
sample/renders/0355 Duskull.png,0355 Duskull.png,renders/0355 Duskull.png,ground,ground,0.4993844,water,0.11395247,electric,0.09988568,0.047710065,0.09988568,0.003841119,0.054268036,0.0049263956,0.4993844,0.041797783,0.008586096,0.03821483,0.11395247
sample/renders/0754 Lurantis.png,0754 Lurantis.png,renders/0754 Lurantis.png,psychic,psychic,0.8527916,water,0.41398978,normal,0.28502417,0.014228818,0.0109600555,0.0069656107,0.027934652,0.019828524,0.007888066,0.28502417,0.007329308,0.8527916,0.41398978
sample/renders/0240 Magby.png,0240 Magby.png,renders/0240 Magby.png,normal,normal,0.5553361,fire,0.3813186,flying,0.20010112,0.02209095,0.0076700468,0.3813186,0.20010112,0.011503961,0.004026253,0.5553361,0.0012800441,0.11221985,0.0806723
sample/renders/0487 Giratina Origin.png,0487 Giratina Origin.png,renders/0487 Giratina Origin.png,psychic,psychic,0.2052716,ground,0.17929351,bug,0.14097315,0.14097315,0.07227656,0.007830152,0.077167794,0.0045194183,0.17929351,0.104095146,0.065084286,0.2052716,0.027170995
sample/renders/0025 Pikachu Original.png,0025 Pikachu Original.png,renders/0025 Pikachu Original.png,normal,normal,0.5069729,flying,0.3656083,electric,0.2628797,0.020783078,0.2628797,0.04349042,0.3656083,0.00033277995,0.08711903,0.5069729,0.010817797,0.00722943,0.030762814
sample/renders/0177 Natu.png,0177 Natu.png,renders/0177 Natu.png,bug,bug,0.9599063,flying,0.1177039,grass,0.030418152,0.9599063,0.0006629433,0.0040796124,0.1177039,0.030418152,0.0008837301,0.005577602,0.012391419,0.028966874,0.00068353786
sample/renders/0246 Larvitar.png,0246 Larvitar.png,renders/0246 Larvitar.png,bug,bug,0.45503503,flying,0.42920533,psychic,0.35138443,0.45503503,0.02117439,0.010823565,0.42920533,0.26240727,0.06919541,0.07115071,0.028441973,0.35138443,0.039037235
sample/renders/0422 Shellos West.png,0422 Shellos West.png,renders/0422 Shellos West.png,normal,normal,0.7043399,psychic,0.36328563,water,0.18527314,0.014379984,0.0037844616,0.0033640484,0.009901877,0.014324058,0.010437088,0.7043399,0.012596311,0.36328563,0.18527314
sample/renders/0668 Pyroar.png,0668 Pyroar.png,renders/0668 Pyroar.png,fire,fire,0.56288475,flying,0.14913821,water,0.12392029,0.021494523,0.027368,0.56288475,0.14913821,0.004796453,0.016443988,0.080936804,0.004137226,0.0010642289,0.12392029
sample/renders/0320 Wailmer.png,0320 Wailmer.png,renders/0320 Wailmer.png,normal,normal,0.66827875,water,0.3649684,flying,0.29704562,0.00040385738,0.00084510405,0.01616313,0.29704562,0.0028840338,0.056931175,0.66827875,0.0011697359,0.0017866394,0.3649684
sample/renders/0506 Lillipup.png,0506 Lillipup.png,renders/0506 Lillipup.png,fire,fire,0.6702591,normal,0.4362072,flying,0.24019858,0.0025164697,0.023228476,0.6702591,0.24019858,0.00028039885,0.06310102,0.4362072,0.0016069739,0.0007258592,0.0035967403
sample/renders/0793 Nihilego.png,0793 Nihilego.png,renders/0793 Nihilego.png,water,water,0.40748623,electric,0.1525541,flying,0.12315211,0.021851756,0.1525541,0.00010787518,0.12315211,0.0017708258,0.06971997,0.0010591928,0.021102509,0.016433416,0.40748623
sample/renders/0099 Kingler Gigantamax.png,0099 Kingler Gigantamax.png,renders/0099 Kingler Gigantamax.png,water,water,0.3043914,normal,0.30058244,flying,0.19792704,0.02502475,0.05938185,0.05376826,0.19792704,0.058162786,0.023233183,0.30058244,0.018605543,0.055987448,0.3043914
sample/renders/0199 Slowking.png,0199 Slowking.png,renders/0199 Slowking.png,psychic,psychic,0.5575726,normal,0.34438857,water,0.104190715,0.020463448,0.006556574,0.005562426,0.055571727,0.075825766,0.03393801,0.34438857,0.0032278337,0.5575726,0.104190715
sample/renders/0589 Escavalier.png,0589 Escavalier.png,renders/0589 Escavalier.png,normal,normal,0.39353684,psychic,0.28393522,flying,0.1903288,0.08373762,0.070642404,0.012674134,0.1903288,0.01762444,0.037439752,0.39353684,0.036384784,0.28393522,0.05020241
sample/renders/0513 Pansear.png,0513 Pansear.png,renders/0513 Pansear.png,fire,fire,0.55117995,flying,0.20631611,normal,0.16972683,0.12096665,0.009060105,0.55117995,0.20631611,0.0086342385,0.018866567,0.16972683,0.0019914669,0.009674095,0.06280533
sample/renders/0555 Darmanitan Galar.png,0555 Darmanitan Galar.png,renders/0555 Darmanitan Galar.png,water,water,0.45167425,electric,0.2375285,flying,0.23190758,0.08197081,0.2375285,0.00068139785,0.23190758,0.0015454231,0.017911145,0.005122438,0.028603263,0.017639687,0.45167425
sample/renders/0381 Latios.png,0381 Latios.png,renders/0381 Latios.png,flying,flying,0.4283221,water,0.35982838,poison,0.2575974,0.008285381,0.014083091,0.0006732475,0.4283221,0.05195201,0.07094623,0.0022406243,0.2575974,0.0044213347,0.35982838
sample/renders/0596 Galvantula.png,0596 Galvantula.png,renders/0596 Galvantula.png,psychic,psychic,0.29206392,ground,0.22081645,electric,0.17156906,0.074123345,0.17156906,0.0034098478,0.09454842,0.0003752803,0.22081645,0.09386496,0.02373133,0.29206392,0.071156435
sample/renders/0750 Mudsdale.png,0750 Mudsdale.png,renders/0750 Mudsdale.png,normal,normal,0.20501383,fire,0.14715828,flying,0.1357897,0.0653958,0.003946773,0.14715828,0.1357897,0.035384033,0.10449145,0.20501383,0.009426649,0.04262194,0.07804361
sample/renders/0242 Blissey.png,0242 Blissey.png,renders/0242 Blissey.png,normal,normal,0.6970565,psychic,0.23451972,grass,0.08846006,0.00041749605,0.058645427,0.000105655425,0.0006356299,0.08846006,0.0027510799,0.6970565,0.004266818,0.23451972,0.06268681
sample/renders/0810 Grookey.png,0810 Grookey.png,renders/0810 Grookey.png,bug,bug,0.91824424,flying,0.34411588,psychic,0.09255399,0.91824424,0.014133086,0.021359827,0.34411588,0.082095385,0.00838878,0.046584535,0.0079688085,0.09255399,0.003579658
sample/renders/0824 Blipbug.png,0824 Blipbug.png,renders/0824 Blipbug.png,water,water,0.3973664,ground,0.2221053,poison,0.19328253,0.018036818,0.013823456,0.0005249709,0.05546096,0.0065328726,0.2221053,0.007952476,0.19328253,0.0658507,0.3973664
sample/renders/0354 Banette Mega.png,0354 Banette Mega.png,renders/0354 Banette Mega.png,psychic,psychic,0.25671956,electric,0.18763493,ground,0.13144852,0.07323969,0.18763493,0.027244288,0.10881394,0.030305015,0.13144852,0.053708073,0.07597904,0.25671956,0.06649161
sample/renders/0850 Sizzlipede.png,0850 Sizzlipede.png,renders/0850 Sizzlipede.png,flying,flying,0.28833756,fire,0.28247142,grass,0.18577658,0.06761935,0.028496949,0.28247142,0.28833756,0.18577658,0.018344313,0.176284,0.11471638,0.027627554,0.097565666
sample/renders/1007 Koraidon.png,1007 Koraidon.png,renders/1007 Koraidon.png,flying,flying,0.35621676,water,0.27032077,psychic,0.18234909,0.0301489,0.021599324,0.046929274,0.35621676,0.04662371,0.00053135277,0.05301902,0.052318227,0.18234909,0.27032077
sample/renders/0768 Golisopod.png,0768 Golisopod.png,renders/0768 Golisopod.png,ground,ground,0.2872285,water,0.21226822,electric,0.19599888,0.051298086,0.19599888,5.5898887e-05,0.030662509,0.00105991,0.2872285,0.00056002295,0.0026049758,0.008554363,0.21226822
sample/renders/1003 Ting-Lu.png,1003 Ting-Lu.png,renders/1003 Ting-Lu.png,ground,ground,0.355132,normal,0.23704135,flying,0.17783418,0.07652976,0.0038109715,0.0037938594,0.17783418,0.09895292,0.355132,0.23704135,0.014174758,0.13036351,0.047361687
sample/renders/0555 Darmanitan Zen.png,0555 Darmanitan Zen.png,renders/0555 Darmanitan Zen.png,water,water,0.49330866,flying,0.45903984,poison,0.15866278,0.06551393,0.001308906,0.005439577,0.45903984,0.015401274,0.021676552,0.005689313,0.15866278,0.024479091,0.49330866
sample/renders/0562 Yamask.png,0562 Yamask.png,renders/0562 Yamask.png,water,water,0.2467331,poison,0.24420477,flying,0.2193919,0.12428552,0.040520746,0.021780664,0.2193919,0.0065285033,0.15609278,0.14455205,0.24420477,0.049602903,0.2467331
sample/renders/0293 Whismur.png,0293 Whismur.png,renders/0293 Whismur.png,normal,normal,0.56911236,psychic,0.36731106,poison,0.18388909,0.09447493,0.0073430086,0.00033503343,0.018963046,0.027560089,0.045389045,0.56911236,0.18388909,0.36731106,0.018461116
sample/renders/0819 Skwovet.png,0819 Skwovet.png,renders/0819 Skwovet.png,ground,ground,0.7034407,normal,0.23436101,bug,0.15164287,0.15164287,0.0065792496,0.0037786018,0.032717023,0.0060578207,0.7034407,0.23436101,0.009176406,0.015636805,0.014290448
sample/renders/0854 Sinistea.png,0854 Sinistea.png,renders/0854 Sinistea.png,poison,poison,0.62940645,flying,0.48874992,water,0.124320045,0.016072094,0.026864037,0.0010475363,0.48874992,0.020367568,0.03811204,0.018565113,0.62940645,0.07697836,0.124320045
sample/renders/0686 Inkay.png,0686 Inkay.png,renders/0686 Inkay.png,grass,grass,0.28793275,normal,0.23688026,water,0.17844489,0.02232832,0.0032453279,0.00042951095,0.02052127,0.28793275,0.0073660985,0.23688026,0.052346725,0.15112753,0.17844489
sample/renders/0012 Butterfree.png,0012 Butterfree.png,renders/0012 Butterfree.png,"bug,flying",bug,0.8430973,flying,0.83238244,water,0.12584387,0.8430973,0.030609457,0.00015401906,0.83238244,0.014650382,0.008352956,0.009337802,0.062099244,0.060688846,0.12584387
sample/renders/0958 Tinkatuff.png,0958 Tinkatuff.png,renders/0958 Tinkatuff.png,poison,poison,0.4443359,normal,0.18296053,bug,0.14973207,0.14973207,0.00736126,0.0003798346,0.0045580855,0.03654834,0.03341198,0.18296053,0.4443359,0.074102975,0.03353937
sample/renders/0405 Luxray.png,0405 Luxray.png,renders/0405 Luxray.png,ground,ground,0.2968037,electric,0.19833104,water,0.14687917,0.022749892,0.19833104,0.00096788607,0.1223611,0.0042291465,0.2968037,0.0023391095,0.07018038,0.0060518454,0.14687917
sample/renders/0738 Vikavolt.png,0738 Vikavolt.png,renders/0738 Vikavolt.png,water,water,0.46989116,flying,0.39209196,poison,0.13986662,0.054383487,0.076201476,0.0026009327,0.39209196,0.0029176993,0.008887979,0.0031954404,0.13986662,0.03415959,0.46989116
sample/renders/0760 Bewear.png,0760 Bewear.png,renders/0760 Bewear.png,psychic,psychic,0.29639176,normal,0.15797779,ground,0.11304001,0.050606318,0.02321862,0.0011926276,0.02025773,0.04251516,0.11304001,0.15797779,0.083207734,0.29639176,0.06505796
sample/renders/0386 Deoxys Attack.png,0386 Deoxys Attack.png,renders/0386 Deoxys Attack.png,flying,flying,0.37774923,normal,0.22296114,water,0.19054727,0.04524885,0.0068772756,0.18731028,0.37774923,0.04035013,0.018199839,0.22296114,0.027294453,0.01708531,0.19054727
sample/renders/0687 Malamar.png,0687 Malamar.png,renders/0687 Malamar.png,poison,poison,0.40123016,psychic,0.30475423,water,0.24071299,0.1330363,0.0018779617,8.0547e-05,0.13659447,0.002900115,0.050261796,0.011517247,0.40123016,0.30475423,0.24071299
sample/renders/0138 Omanyte.png,0138 Omanyte.png,renders/0138 Omanyte.png,water,water,0.92901444,normal,0.110360384,flying,0.05350145,0.0034290398,0.0052291905,0.033368524,0.05350145,0.00048047013,0.04895252,0.110360384,0.0006668119,0.0005808881,0.92901444
sample/renders/0732 Trumbeak.png,0732 Trumbeak.png,renders/0732 Trumbeak.png,water,water,0.23216815,electric,0.15077408,ground,0.14955746,0.06020987,0.15077408,0.009865088,0.12735972,0.008371341,0.14955746,0.05452397,0.04792978,0.024520332,0.23216815
sample/renders/0531 Audino Mega.png,0531 Audino Mega.png,renders/0531 Audino Mega.png,normal,normal,0.23006949,psychic,0.16459003,water,0.1237861,0.045357093,0.05220136,0.0002479101,0.07794236,0.03401134,0.038016964,0.23006949,0.003940822,0.16459003,0.1237861
sample/renders/0572 Minccino.png,0572 Minccino.png,renders/0572 Minccino.png,bug,bug,0.26288965,psychic,0.15877943,electric,0.11667704,0.26288965,0.11667704,0.0006666587,0.109083906,0.009995929,0.1145123,0.05830917,0.024337951,0.15877943,0.04960435
sample/renders/0634 Zweilous.png,0634 Zweilous.png,renders/0634 Zweilous.png,ground,ground,0.67208993,flying,0.09300877,poison,0.0889698,0.018801097,0.033667248,0.0006992717,0.09300877,0.00073347625,0.67208993,0.011695317,0.0889698,0.024952982,0.05732739
sample/renders/0566 Archen.png,0566 Archen.png,renders/0566 Archen.png,flying,flying,0.5948897,normal,0.38496312,water,0.2506864,0.019888947,0.0063716504,0.15629445,0.5948897,0.0034454488,0.005727201,0.38496312,0.0025156634,0.008032785,0.2506864
sample/renders/0108 Lickitung.png,0108 Lickitung.png,renders/0108 Lickitung.png,normal,normal,0.9420955,psychic,0.10211095,grass,0.051106174,0.0048005744,0.0007813429,0.00096483773,0.0040003653,0.051106174,0.0034096306,0.9420955,0.00047903328,0.10211095,0.027168471
sample/renders/0009 Blastoise Mega.png,0009 Blastoise Mega.png,renders/0009 Blastoise Mega.png,water,water,0.7585384,ground,0.21482345,flying,0.09705142,0.033029288,0.0064104367,0.0007225435,0.09705142,0.0007786147,0.21482345,0.013603444,0.013061622,0.0050746533,0.7585384
sample/renders/0461 Weavile.png,0461 Weavile.png,renders/0461 Weavile.png,poison,poison,0.66021115,grass,0.24347787,water,0.16199675,0.024883887,0.027449314,0.0016713894,0.0269226,0.24347787,0.019798577,0.022712843,0.66021115,0.06293876,0.16199675
sample/renders/0841 Flapple.png,0841 Flapple.png,renders/0841 Flapple.png,"flying,normal",flying,0.67086095,normal,0.58782214,fire,0.31173867,0.07368246,0.024489574,0.31173867,0.67086095,0.00422879,0.018752186,0.58782214,0.008909647,0.02914633,0.0038163862
sample/renders/0084 Doduo.png,0084 Doduo.png,renders/0084 Doduo.png,"flying,normal",normal,0.83728594,flying,0.6947198,bug,0.057270426,0.057270426,0.0143752545,0.028699145,0.6947198,0.007632846,0.03560601,0.83728594,0.01263577,0.013371463,0.012292551
sample/renders/0469 Yanmega.png,0469 Yanmega.png,renders/0469 Yanmega.png,flying,flying,0.5198576,normal,0.20389616,fire,0.09164312,0.08696156,0.053538274,0.09164312,0.5198576,0.047098905,0.0039570197,0.20389616,0.013194013,0.066749744,0.07231763
sample/renders/0579 Reuniclus.png,0579 Reuniclus.png,renders/0579 Reuniclus.png,grass,grass,0.72304475,poison,0.48231938,flying,0.20556837,0.19413073,0.012283988,0.00028241664,0.20556837,0.72304475,0.003166353,0.0009660531,0.48231938,0.026727244,0.06633977
sample/renders/0590 Foongus.png,0590 Foongus.png,renders/0590 Foongus.png,normal,normal,0.32936966,psychic,0.23272981,flying,0.13534461,0.123652324,0.0412944,0.01045876,0.13534461,0.05090529,0.076013714,0.32936966,0.0062705535,0.23272981,0.038335647
sample/renders/0047 Parasect.png,0047 Parasect.png,renders/0047 Parasect.png,"bug,grass",bug,0.7265101,grass,0.6856184,psychic,0.20039928,0.7265101,0.0044687698,0.0065848767,0.10309945,0.6856184,0.1260436,0.13842812,0.115226336,0.20039928,0.03982437
sample/renders/0667 Litleo.png,0667 Litleo.png,renders/0667 Litleo.png,ground,ground,0.32736918,bug,0.26741275,normal,0.25472954,0.26741275,0.029661102,0.031706095,0.14237341,0.0040997416,0.32736918,0.25472954,0.021182606,0.014150391,0.008036095
sample/renders/0731 Pikipek.png,0731 Pikipek.png,renders/0731 Pikipek.png,water,water,0.4185362,flying,0.2833079,electric,0.14357018,0.04824496,0.14357018,0.010678189,0.2833079,0.0046062116,0.015678033,0.116447724,0.023053076,0.006258202,0.4185362
sample/renders/0882 Dracovish.png,0882 Dracovish.png,renders/0882 Dracovish.png,water,water,0.6023322,psychic,0.21304925,flying,0.17630291,0.06187765,0.0144418655,0.002434961,0.17630291,0.12729284,0.0017784485,0.10068152,0.065106764,0.21304925,0.6023322
sample/renders/0711 Gourgeist.png,0711 Gourgeist.png,renders/0711 Gourgeist.png,flying,flying,0.3778083,normal,0.32072124,bug,0.20470197,0.20470197,0.04076987,0.09859153,0.3778083,0.016626256,0.17363118,0.32072124,0.041794747,0.018207576,0.028298179
sample/renders/0145 Zapdos.png,0145 Zapdos.png,renders/0145 Zapdos.png,"electric,flying",flying,0.5862093,electric,0.52144367,normal,0.4763897,0.016368255,0.52144367,0.025294486,0.5862093,0.00029346262,0.017033942,0.4763897,0.007543631,0.011581592,0.005729157
sample/renders/0956 Espathra.png,0956 Espathra.png,renders/0956 Espathra.png,electric,electric,0.310153,normal,0.27933225,flying,0.2736602,0.04065215,0.310153,0.020273335,0.2736602,0.00046116876,0.036154915,0.27933225,0.030478148,0.032046203,0.03401925
sample/renders/0229 Houndoom Mega.png,0229 Houndoom Mega.png,renders/0229 Houndoom Mega.png,water,water,0.2542123,flying,0.1258385,bug,0.09330429,0.09330429,0.07218709,0.0001165009,0.1258385,0.0053682956,0.0769516,0.005505575,0.019265847,0.068125874,0.2542123
sample/renders/1018 Archaludon.png,1018 Archaludon.png,renders/1018 Archaludon.png,flying,flying,0.37952602,water,0.35287315,poison,0.0659995,0.064433634,0.012111002,6.445001e-05,0.37952602,0.035294462,0.012802734,0.00030766736,0.0659995,0.012759861,0.35287315
sample/renders/0358 Chimecho.png,0358 Chimecho.png,renders/0358 Chimecho.png,psychic,psychic,0.28630584,water,0.22895512,flying,0.2077951,0.055681545,0.09871538,0.0011335884,0.2077951,0.05363674,0.07140277,0.056592118,0.072637685,0.28630584,0.22895512
sample/renders/0938 Tadbulb.png,0938 Tadbulb.png,renders/0938 Tadbulb.png,psychic,psychic,0.87345254,flying,0.13005172,bug,0.07927554,0.07927554,0.047860492,0.003255465,0.13005172,0.01246265,0.065815486,0.03789111,0.031400453,0.87345254,0.022547077
sample/renders/0277 Swellow.png,0277 Swellow.png,renders/0277 Swellow.png,"flying,poison",flying,0.81368035,poison,0.73703694,grass,0.4239753,0.011570133,0.015722034,0.009870502,0.81368035,0.4239753,0.015229524,0.017621957,0.73703694,0.013002401,0.029422026
sample/renders/0635 Hydreigon.png,0635 Hydreigon.png,renders/0635 Hydreigon.png,"flying,poison",flying,0.6818479,poison,0.6510283,bug,0.11420152,0.11420152,0.008309314,0.00084929296,0.6818479,0.0067802737,0.056609593,0.00908351,0.6510283,0.018911444,0.040876757
sample/renders/0558 Crustle.png,0558 Crustle.png,renders/0558 Crustle.png,ground,ground,0.40247172,normal,0.3042366,bug,0.124641374,0.124641374,0.019992238,0.070893124,0.08470913,0.0020118419,0.40247172,0.3042366,0.010444819,0.0131156035,0.011501523
sample/renders/0412 Burmy Sandy.png,0412 Burmy Sandy.png,renders/0412 Burmy Sandy.png,ground,ground,0.4991626,normal,0.4178073,flying,0.05203207,0.0047365604,0.014686656,0.01919583,0.05203207,0.0013447794,0.4991626,0.4178073,0.0007362996,0.0065198056,0.038380887
sample/renders/0817 Drizzile.png,0817 Drizzile.png,renders/0817 Drizzile.png,flying,flying,0.49425656,poison,0.36707076,water,0.3575729,0.006710834,0.012285489,0.00058485894,0.49425656,0.028233005,0.062164884,0.002094089,0.36707076,0.006491347,0.3575729
sample/renders/0675 Pangoro.png,0675 Pangoro.png,renders/0675 Pangoro.png,ground,ground,0.87223023,water,0.113763526,electric,0.0691878,0.0036038174,0.0691878,0.00036888837,0.009962139,0.0004803604,0.87223023,0.0017639663,0.031798553,0.015936732,0.113763526
sample/renders/1014 Okidogi.png,1014 Okidogi.png,renders/1014 Okidogi.png,bug,bug,0.43084,flying,0.41758153,poison,0.3327369,0.43084,0.00794069,0.00022079445,0.41758153,0.033825465,0.004185779,0.006568695,0.3327369,0.09741794,0.014688844
sample/renders/0479 Rotom Phone.png,0479 Rotom Phone.png,renders/0479 Rotom Phone.png,fire,fire,0.75589716,water,0.16352265,flying,0.06369185,0.043372106,0.022416916,0.75589716,0.06369185,0.022048345,0.0055062613,0.021757469,0.003182677,0.0047515994,0.16352265
sample/renders/0422 Shellos.png,0422 Shellos.png,renders/0422 Shellos.png,normal,normal,0.48716116,flying,0.41180348,water,0.3295005,0.047224287,0.002473324,0.001568516,0.41180348,0.045054592,0.0033163032,0.48716116,0.13100824,0.2984356,0.3295005
sample/renders/0412 Burmy Trash.png,0412 Burmy Trash.png,renders/0412 Burmy Trash.png,"psychic,water",psychic,0.7329515,water,0.5080781,normal,0.20735176,0.033060383,0.0039115227,0.00254794,0.044047374,0.06496701,0.027091347,0.20735176,0.043503806,0.7329515,0.5080781
sample/renders/0516 Simipour.png,0516 Simipour.png,renders/0516 Simipour.png,flying,flying,0.6316239,water,0.4366021,poison,0.09170813,0.03151452,0.030887183,0.009151756,0.6316239,0.0014545468,0.008253244,0.06606637,0.09170813,0.014674041,0.4366021
sample/renders/0515 Panpour.png,0515 Panpour.png,renders/0515 Panpour.png,water,water,0.6045459,flying,0.36202565,ground,0.069374554,0.014029972,0.0073148524,0.0024362241,0.36202565,0.0016896055,0.069374554,0.061193544,0.057128627,0.01614419,0.6045459
sample/renders/0353 Shuppet.png,0353 Shuppet.png,renders/0353 Shuppet.png,poison,poison,0.28706086,ground,0.25759205,water,0.22193094,0.017624382,0.011385561,0.00087960373,0.07429997,0.21491621,0.25759205,0.00017713654,0.28706086,0.0031840391,0.22193094
sample/renders/0984 Great Tusk.png,0984 Great Tusk.png,renders/0984 Great Tusk.png,poison,poison,0.39039525,water,0.17494968,flying,0.16460004,0.08436342,0.007694066,0.0013887108,0.16460004,0.09973592,0.041399762,0.09018836,0.39039525,0.08389295,0.17494968
sample/renders/0156 Quilava.png,0156 Quilava.png,renders/0156 Quilava.png,"fire,flying",fire,0.58106595,flying,0.5131319,normal,0.30168062,0.0068533756,0.008927551,0.58106595,0.5131319,0.0014926353,0.0620979,0.30168062,0.003089696,0.0014560526,0.024712374
sample/renders/0964 Palafin Hero.png,0964 Palafin Hero.png,renders/0964 Palafin Hero.png,flying,flying,0.8075725,poison,0.30732822,water,0.17244337,0.081575826,0.0009438571,0.0001707553,0.8075725,0.04904861,0.0065629315,0.006500137,0.30732822,0.03952169,0.17244337
sample/renders/0887 Dragapult.png,0887 Dragapult.png,renders/0887 Dragapult.png,water,water,0.63460094,flying,0.23089293,poison,0.19603741,0.020388762,0.013106133,0.005135082,0.23089293,0.020421378,0.005345757,0.12222345,0.19603741,0.026662897,0.63460094
sample/renders/0670 Floette.png,0670 Floette.png,renders/0670 Floette.png,flying,flying,0.30045018,water,0.24183267,bug,0.18100268,0.18100268,0.06371864,0.008378898,0.30045018,0.1641996,0.0055578453,0.07946952,0.121887,0.1319424,0.24183267
sample/renders/0143 Snorlax.png,0143 Snorlax.png,renders/0143 Snorlax.png,water,water,0.3961615,normal,0.3444312,ground,0.07677816,0.0014410752,0.008959926,0.0016267467,0.02544214,0.03813563,0.07677816,0.3444312,0.0029494036,0.056175597,0.3961615
sample/renders/0906 Sprigatito.png,0906 Sprigatito.png,renders/0906 Sprigatito.png,"bug,flying",bug,0.9523682,flying,0.68938494,psychic,0.15598837,0.9523682,0.001080398,9.4804825e-05,0.68938494,0.04585381,0.0006689171,0.010223306,0.013844117,0.15598837,0.015811794
sample/renders/0429 Mismagius.png,0429 Mismagius.png,renders/0429 Mismagius.png,poison,poison,0.8504629,ground,0.06433491,water,0.058772005,0.017645115,5.859031e-05,8.391756e-05,0.0128664775,0.00018334645,0.06433491,0.046137262,0.8504629,0.031236636,0.058772005
sample/renders/0559 Scraggy.png,0559 Scraggy.png,renders/0559 Scraggy.png,flying,flying,0.24684349,normal,0.17361826,fire,0.17309126,0.018201223,0.11655776,0.17309126,0.24684349,0.0065205046,0.12582187,0.17361826,0.030656839,0.054195616,0.080396764
sample/renders/0553 Krookodile.png,0553 Krookodile.png,renders/0553 Krookodile.png,poison,poison,0.39456445,normal,0.18601815,psychic,0.13240236,0.044256058,0.01438131,0.007417973,0.07164137,0.08950398,0.10056814,0.18601815,0.39456445,0.13240236,0.10230353
sample/renders/0403 Shinx.png,0403 Shinx.png,renders/0403 Shinx.png,water,water,0.62714887,flying,0.1881407,poison,0.10901981,0.007938471,0.013589293,0.0006609776,0.1881407,0.014466169,0.021316446,0.00038875727,0.10901981,0.008220483,0.62714887
sample/renders/0305 Lairon.png,0305 Lairon.png,renders/0305 Lairon.png,ground,ground,0.43971738,electric,0.33541182,bug,0.15192871,0.15192871,0.33541182,0.00026526646,0.0733601,0.0013199744,0.43971738,0.0023690695,0.0068482654,0.013061672,0.046771836
sample/renders/0948 Toedscool.png,0948 Toedscool.png,renders/0948 Toedscool.png,normal,normal,0.3507602,flying,0.2323279,bug,0.17253171,0.17253171,0.01115187,0.011274492,0.2323279,0.046802927,0.042186834,0.3507602,0.018858183,0.12886995,0.047866102
sample/renders/0204 Pineco.png,0204 Pineco.png,renders/0204 Pineco.png,poison,poison,0.35498625,flying,0.21989697,ground,0.14773302,0.0093177175,0.021985492,0.0003207107,0.21989697,0.110560276,0.14773302,0.00021306299,0.35498625,0.0065558623,0.100659706
sample/renders/0186 Politoed.png,0186 Politoed.png,renders/0186 Politoed.png,bug,bug,0.96778893,flying,0.23705563,psychic,0.059878185,0.96778893,0.0021735234,0.0005693816,0.23705563,0.030035263,0.004871717,0.0060083745,0.0153210815,0.059878185,0.0075355885
sample/renders/0998 Baxcalibur.png,0998 Baxcalibur.png,renders/0998 Baxcalibur.png,water,water,0.50175583,ground,0.13055663,flying,0.116511784,0.006296248,0.026613971,0.00010368947,0.116511784,0.01488991,0.13055663,0.00021160048,0.07674918,0.0016676631,0.50175583
sample/renders/0698 Amaura.png,0698 Amaura.png,renders/0698 Amaura.png,water,water,0.6349784,flying,0.1075438,poison,0.10722333,0.0052526533,0.005237104,0.0003941279,0.1075438,0.013710321,0.10467285,0.0013820244,0.10722333,0.00277678,0.6349784
sample/renders/0945 Grafaiai.png,0945 Grafaiai.png,renders/0945 Grafaiai.png,flying,flying,0.45532662,water,0.22103155,poison,0.09979621,0.042855293,0.030579718,0.00030138312,0.45532662,0.007032277,0.030956853,0.00074800785,0.09979621,0.033434317,0.22103155
sample/renders/0811 Thwackey.png,0811 Thwackey.png,renders/0811 Thwackey.png,flying,flying,0.26197413,fire,0.22393276,bug,0.16194987,0.16194987,0.06132873,0.22393276,0.26197413,0.015110867,0.030183768,0.13519834,0.053423762,0.06182824,0.05956828
sample/renders/0613 Cubchoo.png,0613 Cubchoo.png,renders/0613 Cubchoo.png,water,water,0.7654245,flying,0.21005616,poison,0.0852477,0.01600552,0.008917027,0.00039204108,0.21005616,0.016465489,0.012622349,0.0007719148,0.0852477,0.0034300394,0.7654245
sample/renders/0201 Unown.png,0201 Unown.png,renders/0201 Unown.png,water,water,0.60737306,flying,0.29230657,bug,0.06753841,0.06753841,0.057346724,0.00026820632,0.29230657,0.0059676575,0.010978342,0.00084354123,0.057295084,0.0041037486,0.60737306
sample/renders/0498 Tepig.png,0498 Tepig.png,renders/0498 Tepig.png,fire,fire,0.38231444,ground,0.21627837,normal,0.14459254,0.059371114,0.049604684,0.38231444,0.13494256,0.0030392185,0.21627837,0.14459254,0.022413751,0.015941452,0.054565296
sample/renders/0442 Spiritomb.png,0442 Spiritomb.png,renders/0442 Spiritomb.png,normal,normal,0.8101495,psychic,0.26166084,bug,0.13467686,0.13467686,0.0005946151,0.0015344886,0.00895509,0.11799789,0.0025773891,0.8101495,0.009024668,0.26166084,0.022485444
sample/renders/0544 Whirlipede.png,0544 Whirlipede.png,renders/0544 Whirlipede.png,poison,poison,0.25953713,ground,0.23957223,psychic,0.18861441,0.07096446,0.012497494,0.0005665585,0.039179694,0.001996402,0.23957223,0.027625997,0.25953713,0.18861441,0.13068086
sample/renders/1023 Iron Crown.png,1023 Iron Crown.png,renders/1023 Iron Crown.png,water,water,0.64526093,poison,0.3033344,flying,0.23233199,0.008843778,0.007343106,0.0006293442,0.23233199,0.06348781,0.032652434,0.0022227643,0.3033344,0.0048958855,0.64526093
sample/renders/0413 Wormadam.png,0413 Wormadam.png,renders/0413 Wormadam.png,"bug,flying",flying,0.6765081,bug,0.6648556,grass,0.17816745,0.6648556,0.0045778384,0.005213605,0.6765081,0.17816745,0.006085293,0.034754388,0.05280263,0.13776052,0.022837939
sample/renders/0330 Flygon.png,0330 Flygon.png,renders/0330 Flygon.png,"bug,flying",flying,0.75739485,bug,0.6650737,normal,0.15154235,0.6650737,0.008466587,0.006627544,0.75739485,0.09006167,0.0033443177,0.15154235,0.02247073,0.11499895,0.025429696
sample/renders/0422 Shellos East.png,0422 Shellos East.png,renders/0422 Shellos East.png,water,water,0.8988339,flying,0.27170944,poison,0.07625105,0.02797479,0.008054446,0.0018915532,0.27170944,0.0069577983,0.007967571,0.0035363685,0.07625105,0.009159205,0.8988339
sample/renders/0763 Tsareena.png,0763 Tsareena.png,renders/0763 Tsareena.png,bug,bug,0.6215068,psychic,0.4585773,flying,0.21683273,0.6215068,0.0024267132,0.00067386404,0.21683273,0.17153521,0.0085855,0.12473027,0.18672508,0.4585773,0.030635191
sample/renders/0951 Capsakid.png,0951 Capsakid.png,renders/0951 Capsakid.png,"bug,flying",bug,0.7419523,flying,0.5213546,grass,0.36258116,0.7419523,0.00078935915,3.6428482e-05,0.5213546,0.36258116,0.00040784368,0.0015606338,0.31093824,0.029848497,0.0105666
sample/renders/0359 Absol.png,0359 Absol.png,renders/0359 Absol.png,water,water,0.45068884,electric,0.14770342,flying,0.08074369,0.040547185,0.14770342,0.00017580739,0.08074369,0.00432069,0.038881827,0.0030517173,0.026287792,0.04190516,0.45068884
sample/renders/0015 Beedrill.png,0015 Beedrill.png,renders/0015 Beedrill.png,bug,bug,0.45040482,water,0.25886565,poison,0.20861083,0.45040482,0.06283524,0.0013368946,0.071266815,0.0013993463,0.050311737,0.021715967,0.20861083,0.1439795,0.25886565
sample/renders/0927 Dachsbun.png,0927 Dachsbun.png,renders/0927 Dachsbun.png,fire,fire,0.7105712,flying,0.20698449,normal,0.15130349,0.03050925,0.005593475,0.7105712,0.20698449,0.008197537,0.040968545,0.15130349,0.008586299,0.00069080346,0.013639336
sample/renders/0666 Vivillon Meadow.png,0666 Vivillon Meadow.png,renders/0666 Vivillon Meadow.png,normal,normal,0.46717268,water,0.26969895,psychic,0.2411982,0.009717063,0.0066707293,0.003719609,0.015236891,0.010578972,0.0019549364,0.46717268,0.19775951,0.2411982,0.26969895
sample/renders/0239 Elekid.png,0239 Elekid.png,renders/0239 Elekid.png,electric,electric,0.33000588,ground,0.17499666,flying,0.16103567,0.043409366,0.33000588,0.019597642,0.16103567,0.00049000676,0.17499666,0.0594134,0.019223895,0.117145926,0.016509948
sample/renders/0383 Groudon Primal.png,0383 Groudon Primal.png,renders/0383 Groudon Primal.png,flying,flying,0.44191152,normal,0.32527903,water,0.23542921,0.04197516,0.008397166,0.080116846,0.44191152,0.036450386,0.0048899436,0.32527903,0.024956027,0.16917291,0.23542921
sample/renders/0994 Iron Moth.png,0994 Iron Moth.png,renders/0994 Iron Moth.png,fire,fire,0.8128691,flying,0.25872025,water,0.056209337,0.0073831566,0.0024541973,0.8128691,0.25872025,0.0047572637,0.0029916633,0.028025951,0.011033865,0.00017369314,0.056209337
sample/renders/0274 Nuzleaf.png,0274 Nuzleaf.png,renders/0274 Nuzleaf.png,normal,normal,0.6056193,flying,0.16379057,psychic,0.14554954,0.12250832,0.000993616,0.0024703485,0.16379057,0.09934705,0.124501854,0.6056193,0.0015123981,0.14554954,0.01699443
sample/renders/0879 Copperajah.png,0879 Copperajah.png,renders/0879 Copperajah.png,flying,flying,0.5058187,water,0.3404849,fire,0.3084182,0.015939834,0.012396742,0.3084182,0.5058187,0.04576212,0.001469969,0.104048066,0.036805328,0.0133395055,0.3404849
sample/renders/0215 Sneasel Hisui.png,0215 Sneasel Hisui.png,renders/0215 Sneasel Hisui.png,psychic,psychic,0.28441614,flying,0.23178604,water,0.18209393,0.09909956,0.06788542,0.00059797446,0.23178604,0.0035210554,0.12685747,0.010773826,0.11351505,0.28441614,0.18209393
sample/renders/0260 Swampert.png,0260 Swampert.png,renders/0260 Swampert.png,water,water,0.6198495,flying,0.15915647,poison,0.10385234,0.016522195,0.011536158,0.0009846161,0.15915647,0.016757812,0.055787615,0.00054796704,0.10385234,0.003678633,0.6198495
sample/renders/0428 Lopunny.png,0428 Lopunny.png,renders/0428 Lopunny.png,normal,normal,0.60394764,fire,0.21375763,flying,0.19366258,0.0035064027,0.0060004178,0.21375763,0.19366258,0.00043508413,0.08574384,0.60394764,0.00028985532,0.0008241503,0.009016797
sample/renders/0728 Popplio.png,0728 Popplio.png,renders/0728 Popplio.png,flying,flying,0.39930996,poison,0.31754026,water,0.1926201,0.012492304,0.00400832,0.00052546343,0.39930996,0.1339629,0.102890454,0.0003167387,0.31754026,0.005788026,0.1926201
sample/renders/0413 Wormadam Plant.png,0413 Wormadam Plant.png,renders/0413 Wormadam Plant.png,"bug,flying",bug,0.9058566,flying,0.5918044,grass,0.053156145,0.9058566,0.003366148,0.00010593973,0.5918044,0.053156145,0.0035593165,0.0020579996,0.020666873,0.045801837,0.031491976
sample/renders/0285 Shroomish.png,0285 Shroomish.png,renders/0285 Shroomish.png,normal,normal,0.5638303,water,0.20041338,ground,0.053528365,0.0007137218,0.0026687402,0.02400345,0.0336789,0.0020424803,0.053528365,0.5638303,5.6419492e-05,0.0019737205,0.20041338
sample/renders/0351 Castform Snowy.png,0351 Castform Snowy.png,renders/0351 Castform Snowy.png,bug,bug,0.64630157,flying,0.47072265,water,0.13329126,0.64630157,0.009167042,3.4351935e-05,0.47072265,0.007743528,0.083819315,0.00041388586,0.08864476,0.0049765524,0.13329126
sample/renders/0465 Tangrowth.png,0465 Tangrowth.png,renders/0465 Tangrowth.png,poison,poison,0.3914572,grass,0.19511844,flying,0.14157496,0.008443811,0.008523458,0.00048524325,0.14157496,0.19511844,0.11466973,0.0006952611,0.3914572,0.0038718397,0.13345233
sample/renders/0306 Aggron.png,0306 Aggron.png,renders/0306 Aggron.png,ground,ground,0.8541372,electric,0.06745525,water,0.060707014,0.026053132,0.06745525,0.00013784185,0.024074169,0.00031462233,0.8541372,0.0013109371,0.006918599,0.0050556385,0.060707014
sample/renders/0391 Monferno.png,0391 Monferno.png,renders/0391 Monferno.png,flying,flying,0.59856963,fire,0.4471903,normal,0.36489734,0.014768234,0.020282594,0.4471903,0.59856963,0.000921194,0.006377307,0.36489734,0.0052350704,0.0024012297,0.010901403
sample/renders/0571 Zoroark Hisui.png,0571 Zoroark Hisui.png,renders/0571 Zoroark Hisui.png,psychic,psychic,0.5672135,water,0.26345304,normal,0.2298086,0.1130385,0.05360979,0.012346042,0.1644284,0.050730247,0.009780684,0.2298086,0.04421213,0.5672135,0.26345304
sample/renders/0377 Regirock.png,0377 Regirock.png,renders/0377 Regirock.png,psychic,psychic,0.4084056,normal,0.15609108,bug,0.1457055,0.1457055,0.012888172,0.006726114,0.104947284,0.14196137,0.110545985,0.15609108,0.060302548,0.4084056,0.09876369
sample/renders/0045 Vileplume.png,0045 Vileplume.png,renders/0045 Vileplume.png,"grass,poison",grass,0.9561379,poison,0.6725712,normal,0.20276047,0.003195349,0.011043708,0.0021070195,0.0010594882,0.9561379,0.008151376,0.20276047,0.6725712,0.03104642,0.015085389
sample/renders/0741 Oricorio.png,0741 Oricorio.png,renders/0741 Oricorio.png,fire,fire,0.6582774,grass,0.10058268,flying,0.067203775,0.042818103,0.01434677,0.6582774,0.067203775,0.10058268,0.0058642174,0.04223054,0.04958743,0.032204643,0.05056008
sample/renders/0929 Dolliv.png,0929 Dolliv.png,renders/0929 Dolliv.png,"bug,flying",bug,0.98215175,flying,0.68371785,psychic,0.05938362,0.98215175,0.0047399523,0.00081234804,0.68371785,0.009853922,0.0015764703,0.011042807,0.008087774,0.05938362,0.0093286475
sample/renders/0296 Makuhita.png,0296 Makuhita.png,renders/0296 Makuhita.png,normal,normal,0.26969463,fire,0.20815255,flying,0.1365506,0.004383154,0.12968051,0.20815255,0.1365506,0.00028378432,0.07242362,0.26969463,0.005015773,0.0049891416,0.062173165
sample/renders/0931 Squawkabilly.png,0931 Squawkabilly.png,renders/0931 Squawkabilly.png,"bug,flying",bug,0.8327794,flying,0.64979005,poison,0.110430956,0.8327794,0.013513975,0.00051363505,0.64979005,0.015305097,0.008614043,0.016937565,0.110430956,0.08209764,0.024193468
sample/renders/0118 Goldeen.png,0118 Goldeen.png,renders/0118 Goldeen.png,psychic,psychic,0.5679685,water,0.35578695,flying,0.19172315,0.122999735,0.055251878,0.002283377,0.19172315,0.044035934,0.022419883,0.18689567,0.03800667,0.5679685,0.35578695
sample/renders/0006 Charizard.png,0006 Charizard.png,renders/0006 Charizard.png,"fire,flying",fire,0.7906023,flying,0.5257543,normal,0.15870428,0.0010970131,0.0021094503,0.7906023,0.5257543,0.0005418744,0.012558294,0.15870428,0.00023714367,0.00025515258,0.026118599
sample/renders/0751 Dewpider.png,0751 Dewpider.png,renders/0751 Dewpider.png,water,water,0.303604,poison,0.28279707,flying,0.23553532,0.13834645,0.032034807,0.0007526158,0.23553532,0.12713121,0.021430483,0.0025460843,0.28279707,0.06443724,0.303604
sample/renders/0749 Mudbray.png,0749 Mudbray.png,renders/0749 Mudbray.png,normal,normal,0.6241556,flying,0.24767296,ground,0.1410956,0.12228415,0.00116736,0.018132232,0.24767296,0.042352945,0.1410956,0.6241556,0.0067438562,0.042395398,0.012737199
sample/renders/0689 Barbaracle.png,0689 Barbaracle.png,renders/0689 Barbaracle.png,flying,flying,0.2908729,water,0.26235542,bug,0.2174072,0.2174072,0.023320237,0.00682994,0.2908729,0.14028884,0.022704473,0.13330129,0.066250786,0.07191707,0.26235542
sample/renders/0025 Pikachu PhD.png,0025 Pikachu PhD.png,renders/0025 Pikachu PhD.png,electric,electric,0.28606296,normal,0.24207665,flying,0.21136428,0.044119146,0.28606296,0.008182442,0.21136428,0.0006100278,0.105986014,0.24207665,0.012556843,0.07387432,0.03016449
sample/renders/1016 Fezandipiti.png,1016 Fezandipiti.png,renders/1016 Fezandipiti.png,poison,poison,0.5853903,bug,0.3926558,psychic,0.16432239,0.3926558,0.004702341,0.00354462,0.081206255,0.0722445,0.012890938,0.06849889,0.5853903,0.16432239,0.04354168
sample/renders/0016 Pidgey.png,0016 Pidgey.png,renders/0016 Pidgey.png,"flying,normal",normal,0.8689925,flying,0.6952029,ground,0.12006591,0.02334212,0.020377545,0.020806255,0.6952029,0.0011018772,0.12006591,0.8689925,0.006357514,0.0018448674,0.0063370266
sample/renders/0026 Raichu Alola.png,0026 Raichu Alola.png,renders/0026 Raichu Alola.png,normal,normal,0.5406805,flying,0.20658496,electric,0.12517823,0.012321756,0.12517823,0.023671638,0.20658496,0.002074979,0.09813521,0.5406805,0.0098528555,0.01376081,0.014977593
sample/renders/0077 Ponyta.png,0077 Ponyta.png,renders/0077 Ponyta.png,fire,fire,0.9675109,flying,0.18858798,normal,0.0744684,0.0003279999,0.005617766,0.9675109,0.18858798,0.00028543192,0.0021139088,0.0744684,0.0003194486,0.00015783458,0.018152876
sample/renders/0263 Zigzagoon.png,0263 Zigzagoon.png,renders/0263 Zigzagoon.png,normal,normal,0.6569306,ground,0.207568,flying,0.19135031,0.045323495,0.0026675423,0.0059281033,0.19135031,0.006509103,0.207568,0.6569306,0.00033696013,0.0034437987,0.011025606
sample/renders/0466 Electivire.png,0466 Electivire.png,renders/0466 Electivire.png,electric,electric,0.35168162,normal,0.20894428,ground,0.17106368,0.05177011,0.35168162,0.03178715,0.08538238,0.0003001999,0.17106368,0.20894428,0.0077732755,0.046403013,0.010532529
sample/renders/0772 Type Null.png,0772 Type Null.png,renders/0772 Type Null.png,ground,ground,0.45828563,water,0.18468389,normal,0.109747894,0.08640254,0.013196455,0.0016827465,0.075824514,0.0038162558,0.45828563,0.109747894,0.016433265,0.040674977,0.18468389
sample/renders/0594 Alomomola.png,0594 Alomomola.png,renders/0594 Alomomola.png,normal,normal,0.878309,psychic,0.35785323,water,0.102283895,0.0022206153,0.0010553534,0.0004516081,0.0042080763,0.01599152,0.0036624973,0.878309,0.0036151821,0.35785323,0.102283895
sample/renders/0479 Rotom Pokédex.png,0479 Rotom Pokédex.png,renders/0479 Rotom Pokédex.png,fire,fire,0.49484473,grass,0.19380935,water,0.120173916,0.019778008,0.008566433,0.49484473,0.08173745,0.19380935,0.0012556271,0.08551826,0.035321087,0.00675102,0.120173916
sample/renders/0646 Kyurem.png,0646 Kyurem.png,renders/0646 Kyurem.png,ground,ground,0.30084085,electric,0.2617193,water,0.20375581,0.023638293,0.2617193,0.000138374,0.0809625,0.0016135493,0.30084085,0.00053848873,0.009760951,0.0030059759,0.20375581
sample/renders/0818 Inteleon.png,0818 Inteleon.png,renders/0818 Inteleon.png,water,water,0.5931663,flying,0.2776909,poison,0.23979828,0.046670206,0.01899037,0.0007071083,0.2776909,0.11164529,0.011498161,0.0020819812,0.23979828,0.04265681,0.5931663
sample/renders/1006 Iron Valiant.png,1006 Iron Valiant.png,renders/1006 Iron Valiant.png,flying,flying,0.43823132,grass,0.36349472,psychic,0.27503547,0.19849116,0.029824434,0.0012546462,0.43823132,0.36349472,0.004450396,0.0569417,0.24132402,0.27503547,0.21719562
sample/renders/0739 Crabrawler.png,0739 Crabrawler.png,renders/0739 Crabrawler.png,psychic,psychic,0.5251323,water,0.29309684,flying,0.19421823,0.17625251,0.016817171,0.0015352053,0.19421823,0.0061710807,0.040652502,0.05440952,0.17901394,0.5251323,0.29309684
sample/renders/0484 Palkia Origin.png,0484 Palkia Origin.png,renders/0484 Palkia Origin.png,poison,poison,0.29825845,psychic,0.26953116,bug,0.23061985,0.23061985,0.0009060669,3.795001e-05,0.15248084,0.0034877383,0.06732403,0.03157289,0.29825845,0.26953116,0.07377231
sample/renders/1002 Chien-Pao.png,1002 Chien-Pao.png,renders/1002 Chien-Pao.png,water,water,0.6483649,electric,0.22575639,flying,0.21985702,0.039589245,0.22575639,0.0003338012,0.21985702,0.0021362256,0.026469847,0.0019009174,0.023854317,0.0060282517,0.6483649
sample/renders/0423 Gastrodon West.png,0423 Gastrodon West.png,renders/0423 Gastrodon West.png,normal,normal,0.45806453,psychic,0.31644395,flying,0.104014054,0.088681005,0.0021999588,0.0028733236,0.104014054,0.064961955,0.06286686,0.45806453,0.07166805,0.31644395,0.08084689
sample/renders/0035 Clefairy.png,0035 Clefairy.png,renders/0035 Clefairy.png,normal,normal,0.9822981,psychic,0.08466818,grass,0.044697642,0.0010897828,0.0006051822,3.683152e-05,0.00045605534,0.044697642,0.0008004408,0.9822981,0.00017609108,0.08466818,0.009110132
sample/renders/0720 Hoopa.png,0720 Hoopa.png,renders/0720 Hoopa.png,poison,poison,0.5307293,psychic,0.41374725,bug,0.33868396,0.33868396,0.020194413,0.0010489273,0.24082078,0.11545895,0.0061573884,0.06517948,0.5307293,0.41374725,0.10557668
sample/renders/0501 Oshawott.png,0501 Oshawott.png,renders/0501 Oshawott.png,water,water,0.8744507,flying,0.27284208,bug,0.04496716,0.04496716,0.022946084,0.0007614363,0.27284208,0.000435841,0.020928903,0.008242677,0.024636546,0.003922717,0.8744507
sample/renders/0756 Shiinotic.png,0756 Shiinotic.png,renders/0756 Shiinotic.png,normal,normal,0.77889425,flying,0.2297913,psychic,0.22402948,0.03130216,0.0023148402,0.00059097994,0.2297913,0.012290216,0.0013774274,0.77889425,0.019570827,0.22402948,0.03653557
sample/renders/0231 Phanpy.png,0231 Phanpy.png,renders/0231 Phanpy.png,water,water,0.2908757,poison,0.27208504,flying,0.16660635,0.017713144,0.00462118,0.0067001916,0.16660635,0.081573166,0.0076865964,0.0057282043,0.27208504,0.010722484,0.2908757
sample/renders/0124 Jynx.png,0124 Jynx.png,renders/0124 Jynx.png,psychic,psychic,0.8998381,water,0.12793462,normal,0.10098778,0.010430674,0.011599202,0.030959377,0.044993874,0.010008507,0.029736657,0.10098778,0.0048352773,0.8998381,0.12793462
sample/renders/0411 Bastiodon.png,0411 Bastiodon.png,renders/0411 Bastiodon.png,ground,ground,0.836754,electric,0.05601657,bug,0.05166512,0.05166512,0.05601657,0.00090759725,0.009031122,0.00029820116,0.836754,0.017232427,0.007449054,0.032503802,0.04420123
sample/renders/0841 Flapple Gigantamax.png,0841 Flapple Gigantamax.png,renders/0841 Flapple Gigantamax.png,bug,bug,0.3187086,fire,0.2789688,normal,0.22363584,0.3187086,0.003517161,0.2789688,0.14776368,0.1245005,0.07563595,0.22363584,0.019862711,0.11385136,0.17051712
sample/renders/0077 Ponyta Galar.png,0077 Ponyta Galar.png,renders/0077 Ponyta Galar.png,flying,flying,0.44171765,bug,0.25729448,psychic,0.22931798,0.25729448,0.012967199,0.0003721336,0.44171765,0.0036123986,0.022999221,0.10033657,0.16878542,0.22931798,0.12129006
sample/renders/0013 Weedle.png,0013 Weedle.png,renders/0013 Weedle.png,normal,normal,0.4321014,bug,0.3388925,poison,0.1840248,0.3388925,0.03025494,0.015861833,0.15553072,0.014966623,0.13983268,0.4321014,0.1840248,0.07206899,0.027694438
sample/renders/1017 Ogerpon Teal Mask.png,1017 Ogerpon Teal Mask.png,renders/1017 Ogerpon Teal Mask.png,bug,bug,0.5810373,flying,0.26919633,grass,0.21957546,0.5810373,0.0018069524,0.00010623441,0.26919633,0.21957546,0.0012844317,0.0015992376,0.18605207,0.15127523,0.022541607
sample/renders/0858 Hatterene.png,0858 Hatterene.png,renders/0858 Hatterene.png,psychic,psychic,0.386723,water,0.37593797,flying,0.14912559,0.0737062,0.004294781,0.00015690512,0.14912559,0.024240166,0.03633517,0.03547133,0.1264021,0.386723,0.37593797
sample/renders/0669 Flabébé.png,0669 Flabébé.png,renders/0669 Flabébé.png,psychic,psychic,0.48768258,water,0.16196187,normal,0.12270084,0.11485182,0.022079378,0.05903199,0.09680272,0.119676225,0.023321291,0.12270084,0.034272272,0.48768258,0.16196187
sample/renders/0129 Magikarp.png,0129 Magikarp.png,renders/0129 Magikarp.png,water,water,0.43475172,fire,0.2619248,flying,0.12143758,0.09529047,0.009468474,0.2619248,0.12143758,0.028647652,0.038137637,0.06966812,0.0069550117,0.020302,0.43475172
sample/renders/0541 Swadloon.png,0541 Swadloon.png,renders/0541 Swadloon.png,bug,bug,0.9854945,flying,0.11074372,poison,0.068269946,0.9854945,0.0024513926,0.00029219594,0.11074372,0.016683,0.006855914,0.0013958266,0.068269946,0.019649293,0.0032996328
sample/renders/0018 Pidgeot.png,0018 Pidgeot.png,renders/0018 Pidgeot.png,"flying,normal",normal,0.81832296,flying,0.5915848,fire,0.21196854,0.0067672576,0.0138191795,0.21196854,0.5915848,0.0004956375,0.014661284,0.81832296,0.001112142,0.0021495924,0.0027569036
sample/renders/0302 Sableye Mega.png,0302 Sableye Mega.png,renders/0302 Sableye Mega.png,poison,poison,0.8375847,grass,0.46552697,bug,0.13967393,0.13967393,0.022690507,0.0037206674,0.007190898,0.46552697,0.00792637,0.051321518,0.8375847,0.010770465,0.019383583
sample/renders/0527 Woobat.png,0527 Woobat.png,renders/0527 Woobat.png,flying,flying,0.4759699,water,0.33044475,bug,0.2583794,0.2583794,0.18724222,0.0008071889,0.4759699,0.0046493113,0.026870886,0.0038017596,0.04725836,0.011766138,0.33044475
sample/renders/0532 Timburr.png,0532 Timburr.png,renders/0532 Timburr.png,normal,normal,0.29499224,ground,0.22287677,flying,0.14890158,0.11624522,0.0050565824,0.00995588,0.14890158,0.016574591,0.22287677,0.29499224,0.0034660576,0.11279235,0.037062407
sample/renders/0861 Grimmsnarl.png,0861 Grimmsnarl.png,renders/0861 Grimmsnarl.png,poison,poison,0.5218761,flying,0.31654516,water,0.11492928,0.018137714,0.0057218303,0.00024643578,0.31654516,0.10936279,0.07936811,0.0002958124,0.5218761,0.0046565686,0.11492928
sample/renders/0770 Palossand.png,0770 Palossand.png,renders/0770 Palossand.png,ground,ground,0.31091514,normal,0.25526732,fire,0.23624624,0.024309818,0.010307831,0.23624624,0.23118068,0.0052087894,0.31091514,0.25526732,0.0030433042,0.0006375472,0.016528262
sample/renders/0930 Arboliva.png,0930 Arboliva.png,renders/0930 Arboliva.png,"bug,flying,psychic",bug,0.78268206,flying,0.57074505,psychic,0.50452787,0.78268206,0.004593567,0.0015760448,0.57074505,0.120457046,0.008380462,0.038972776,0.060151353,0.50452787,0.012420826
sample/renders/0058 Growlithe.png,0058 Growlithe.png,renders/0058 Growlithe.png,normal,normal,0.59712183,fire,0.20256206,flying,0.16397832,0.0033500935,0.0032078605,0.20256206,0.16397832,0.0017967524,0.06243284,0.59712183,0.00023959504,0.0013609651,0.007888054
sample/renders/0746 Wishiwashi School.png,0746 Wishiwashi School.png,renders/0746 Wishiwashi School.png,flying,flying,0.70969135,poison,0.319385,water,0.22707021,0.023079239,0.012234438,0.002264263,0.70969135,0.15672718,0.06487448,0.006336746,0.319385,0.01447163,0.22707021
sample/renders/0843 Silicobra.png,0843 Silicobra.png,renders/0843 Silicobra.png,ground,ground,0.37143254,bug,0.34130934,flying,0.28442243,0.34130934,0.011030243,0.017563244,0.28442243,0.06530064,0.37143254,0.12979937,0.019433007,0.19011632,0.008940844
sample/renders/1025 Pecharunt.png,1025 Pecharunt.png,renders/1025 Pecharunt.png,poison,poison,0.80355865,bug,0.22561456,flying,0.15820663,0.22561456,0.0017206089,0.00020139704,0.15820663,0.014999531,0.00955878,0.116883576,0.80355865,0.014771938,0.0138835125
sample/renders/0614 Beartic.png,0614 Beartic.png,renders/0614 Beartic.png,water,water,0.40248483,electric,0.19498472,flying,0.11396336,0.033578094,0.19498472,0.0003773831,0.11396336,0.0022315888,0.043757763,0.005692845,0.022210991,0.043444134,0.40248483
sample/renders/0001 Bulbasaur.png,0001 Bulbasaur.png,renders/0001 Bulbasaur.png,"grass,poison",poison,0.9787585,grass,0.9713218,bug,0.026704943,0.026704943,0.0023499588,2.4102084e-05,0.011921443,0.9713218,0.0056838277,0.00040987745,0.9787585,0.0023169175,0.023007851
sample/renders/0039 Jigglypuff.png,0039 Jigglypuff.png,renders/0039 Jigglypuff.png,normal,normal,0.9779735,psychic,0.107061476,grass,0.024088092,0.000839785,0.00062608195,3.5943987e-05,0.0007690389,0.024088092,0.00076706085,0.9779735,0.00065393484,0.107061476,0.015928233
sample/renders/0869 Alcremie Gigantamax.png,0869 Alcremie Gigantamax.png,renders/0869 Alcremie Gigantamax.png,normal,normal,0.44019008,psychic,0.21842541,flying,0.124865875,0.057746463,0.0026327777,0.006505275,0.124865875,0.03770989,0.081358805,0.44019008,0.017169094,0.21842541,0.07525024
sample/renders/0089 Muk Alola.png,0089 Muk Alola.png,renders/0089 Muk Alola.png,poison,poison,0.46910566,psychic,0.43547842,bug,0.36330485,0.36330485,0.033444423,0.003955704,0.18099445,0.04472415,0.004078481,0.023832433,0.46910566,0.43547842,0.07887818
sample/renders/0721 Volcanion.png,0721 Volcanion.png,renders/0721 Volcanion.png,fire,fire,0.7470508,bug,0.22366978,flying,0.18414608,0.22366978,0.006226977,0.7470508,0.18414608,0.11587328,0.035487395,0.09267724,0.038116865,0.06306929,0.08205382
sample/renders/0399 Bidoof.png,0399 Bidoof.png,renders/0399 Bidoof.png,ground,ground,0.6585162,normal,0.43607306,flying,0.112611994,0.045897536,0.016516801,0.012811114,0.112611994,0.0017649161,0.6585162,0.43607306,0.0065850397,0.0020335084,0.017201174
sample/renders/0787 Tapu Bulu.png,0787 Tapu Bulu.png,renders/0787 Tapu Bulu.png,flying,flying,0.33140522,bug,0.17732723,water,0.1733336,0.17732723,0.046558566,0.10776414,0.33140522,0.028991088,0.008514392,0.10100956,0.067162186,0.032139983,0.1733336
sample/renders/0357 Tropius.png,0357 Tropius.png,renders/0357 Tropius.png,bug,bug,0.7564924,flying,0.46392253,grass,0.14773959,0.7564924,0.00090146565,3.6989386e-05,0.46392253,0.14773959,0.0023680383,0.011969191,0.056686457,0.10092881,0.015132747
sample/renders/0113 Chansey.png,0113 Chansey.png,renders/0113 Chansey.png,normal,normal,0.90914834,psychic,0.23153512,grass,0.04760757,0.01085978,0.004506681,0.00010864654,0.0008530627,0.04760757,0.0028866362,0.90914834,0.0023885425,0.23153512,0.022160508
sample/renders/0287 Slakoth.png,0287 Slakoth.png,renders/0287 Slakoth.png,normal,normal,0.32296515,water,0.12351443,ground,0.123137206,0.07560819,0.011695167,0.0038632867,0.10193022,0.03242384,0.123137206,0.32296515,0.0025269056,0.06262817,0.12351443
sample/renders/0748 Toxapex.png,0748 Toxapex.png,renders/0748 Toxapex.png,poison,poison,0.5550397,flying,0.2944739,ground,0.076183066,0.060101733,0.0062051965,0.00034884876,0.2944739,0.022522653,0.076183066,0.0014118118,0.5550397,0.008736344,0.06308741
sample/renders/0902 Basculegion Female.png,0902 Basculegion Female.png,renders/0902 Basculegion Female.png,water,water,0.35297883,electric,0.3511755,flying,0.16207425,0.053253006,0.3511755,0.00019695688,0.16207425,0.01114111,0.040358033,0.0014916749,0.021082493,0.008191303,0.35297883
sample/renders/0987 Flutter Mane.png,0987 Flutter Mane.png,renders/0987 Flutter Mane.png,flying,flying,0.63203406,grass,0.48661667,poison,0.35338396,0.010727228,0.009385819,0.014513977,0.63203406,0.48661667,0.003540385,0.032587353,0.35338396,0.021079686,0.049607024
sample/renders/1017 Ogerpon Hearthflame Mask.png,1017 Ogerpon Hearthflame Mask.png,renders/1017 Ogerpon Hearthflame Mask.png,fire,fire,0.2284001,bug,0.1972238,flying,0.19393417,0.1972238,0.009227157,0.2284001,0.19393417,0.10861117,0.00554607,0.019665351,0.11842774,0.006091297,0.06881593
sample/renders/0582 Vanillite.png,0582 Vanillite.png,renders/0582 Vanillite.png,water,water,0.6361713,electric,0.16457999,flying,0.100452326,0.060962457,0.16457999,0.00034626512,0.100452326,0.0011149766,0.050637744,0.0011065976,0.02137148,0.008404342,0.6361713
sample/renders/0846 Arrokuda.png,0846 Arrokuda.png,renders/0846 Arrokuda.png,flying,flying,0.27598915,normal,0.26444015,water,0.13075659,0.055017833,0.06749266,0.009122712,0.27598915,0.0057892767,0.113089494,0.26444015,0.0028394982,0.01641577,0.13075659
sample/renders/0173 Cleffa.png,0173 Cleffa.png,renders/0173 Cleffa.png,normal,normal,0.91826046,grass,0.04853552,psychic,0.03532167,0.0011031626,0.00067952275,0.001447036,0.007219548,0.04853552,0.004953893,0.91826046,8.09867e-05,0.03532167,0.008930887
sample/renders/0536 Palpitoad.png,0536 Palpitoad.png,renders/0536 Palpitoad.png,water,water,0.7431707,normal,0.20075838,ground,0.099233314,0.00058568816,0.0009403734,0.0014099937,0.0445799,0.007776298,0.099233314,0.20075838,0.0048047355,0.002112205,0.7431707
sample/renders/0556 Maractus.png,0556 Maractus.png,renders/0556 Maractus.png,bug,bug,0.95548314,flying,0.29446587,poison,0.04836235,0.95548314,0.0022308968,0.0002991528,0.29446587,0.022663457,0.00033611368,0.0021530048,0.04836235,0.0149513,0.0026269036
sample/renders/0417 Pachirisu.png,0417 Pachirisu.png,renders/0417 Pachirisu.png,water,water,0.7594167,flying,0.20937265,electric,0.06302973,0.011171274,0.06302973,0.00033469437,0.20937265,0.0020449213,0.011020296,0.0012470505,0.049921893,0.01327583,0.7594167
sample/renders/0314 Illumise.png,0314 Illumise.png,renders/0314 Illumise.png,flying,flying,0.62236834,poison,0.41417158,water,0.22132216,0.031886473,0.0038915863,0.00023037865,0.62236834,0.0023558193,0.09349318,0.008700748,0.41417158,0.047397703,0.22132216
sample/renders/0915 Lechonk.png,0915 Lechonk.png,renders/0915 Lechonk.png,water,water,0.3608642,ground,0.18745653,psychic,0.0852048,0.04257882,0.026267292,0.006637076,0.052938994,0.03432122,0.18745653,0.07211415,0.060304433,0.0852048,0.3608642
sample/renders/0982 Dudunsparce.png,0982 Dudunsparce.png,renders/0982 Dudunsparce.png,water,water,0.35769862,flying,0.19890605,poison,0.12441371,0.08702606,0.119211055,0.05240628,0.19890605,0.031643916,0.025628947,0.068729535,0.12441371,0.057960927,0.35769862
sample/renders/0790 Cosmoem.png,0790 Cosmoem.png,renders/0790 Cosmoem.png,water,water,0.25460035,bug,0.15721329,poison,0.14521646,0.15721329,0.027763467,0.0012684567,0.110882975,0.01657021,0.09928682,0.04638084,0.14521646,0.08930295,0.25460035
sample/renders/0008 Wartortle.png,0008 Wartortle.png,renders/0008 Wartortle.png,water,water,0.93300945,flying,0.065252356,ground,0.045079924,0.005894121,0.0022477673,0.00059789955,0.065252356,0.00281336,0.045079924,0.009748029,0.006770079,0.003099912,0.93300945
sample/renders/0815Cinderace-Gigantamax.png,0815Cinderace-Gigantamax.png,renders/0815Cinderace-Gigantamax.png,fire,fire,0.7955288,flying,0.18742079,electric,0.03170755,0.006865342,0.03170755,0.7955288,0.18742079,0.000945793,0.008974512,0.02079204,0.007227808,0.006642015,0.0127772605
sample/renders/0641 Tornadus.png,0641 Tornadus.png,renders/0641 Tornadus.png,poison,poison,0.5321669,psychic,0.3384681,grass,0.227875,0.15424517,0.00077077403,1.7523635e-05,0.1129052,0.227875,0.0034197934,0.018222151,0.5321669,0.3384681,0.008108931
sample/renders/0280 Ralts.png,0280 Ralts.png,renders/0280 Ralts.png,"grass,poison",grass,0.8711093,poison,0.5149754,psychic,0.14340629,0.084841184,0.0056956084,0.00014583643,0.13783266,0.8711093,0.0026102748,0.0042546308,0.5149754,0.14340629,0.011807227
sample/renders/0666 Vivillon Poké Ball.png,0666 Vivillon Poké Ball.png,renders/0666 Vivillon Poké Ball.png,water,water,0.52640027,flying,0.25311342,electric,0.17398846,0.045157515,0.17398846,0.018027656,0.25311342,0.05450189,0.007247262,0.04682674,0.12202508,0.0054292246,0.52640027
sample/renders/0629 Vullaby.png,0629 Vullaby.png,renders/0629 Vullaby.png,ground,ground,0.41823193,normal,0.21721846,psychic,0.13026053,0.08849831,0.003453835,0.000803444,0.046628017,0.011574932,0.41823193,0.21721846,0.009290537,0.13026053,0.032549925
sample/renders/0707 Klefki.png,0707 Klefki.png,renders/0707 Klefki.png,water,water,0.4107889,flying,0.15960005,electric,0.09906523,0.06888067,0.09906523,0.0006095748,0.15960005,0.026478505,0.020790149,0.0169642,0.013347108,0.054616842,0.4107889
sample/renders/0170 Chinchou.png,0170 Chinchou.png,renders/0170 Chinchou.png,water,water,0.61403114,poison,0.19114017,flying,0.13588296,0.02264987,0.043363106,0.0011997271,0.13588296,0.015051797,0.07336622,0.0022702983,0.19114017,0.041525785,0.61403114
sample/renders/0471 Glaceon.png,0471 Glaceon.png,renders/0471 Glaceon.png,water,water,0.5691283,flying,0.26038158,poison,0.118439905,0.009965726,0.08664446,0.00022568321,0.26038158,0.009137465,0.037838917,0.0007432978,0.118439905,0.005687506,0.5691283
sample/renders/0716 Xerneas.png,0716 Xerneas.png,renders/0716 Xerneas.png,flying,flying,0.5001229,water,0.20829587,poison,0.11113813,0.077314325,0.06770775,0.0010612609,0.5001229,0.025713328,0.047129896,0.013630237,0.11113813,0.023576036,0.20829587
sample/renders/0225 Delibird.png,0225 Delibird.png,renders/0225 Delibird.png,psychic,psychic,0.48910514,water,0.26120803,electric,0.11632788,0.020584363,0.11632788,0.022116607,0.080141045,0.022822797,0.005935878,0.089426555,0.010976908,0.48910514,0.26120803
sample/renders/0424 Ambipom.png,0424 Ambipom.png,renders/0424 Ambipom.png,normal,normal,0.32768852,flying,0.26166597,psychic,0.23269725,0.10580674,0.0014997042,0.0017697347,0.26166597,0.02876003,0.008148265,0.32768852,0.18378966,0.23269725,0.046216406
sample/renders/0146 Moltres.png,0146 Moltres.png,renders/0146 Moltres.png,normal,normal,0.40887406,flying,0.39730132,fire,0.39442983,0.013307233,0.016713759,0.39442983,0.39730132,0.0038877383,0.022350239,0.40887406,0.004979138,0.0011563816,0.08801262
sample/renders/0142 Aerodactyl.png,0142 Aerodactyl.png,renders/0142 Aerodactyl.png,flying,flying,0.5622504,psychic,0.3563035,poison,0.15839918,0.14700738,0.021709435,0.00021746976,0.5622504,0.005790792,0.02658131,0.03400142,0.15839918,0.3563035,0.11218655
sample/renders/0681 Aegislash.png,0681 Aegislash.png,renders/0681 Aegislash.png,bug,bug,0.27556485,flying,0.23789026,water,0.111401446,0.27556485,0.0893625,0.0026412506,0.23789026,0.02070302,0.046791293,0.094982296,0.039735075,0.10776041,0.111401446
sample/renders/0733 Toucannon.png,0733 Toucannon.png,renders/0733 Toucannon.png,electric,electric,0.18410759,flying,0.13370517,ground,0.12962009,0.074354194,0.18410759,0.032635145,0.13370517,0.024095986,0.12962009,0.11905875,0.08089692,0.12828912,0.079518415
sample/renders/0376 Metagross.png,0376 Metagross.png,renders/0376 Metagross.png,water,water,0.47529757,flying,0.34305972,poison,0.15239368,0.012366591,0.03287654,0.0009854448,0.34305972,0.040525768,0.08350306,0.0026475613,0.15239368,0.012455201,0.47529757
sample/renders/0176 Togetic.png,0176 Togetic.png,renders/0176 Togetic.png,electric,electric,0.2552506,flying,0.24688807,water,0.2176269,0.068912365,0.2552506,0.000824585,0.24688807,0.006307478,0.024580097,0.024258409,0.012466008,0.024212595,0.2176269
sample/renders/0967 Cyclizar.png,0967 Cyclizar.png,renders/0967 Cyclizar.png,flying,flying,0.35500214,poison,0.2513307,grass,0.17376454,0.11071631,0.08464484,0.00013045759,0.35500214,0.17376454,0.01235119,0.0006924399,0.2513307,0.013693109,0.12182411
sample/renders/0947 Brambleghast.png,0947 Brambleghast.png,renders/0947 Brambleghast.png,normal,normal,0.4912551,flying,0.24215133,ground,0.16422725,0.13410705,0.014845074,0.03449097,0.24215133,0.0096477205,0.16422725,0.4912551,0.008681829,0.015504943,0.0058486345
sample/renders/0643 Reshiram Activated.png,0643 Reshiram Activated.png,renders/0643 Reshiram Activated.png,flying,flying,0.61928535,bug,0.36473906,water,0.32845217,0.36473906,0.09532021,0.00015123274,0.61928535,0.037591036,0.004606925,0.0059397966,0.022254799,0.042798076,0.32845217
sample/renders/0521 Unfezant Female.png,0521 Unfezant Female.png,renders/0521 Unfezant Female.png,ground,ground,0.6521621,water,0.068884954,electric,0.05838346,0.04581458,0.05838346,0.00051298214,0.056067906,0.0029309646,0.6521621,0.020827416,0.024158208,0.04197798,0.068884954
sample/renders/0522 Blitzle.png,0522 Blitzle.png,renders/0522 Blitzle.png,ground,ground,0.27596915,bug,0.20532116,electric,0.12544054,0.20532116,0.12544054,0.00039130327,0.040255815,0.0037304123,0.27596915,0.004050468,0.033958446,0.032029152,0.05988297
sample/renders/0693 Clawitzer.png,0693 Clawitzer.png,renders/0693 Clawitzer.png,"flying,water",water,0.61973256,flying,0.51948065,poison,0.18746749,0.0062242826,0.005149059,0.00067428005,0.51948065,0.06440131,0.014957803,0.0018823086,0.18746749,0.003309686,0.61973256
sample/renders/0454 Toxicroak.png,0454 Toxicroak.png,renders/0454 Toxicroak.png,grass,grass,0.4895781,poison,0.32804236,flying,0.3146733,0.031185888,0.0011243101,0.0018303868,0.3146733,0.4895781,0.008088618,0.0039495337,0.32804236,0.005508898,0.23146026
sample/renders/0062 Poliwrath.png,0062 Poliwrath.png,renders/0062 Poliwrath.png,water,water,0.93662,flying,0.094990976,grass,0.034766715,0.01713632,0.0041079703,8.415148e-05,0.094990976,0.034766715,0.011217807,0.00013998928,0.02089757,0.0020207856,0.93662
sample/renders/0550 Basculin.png,0550 Basculin.png,renders/0550 Basculin.png,"bug,flying",bug,0.6039765,flying,0.5982162,grass,0.2024184,0.6039765,0.005037434,2.2528056e-05,0.5982162,0.2024184,0.00083117204,0.001058926,0.10030314,0.035664566,0.118840724
sample/renders/0032 Nidoran.png,0032 Nidoran.png,renders/0032 Nidoran.png,poison,poison,0.85434633,normal,0.31680012,ground,0.16525175,0.008932801,0.0002104307,0.0005553186,0.10507026,0.00015749903,0.16525175,0.31680012,0.85434633,0.018803613,0.0065248325
sample/renders/0704 Goomy.png,0704 Goomy.png,renders/0704 Goomy.png,psychic,psychic,0.52332914,poison,0.311328,bug,0.29695404,0.29695404,0.02285663,0.0007561631,0.14777337,0.018259041,0.030707726,0.092806354,0.311328,0.52332914,0.03161925
sample/renders/0533 Gurdurr.png,0533 Gurdurr.png,renders/0533 Gurdurr.png,normal,normal,0.73958725,psychic,0.356394,water,0.060963582,0.018944027,0.0019379877,0.0023657617,0.014657717,0.05242191,0.007622617,0.73958725,0.0112313805,0.356394,0.060963582
sample/renders/0123 Scyther.png,0123 Scyther.png,renders/0123 Scyther.png,"bug,flying",bug,0.90427786,flying,0.84769094,psychic,0.07158431,0.90427786,0.010253854,5.588407e-05,0.84769094,0.039941784,0.0036834246,0.0021207898,0.02064959,0.07158431,0.017638555
sample/renders/0858 Hatterene Gigantamax.png,0858 Hatterene Gigantamax.png,renders/0858 Hatterene Gigantamax.png,normal,normal,0.54492706,psychic,0.4683847,water,0.15555024,0.009726372,0.00039695823,8.939739e-05,0.014663325,0.015747689,0.008631844,0.54492706,0.03692111,0.4683847,0.15555024
sample/renders/0766 Passimian.png,0766 Passimian.png,renders/0766 Passimian.png,ground,ground,0.18471357,psychic,0.14490001,electric,0.13656788,0.10101313,0.13656788,0.0017317312,0.11105115,0.043206256,0.18471357,0.01691875,0.029137867,0.14490001,0.105003886
sample/renders/0718 Zygarde Cell.png,0718 Zygarde Cell.png,renders/0718 Zygarde Cell.png,bug,bug,0.9702233,flying,0.079765566,poison,0.04454582,0.9702233,0.0025502217,0.0003534561,0.079765566,0.027469715,0.0050464235,0.006508975,0.04454582,0.018349798,0.004325647
sample/renders/0781 Dhelmise.png,0781 Dhelmise.png,renders/0781 Dhelmise.png,water,water,0.41751885,flying,0.3383662,poison,0.30742124,0.10133416,0.013215705,0.002960567,0.3383662,0.03263297,0.010099387,0.030651055,0.30742124,0.08384707,0.41751885
sample/renders/0475 Gallade Mega.png,0475 Gallade Mega.png,renders/0475 Gallade Mega.png,water,water,0.42171317,flying,0.16291,electric,0.14663869,0.070933945,0.14663869,0.0003901203,0.16291,0.013310408,0.030043067,0.0027519732,0.11620326,0.012372067,0.42171317
sample/renders/0593 Jellicent.png,0593 Jellicent.png,renders/0593 Jellicent.png,flying,flying,0.5905927,bug,0.3001538,water,0.24556276,0.3001538,0.03310457,0.0004622371,0.5905927,0.013116942,0.008795117,0.059290707,0.16073713,0.21880035,0.24556276
sample/renders/0490 Manaphy.png,0490 Manaphy.png,renders/0490 Manaphy.png,water,water,0.79491436,flying,0.3914116,poison,0.09570771,0.0392385,0.010117733,0.00071090454,0.3914116,0.008278244,0.0056452323,0.0034487364,0.09570771,0.009328102,0.79491436
sample/renders/0723 Dartrix.png,0723 Dartrix.png,renders/0723 Dartrix.png,"flying,psychic",flying,0.5705891,psychic,0.5007515,bug,0.40351695,0.40351695,0.017137615,0.0074138534,0.5705891,0.2791138,0.02432491,0.08718975,0.07117309,0.5007515,0.043398242
sample/renders/0955 Flittle.png,0955 Flittle.png,renders/0955 Flittle.png,psychic,psychic,0.36933672,normal,0.24047023,flying,0.2382898,0.02958036,0.09279266,0.055320445,0.2382898,0.004712087,0.048638295,0.24047023,0.011977202,0.36933672,0.03131578
sample/renders/0953 Rellor.png,0953 Rellor.png,renders/0953 Rellor.png,normal,normal,0.45061415,ground,0.43041345,flying,0.15235424,0.10890116,0.03678833,0.0075793606,0.15235424,0.0015293997,0.43041345,0.45061415,0.035590403,0.026520364,0.03935586
sample/renders/0518 Musharna.png,0518 Musharna.png,renders/0518 Musharna.png,normal,normal,0.857198,water,0.25163403,psychic,0.11321438,0.003834323,0.019453254,0.0018718892,0.0026261471,0.0063108983,0.009641812,0.857198,0.008729676,0.11321438,0.25163403
sample/renders/0309 Electrike.png,0309 Electrike.png,renders/0309 Electrike.png,"bug,flying",bug,0.7205648,flying,0.59113973,psychic,0.12362381,0.7205648,0.01593128,0.00023302341,0.59113973,0.09351992,0.010248736,0.0072359294,0.050438117,0.12362381,0.0318517
sample/renders/0802 Marshadow.png,0802 Marshadow.png,renders/0802 Marshadow.png,ground,ground,0.56097317,water,0.37444797,poison,0.12164126,0.00767185,0.03954459,0.0008231597,0.030422844,0.003700691,0.56097317,0.0014415418,0.12164126,0.0159862,0.37444797
sample/renders/0345 Lileep.png,0345 Lileep.png,renders/0345 Lileep.png,normal,normal,0.6017255,psychic,0.4057596,grass,0.21642047,0.059298977,0.0025885142,0.00031246472,0.14099799,0.21642047,0.0097553255,0.6017255,0.11204887,0.4057596,0.060568247
sample/renders/0283 Surskit.png,0283 Surskit.png,renders/0283 Surskit.png,water,water,0.6077126,flying,0.41673204,poison,0.24348997,0.012048481,0.032605495,0.0017963545,0.41673204,0.020297263,0.02761764,0.0056561274,0.24348997,0.030662064,0.6077126
sample/renders/0710 Pumpkaboo.png,0710 Pumpkaboo.png,renders/0710 Pumpkaboo.png,ground,ground,0.7490908,normal,0.23065284,bug,0.089882314,0.089882314,0.021449924,0.052452598,0.048076805,0.005680215,0.7490908,0.23065284,0.01232608,0.020352539,0.005743203
sample/renders/0446 Munchlax.png,0446 Munchlax.png,renders/0446 Munchlax.png,water,water,0.8005294,ground,0.2045517,poison,0.09474235,0.0044709984,0.015128234,0.0006891298,0.047242496,0.0024674311,0.2045517,0.0034246675,0.09474235,0.004359504,0.8005294
sample/renders/0776 Turtonator.png,0776 Turtonator.png,renders/0776 Turtonator.png,fire,fire,0.5157131,flying,0.40454593,normal,0.15076767,0.028069148,0.014333648,0.5157131,0.40454593,0.0027745948,0.02286855,0.15076767,0.017290538,0.13634787,0.02278342
sample/renders/0023 Ekans.png,0023 Ekans.png,renders/0023 Ekans.png,poison,poison,0.58038956,normal,0.34703267,ground,0.09700677,0.025176825,0.00026008056,0.00039990066,0.0027844163,0.00022326049,0.09700677,0.34703267,0.58038956,0.07102503,0.01883253
sample/renders/0637 Volcarona.png,0637 Volcarona.png,renders/0637 Volcarona.png,fire,fire,0.5740066,water,0.24626867,flying,0.11845978,0.006214348,0.007024391,0.5740066,0.11845978,0.009189605,0.015665429,0.039449457,0.0068750647,0.0010810188,0.24626867
sample/renders/0918 Spidops.png,0918 Spidops.png,renders/0918 Spidops.png,flying,flying,0.42847112,psychic,0.28986692,bug,0.2682862,0.2682862,0.034317728,0.00047484072,0.42847112,0.16607188,0.011729616,0.049825307,0.025091453,0.28986692,0.03726422
sample/renders/0706 Goodra Hisui.png,0706 Goodra Hisui.png,renders/0706 Goodra Hisui.png,psychic,psychic,0.52780676,bug,0.39730886,flying,0.27513248,0.39730886,0.03513479,0.0005426925,0.27513248,0.009417166,0.034662515,0.054646518,0.108015105,0.52780676,0.039808344
sample/renders/0080 Slowbro.png,0080 Slowbro.png,renders/0080 Slowbro.png,normal,normal,0.84697205,psychic,0.3442693,water,0.08381757,0.004879648,0.002457599,0.00016595171,0.005189712,0.028897082,0.0059015052,0.84697205,0.0020204415,0.3442693,0.08381757
sample/renders/0926 Fidough.png,0926 Fidough.png,renders/0926 Fidough.png,normal,normal,0.2729139,flying,0.22699851,ground,0.13582219,0.006732938,0.103575826,0.08100519,0.22699851,0.0010668824,0.13582219,0.2729139,0.0032460433,0.01683435,0.037623502
sample/renders/0065 Alakazam.png,0065 Alakazam.png,renders/0065 Alakazam.png,psychic,psychic,0.8833658,electric,0.22367457,flying,0.09448326,0.029060788,0.22367457,0.0007078064,0.09448326,0.00041372454,0.055354763,0.012616611,0.006845397,0.8833658,0.0042868764
sample/renders/0423 Gastrodon.png,0423 Gastrodon.png,renders/0423 Gastrodon.png,"grass,poison",grass,0.7041087,poison,0.61265993,flying,0.24097607,0.103313506,0.0010873984,0.00082885346,0.24097607,0.7041087,0.0050597894,0.09092217,0.61265993,0.0895896,0.091608346
sample/renders/0155 Cyndaquil.png,0155 Cyndaquil.png,renders/0155 Cyndaquil.png,fire,fire,0.6428925,normal,0.3044487,flying,0.29012123,0.0009189743,0.010313179,0.6428925,0.29012123,0.00023892957,0.021347139,0.3044487,0.00035764728,0.00013300565,0.07465805
sample/renders/0724 Decidueye.png,0724 Decidueye.png,renders/0724 Decidueye.png,"flying,normal",flying,0.7299037,normal,0.5630181,fire,0.12680614,0.026317338,0.0029578882,0.12680614,0.7299037,0.03853867,0.02705976,0.5630181,0.0102725355,0.009412523,0.05208685
sample/renders/1012 Poltchageist.png,1012 Poltchageist.png,renders/1012 Poltchageist.png,grass,grass,0.27358046,psychic,0.23649988,ground,0.12430418,0.07002522,0.02868587,0.0006489982,0.11177569,0.27358046,0.12430418,0.04323161,0.014416851,0.23649988,0.09044636
sample/renders/0303 Mawile Mega.png,0303 Mawile Mega.png,renders/0303 Mawile Mega.png,psychic,psychic,0.2508022,bug,0.24860133,water,0.18831061,0.24860133,0.027757343,0.00020819627,0.12157483,0.03322668,0.03306128,0.01051963,0.0823487,0.2508022,0.18831061
sample/renders/0298 Azurill.png,0298 Azurill.png,renders/0298 Azurill.png,"flying,water",flying,0.6080239,water,0.52494633,poison,0.17357497,0.008266484,0.0016721572,0.0015987793,0.6080239,0.007855692,0.021396743,0.0054133856,0.17357497,0.016868794,0.52494633
sample/renders/0800 Necrozma Ultra.png,0800 Necrozma Ultra.png,renders/0800 Necrozma Ultra.png,flying,flying,0.3493888,normal,0.20798391,electric,0.07682964,0.037003856,0.07682964,0.005023932,0.3493888,0.009059763,0.020326633,0.20798391,0.002556409,0.06546409,0.027586114
sample/renders/0232 Donphan.png,0232 Donphan.png,renders/0232 Donphan.png,ground,ground,0.56610006,water,0.2526464,electric,0.20047902,0.0043329196,0.20047902,0.00023714006,0.01972582,0.0017273332,0.56610006,0.0003971636,0.042804733,0.005066919,0.2526464
sample/renders/0211 Qwilfish Hisui.png,0211 Qwilfish Hisui.png,renders/0211 Qwilfish Hisui.png,water,water,0.30656117,ground,0.18569651,flying,0.1482971,0.0043923985,0.00925948,0.0007902062,0.1482971,0.010957275,0.18569651,0.035041343,0.14475888,0.03675529,0.30656117
sample/renders/0718 Zygarde.png,0718 Zygarde.png,renders/0718 Zygarde.png,bug,bug,0.8329836,flying,0.38163126,psychic,0.10587044,0.8329836,0.03397605,0.0007304938,0.38163126,0.0062458157,0.09025344,0.017575769,0.05412988,0.10587044,0.014706182
sample/renders/0978 Tatsugiri Droopy.png,0978 Tatsugiri Droopy.png,renders/0978 Tatsugiri Droopy.png,electric,electric,0.695787,grass,0.25513905,poison,0.21815465,0.06354047,0.695787,0.0012596687,0.020683037,0.25513905,0.006787744,0.0347657,0.21815465,0.09516419,0.07230586
sample/renders/0796 Xurkitree.png,0796 Xurkitree.png,renders/0796 Xurkitree.png,water,water,0.3871323,flying,0.16732675,electric,0.14801013,0.014352071,0.14801013,0.00024118104,0.16732675,0.01949318,0.043035094,0.0039004853,0.010986044,0.018686742,0.3871323
sample/renders/0122 Mr. Mime .png,0122 Mr. Mime .png,renders/0122 Mr. Mime .png,psychic,psychic,0.8957591,water,0.22181422,normal,0.08771204,0.04025137,0.01455599,0.00012635248,0.0121568935,0.050815348,0.010255326,0.08771204,0.027747786,0.8957591,0.22181422
sample/renders/0913 Quaxwell.png,0913 Quaxwell.png,renders/0913 Quaxwell.png,water,water,0.8548469,flying,0.38602418,poison,0.03228219,0.015332249,0.011247543,0.0003888412,0.38602418,0.006049426,0.006939384,0.0019370955,0.03228219,0.00580783,0.8548469
sample/renders/0105 Marowak Alola.png,0105 Marowak Alola.png,renders/0105 Marowak Alola.png,flying,flying,0.16286208,water,0.15013377,ground,0.12004595,0.030366197,0.035533853,0.00017019972,0.16286208,0.0389964,0.12004595,0.010637077,0.055405714,0.07937624,0.15013377
sample/renders/0281 Kirlia.png,0281 Kirlia.png,renders/0281 Kirlia.png,grass,grass,0.5798985,psychic,0.3378152,bug,0.22584456,0.22584456,0.022075696,7.002852e-05,0.16222581,0.5798985,0.002763596,0.0011528519,0.058896914,0.3378152,0.09997339
sample/renders/0014 Kakuna.png,0014 Kakuna.png,renders/0014 Kakuna.png,psychic,psychic,0.43921337,ground,0.18822369,bug,0.12881255,0.12881255,0.12796855,0.0047940128,0.066667885,0.0014664723,0.18822369,0.014951433,0.10980622,0.43921337,0.03840144
sample/renders/0344 Claydol.png,0344 Claydol.png,renders/0344 Claydol.png,water,water,0.25188607,grass,0.24059686,poison,0.20416042,0.05923304,0.042659864,0.0009793447,0.023747794,0.24059686,0.018295389,0.043176517,0.20416042,0.12807626,0.25188607
sample/renders/0995 Iron Thorns.png,0995 Iron Thorns.png,renders/0995 Iron Thorns.png,bug,bug,0.97629625,flying,0.28093085,poison,0.045597244,0.97629625,0.0007467046,2.3389512e-05,0.28093085,0.013183023,0.0006372756,0.0008156701,0.045597244,0.016827833,0.0026845145
sample/renders/0081 Magnemite.png,0081 Magnemite.png,renders/0081 Magnemite.png,electric,electric,0.41963723,water,0.3370983,ground,0.12452171,0.025333727,0.41963723,0.00041030557,0.0902778,0.0016070735,0.12452171,0.005835018,0.02769637,0.015280782,0.3370983
sample/renders/0412 Burmy.png,0412 Burmy.png,renders/0412 Burmy.png,"bug,flying",bug,0.8702941,flying,0.6893978,psychic,0.1132479,0.8702941,0.0019917767,0.0014607869,0.6893978,0.09852134,0.0041192924,0.01546388,0.017286124,0.1132479,0.009935354
sample/renders/0436 Bronzor.png,0436 Bronzor.png,renders/0436 Bronzor.png,water,water,0.5737412,flying,0.47685757,poison,0.21963146,0.01936405,0.0045061144,0.0053687445,0.47685757,0.01250588,0.010509261,0.010006884,0.21963146,0.01984713,0.5737412
sample/renders/0385 Jirachi.png,0385 Jirachi.png,renders/0385 Jirachi.png,water,water,0.28696233,electric,0.28561988,normal,0.1260615,0.018572008,0.28561988,0.023586756,0.116314,0.0011579419,0.08673918,0.1260615,0.015917582,0.020309143,0.28696233
sample/renders/0531 Audino.png,0531 Audino.png,renders/0531 Audino.png,normal,normal,0.90316355,psychic,0.13874106,flying,0.0430035,0.0008750865,0.0019708618,0.011290674,0.0430035,0.0063098636,0.002852767,0.90316355,7.9134334e-05,0.13874106,0.04059121
sample/renders/0432 Purugly.png,0432 Purugly.png,renders/0432 Purugly.png,psychic,psychic,0.1914019,flying,0.1724137,ground,0.1353727,0.02098903,0.09784292,0.00023581093,0.1724137,0.0012672073,0.1353727,0.020850625,0.117305525,0.1914019,0.121643186
sample/renders/0094 Gengar Gigantamax.png,0094 Gengar Gigantamax.png,renders/0094 Gengar Gigantamax.png,poison,poison,0.7521043,water,0.1566255,bug,0.078750834,0.078750834,0.0010937913,0.0013596122,0.008822475,0.011490265,0.0601401,0.064111166,0.7521043,0.057659984,0.1566255
sample/renders/0826 Orbeetle Gigantamax.png,0826 Orbeetle Gigantamax.png,renders/0826 Orbeetle Gigantamax.png,poison,poison,0.29235157,fire,0.28543657,flying,0.13199799,0.024842707,0.054250743,0.28543657,0.13199799,0.06866022,0.0055222185,0.1312196,0.29235157,0.0837377,0.09844526
sample/renders/0586 Sawsbuck Autumn.png,0586 Sawsbuck Autumn.png,renders/0586 Sawsbuck Autumn.png,normal,normal,0.29132152,flying,0.25199834,ground,0.21303907,0.15797722,0.025368387,0.02526266,0.25199834,0.020065868,0.21303907,0.29132152,0.05504294,0.06237146,0.07943813
sample/renders/0916 Oinkologne.png,0916 Oinkologne.png,renders/0916 Oinkologne.png,poison,poison,0.3607486,water,0.21424855,flying,0.20327643,0.06416127,0.0113455625,0.017524026,0.20327643,0.06599464,0.059370354,0.16517262,0.3607486,0.14520745,0.21424855
sample/renders/0618 Stunfisk Galar.png,0618 Stunfisk Galar.png,renders/0618 Stunfisk Galar.png,ground,ground,0.59810466,bug,0.2148078,psychic,0.07367991,0.2148078,0.027904574,0.0020289365,0.060339957,0.010154955,0.59810466,0.010424612,0.017042993,0.07367991,0.030422652
sample/renders/0862 Obstagoon.png,0862 Obstagoon.png,renders/0862 Obstagoon.png,ground,ground,0.48224434,water,0.28245372,electric,0.114431165,0.015548581,0.114431165,0.00016219621,0.035679705,0.0014567716,0.48224434,0.00089146424,0.014710951,0.011212564,0.28245372
sample/renders/0263 Zigzagoon Galar.png,0263 Zigzagoon Galar.png,renders/0263 Zigzagoon Galar.png,bug,bug,0.3634437,flying,0.35476208,psychic,0.1671418,0.3634437,0.04343533,0.00020587014,0.35476208,0.0062780515,0.060222954,0.006719702,0.04146178,0.1671418,0.16571248
sample/renders/0832 Dubwool.png,0832 Dubwool.png,renders/0832 Dubwool.png,ground,ground,0.74126416,electric,0.078539625,psychic,0.053747017,0.02616277,0.078539625,0.0003857544,0.019794019,0.00057309243,0.74126416,0.01991487,0.022957161,0.053747017,0.026427109
sample/renders/0333 Swablu.png,0333 Swablu.png,renders/0333 Swablu.png,water,water,0.69511354,flying,0.42937145,poison,0.16770226,0.0049413857,0.0071189594,0.00021739637,0.42937145,0.017869629,0.010200239,0.000955885,0.16770226,0.0019253046,0.69511354
sample/renders/0759 Stufful.png,0759 Stufful.png,renders/0759 Stufful.png,psychic,psychic,0.48110297,normal,0.22437602,grass,0.14650333,0.123806745,0.0064606383,0.00075372256,0.01693099,0.14650333,0.025382929,0.22437602,0.016775822,0.48110297,0.07980586
sample/renders/0794 Buzzwole.png,0794 Buzzwole.png,renders/0794 Buzzwole.png,fire,fire,0.81903034,flying,0.08876992,bug,0.07228071,0.07228071,0.0017549321,0.81903034,0.08876992,0.06481715,0.0023677996,0.020675892,0.0030618948,0.0018041151,0.051416386
sample/renders/0479 Rotom Phone SV.png,0479 Rotom Phone SV.png,renders/0479 Rotom Phone SV.png,fire,fire,0.77973604,water,0.2077972,flying,0.074789755,0.022457784,0.013363732,0.77973604,0.074789755,0.012247905,0.0069608567,0.032766182,0.0021135013,0.009210453,0.2077972
sample/renders/0100 Voltorb Hisui.png,0100 Voltorb Hisui.png,renders/0100 Voltorb Hisui.png,fire,fire,0.62677294,ground,0.14794353,water,0.12641065,0.02200597,0.0050791516,0.62677294,0.11224714,0.0019472926,0.14794353,0.03608186,0.0039889957,0.00034452145,0.12641065
sample/renders/0431 Glameow.png,0431 Glameow.png,renders/0431 Glameow.png,flying,flying,0.46263045,water,0.22765386,poison,0.17595896,0.056580167,0.025663761,0.00013321536,0.46263045,0.008962806,0.07285466,0.0025537235,0.17595896,0.02546713,0.22765386
sample/renders/0983 Kingambit.png,0983 Kingambit.png,renders/0983 Kingambit.png,flying,flying,0.4024358,normal,0.2922517,bug,0.2536271,0.2536271,0.055688944,0.14803867,0.4024358,0.030453155,0.039821442,0.2922517,0.1026901,0.18326287,0.064504534
sample/renders/0409 Rampardos.png,0409 Rampardos.png,renders/0409 Rampardos.png,ground,ground,0.47985718,water,0.18833688,electric,0.14578514,0.011631944,0.14578514,0.00026005058,0.104714885,0.0018943815,0.47985718,0.0012693203,0.022765968,0.005346435,0.18833688
sample/renders/0521 Unfezant.png,0521 Unfezant.png,renders/0521 Unfezant.png,ground,ground,0.21325754,poison,0.121468715,flying,0.107166305,0.10049372,0.08603953,0.0018259346,0.107166305,0.003609004,0.21325754,0.024278339,0.121468715,0.03844913,0.087702826
sample/renders/0128 Tauros Paldea Blaze.png,0128 Tauros Paldea Blaze.png,renders/0128 Tauros Paldea Blaze.png,ground,ground,0.64597595,water,0.10701816,electric,0.087577395,0.0068873586,0.087577395,0.00089706364,0.047775883,0.00085552473,0.64597595,0.0030739498,0.058846127,0.024105385,0.10701816
sample/renders/0082 Magneton.png,0082 Magneton.png,renders/0082 Magneton.png,electric,electric,0.36882585,water,0.36231333,flying,0.17874143,0.17457543,0.36882585,0.00059851643,0.17874143,0.003563482,0.04750829,0.002155316,0.013141587,0.0057084206,0.36231333
sample/renders/0191 Sunkern.png,0191 Sunkern.png,renders/0191 Sunkern.png,psychic,psychic,0.8566595,bug,0.11107624,grass,0.09516402,0.11107624,0.094658576,0.0018063486,0.06761307,0.09516402,0.03245059,0.052119292,0.048236173,0.8566595,0.017793776
sample/renders/0834 Drednaw.png,0834 Drednaw.png,renders/0834 Drednaw.png,water,water,0.43640748,flying,0.36002535,normal,0.24880071,0.02849454,0.023762727,0.033989407,0.36002535,0.013605091,0.049348343,0.24880071,0.1985368,0.013132662,0.43640748
sample/renders/0976 Veluza.png,0976 Veluza.png,renders/0976 Veluza.png,poison,poison,0.4597964,psychic,0.26783028,bug,0.14902034,0.14902034,0.0051867613,0.00035498448,0.07136793,0.013237287,0.04030415,0.073730476,0.4597964,0.26783028,0.09895505
sample/renders/0475 Gallade.png,0475 Gallade.png,renders/0475 Gallade.png,"grass,psychic",grass,0.73585,psychic,0.71811444,flying,0.18125594,0.07015346,0.012173906,0.00069473387,0.18125594,0.73585,0.014003008,0.0198844,0.100667864,0.71811444,0.0677286
sample/renders/0706 Goodra.png,0706 Goodra.png,renders/0706 Goodra.png,psychic,psychic,0.42674804,bug,0.38775438,poison,0.22546622,0.38775438,0.024246475,0.00040502095,0.12030591,0.012211512,0.041003402,0.061998215,0.22546622,0.42674804,0.085443914
sample/renders/0308 Medicham Mega.png,0308 Medicham Mega.png,renders/0308 Medicham Mega.png,psychic,psychic,0.54836315,flying,0.29246032,water,0.19714311,0.1881899,0.019791732,0.00047228436,0.29246032,0.16132678,0.009385153,0.07885315,0.022127217,0.54836315,0.19714311
sample/renders/0362 Glalie Mega.png,0362 Glalie Mega.png,renders/0362 Glalie Mega.png,water,water,0.29775363,ground,0.29700089,flying,0.14534113,0.026744433,0.045926474,0.00028803627,0.14534113,0.0030476807,0.29700089,0.00020858932,0.035922453,0.005949365,0.29775363
sample/renders/0258 Mudkip.png,0258 Mudkip.png,renders/0258 Mudkip.png,water,water,0.438448,flying,0.42537197,poison,0.15039918,0.037826248,0.0053002494,0.0182694,0.42537197,0.028723672,0.023882058,0.009870664,0.15039918,0.0067164074,0.438448
sample/renders/0694 Helioptile.png,0694 Helioptile.png,renders/0694 Helioptile.png,psychic,psychic,0.17817725,ground,0.14671183,bug,0.14379218,0.14379218,0.11710001,0.003920976,0.11883857,0.00055150467,0.14671183,0.028168866,0.12176018,0.17817725,0.05465291
sample/renders/0825 Dottler.png,0825 Dottler.png,renders/0825 Dottler.png,psychic,psychic,0.5632506,electric,0.20695855,flying,0.08580389,0.071080506,0.20695855,0.0030938098,0.08580389,0.00029871275,0.06546621,0.021394223,0.050548077,0.5632506,0.04786352
sample/renders/0022 Fearow.png,0022 Fearow.png,renders/0022 Fearow.png,normal,normal,0.6575372,flying,0.4148587,ground,0.091622636,0.054723248,0.02179769,0.048774045,0.4148587,0.0028247172,0.091622636,0.6575372,0.008427491,0.0029706822,0.0045971554
sample/renders/0282 Gardevoir Mega.png,0282 Gardevoir Mega.png,renders/0282 Gardevoir Mega.png,flying,flying,0.3237596,water,0.14138578,poison,0.11775885,0.103603214,0.039115,0.0012380535,0.3237596,0.051678073,0.026809977,0.038795643,0.11775885,0.101237305,0.14138578
sample/renders/0044 Gloom.png,0044 Gloom.png,renders/0044 Gloom.png,"grass,poison",grass,0.9394029,poison,0.8178462,normal,0.06678062,0.0010919498,0.0008624236,0.043488365,0.03291668,0.9394029,0.024961011,0.06678062,0.8178462,0.0012732792,0.027785674
sample/renders/0227 Skarmory.png,0227 Skarmory.png,renders/0227 Skarmory.png,flying,flying,0.62201774,bug,0.43616584,water,0.29655075,0.43616584,0.039145596,0.0006181131,0.62201774,0.038764264,0.010621657,0.014114953,0.17758812,0.1176752,0.29655075
